#VRML V2.0 utf8
# 3D model generated by easyeda2kicad.py (https://github.com/uPesy/easyeda2kicad.py)

Shape{
    appearance Appearance {
        material  Material 	{
            diffuseColor 0.2235294117647059 0.2235294117647059 0.2235294117647059
            specularColor 0.11372549019607843 0.11372549019607843 0.11372549019607843
            ambientIntensity 0.2235
            transparency 0.0
            shininess 0.5
        }
    }
    geometry IndexedFaceSet {
        ccw TRUE
        solid FALSE
        coord DEF co Coordinate {
            point [
                3.002 -2.2626 0.874, 3.002 -3.05 0.874, 3.002 -2.2626 0.126, 3.002 -3.05 0.126, 2.9823 -3.2468 0.8937, 2.8839 -3.2468 0.9921, 2.0217 -3.2468 0.8937, 2.1201 -3.2468 0.9921, 2.628 -2.2626 0.374, 2.8839 -2.2626 0.0079, 2.376 -2.2626 0.374, 2.1201 -2.2626 0.0079, 2.002 -2.2626 0.126, 2.002 -2.2626 0.874, 2.376 -2.2626 0.626, 2.1201 -2.2626 0.9921, 2.628 -2.2626 0.626, 2.8839 -2.2626 0.9921, 2.002 -3.05 0.126, 2.002 -3.05 0.874, 2.0217 -3.2468 0.1063, 2.1201 -3.2468 0.0079, 2.9823 -3.2468 0.1063, 2.8839 -3.2468 0.0079, 2.0217 -3.05 0.1063, 2.9823 -3.05 0.1063, 2.0217 -3.05 0.8937, 2.9823 -3.05 0.8937, 2.628 -3.05 0.374, 2.376 -3.05 0.374, 2.376 -3.05 0.626, 2.628 -3.05 0.626
            ]
        }
        coordIndex [
            0,1,2,-1,2,1,3,-1,4,5,6,-1,6,5,7,-1,8,9,10,-1,10,9,11,-1,11,12,10,-1,10,12,13,-1,10,13,14,-1,14,13,15,-1,14,15,16,-1,16,15,17,-1,16,17,8,-1,8,17,0,-1,8,0,9,-1,9,0,2,-1,12,18,13,-1,13,18,19,-1,20,21,22,-1,22,21,23,-1,7,5,15,-1,15,5,17,-1,11,9,21,-1,21,9,23,-1,21,20,24,-1,18,12,24,-1,24,12,11,-1,24,11,21,-1,22,23,25,-1,25,23,9,-1,25,9,3,-1,3,9,2,-1,6,7,26,-1,26,7,15,-1,26,15,19,-1,19,15,13,-1,5,4,27,-1,1,0,27,-1,27,0,17,-1,27,17,5,-1,27,4,26,-1,26,4,6,-1,22,25,20,-1,20,25,24,-1,28,29,24,-1,30,31,27,-1,27,26,30,-1,30,26,19,-1,30,19,29,-1,29,19,18,-1,29,18,24,-1,24,25,28,-1,28,25,3,-1,28,3,31,-1,31,3,1,-1,31,1,27,-1,
        ]
    }
}
Shape{
    appearance Appearance {
        material  Material 	{
            diffuseColor 1.0 1.0 0.0
            specularColor 0.5019607843137255 0.5019607843137255 0.0
            ambientIntensity 0.886
            transparency 0.0
            shininess 0.5
        }
    }
    geometry IndexedFaceSet {
        ccw TRUE
        solid FALSE
        coord DEF co Coordinate {
            point [
                2.628 -3.1348 0.626, 2.376 -3.1348 0.626, 2.376 -3.1886 0.6215, 2.628 -3.1886 0.6215, 2.376 -3.2409 0.6081, 2.628 -3.2409 0.6081, 2.628 -4.2529 0.2559, 2.376 -4.2529 0.2559, 2.628 -4.2644 0.253, 2.376 -4.2644 0.253, 2.628 -4.2762 0.252, 2.376 -4.2762 0.252, 2.628 -4.5067 0.252, 2.376 -4.5067 0.252, 2.4393 -4.7429 0.1887, 2.4393 -4.7429 0.0633, 2.5647 -4.7429 0.1887, 2.5647 -4.7429 0.0633, 2.376 -4.5067 0.0, 2.376 -4.2762 0.0, 2.628 -4.5067 0.0, 2.628 -4.2762 0.0, 2.376 -4.2224 0.0045, 2.628 -4.2224 0.0045, 2.376 -4.1701 0.0179, 2.628 -4.1701 0.0179, 2.628 -3.1581 0.3701, 2.376 -3.1581 0.3701, 2.628 -3.1466 0.373, 2.376 -3.1466 0.373, 2.628 -3.1348 0.374, 2.376 -3.1348 0.374, 2.376 -3.05 0.374, 2.376 -3.05 0.626, 2.628 -3.05 0.626, 2.628 -3.05 0.374, 2.628 -0.1366 0.374, 2.628 -2.2626 0.374, 2.376 -0.1366 0.374, 2.376 -2.2626 0.374, 2.376 -0.1366 0.626, 2.376 -2.2626 0.626, 2.628 -0.1366 0.626, 2.628 -2.2626 0.626, 2.4393 0.0996 0.4373, 2.4393 0.0996 0.5627, 2.5647 0.0996 0.4373, 2.5647 0.0996 0.5627
            ]
        }
        coordIndex [
            0,1,2,-1,0,2,3,-1,3,2,4,-1,3,4,5,-1,6,5,7,-1,7,5,4,-1,6,7,8,-1,8,7,9,-1,8,9,10,-1,10,9,11,-1,12,10,13,-1,13,10,11,-1,14,15,16,-1,16,15,17,-1,18,19,20,-1,20,19,21,-1,21,19,22,-1,21,22,23,-1,23,22,24,-1,23,24,25,-1,26,25,27,-1,27,25,24,-1,26,27,28,-1,28,27,29,-1,28,29,30,-1,30,29,31,-1,18,13,19,-1,19,13,11,-1,19,11,22,-1,22,11,9,-1,22,9,24,-1,24,9,7,-1,24,7,27,-1,27,7,4,-1,27,4,29,-1,29,4,2,-1,29,2,31,-1,31,2,1,-1,31,1,32,-1,32,1,33,-1,12,20,10,-1,10,20,21,-1,10,21,8,-1,8,21,23,-1,8,23,6,-1,6,23,25,-1,6,25,5,-1,5,25,26,-1,5,26,3,-1,3,26,28,-1,3,28,0,-1,0,28,30,-1,0,30,34,-1,34,30,35,-1,33,1,34,-1,34,1,0,-1,30,31,35,-1,35,31,32,-1,36,37,38,-1,38,37,39,-1,40,41,42,-1,42,41,43,-1,42,43,36,-1,36,43,37,-1,38,39,40,-1,40,39,41,-1,44,45,46,-1,46,45,47,-1,20,17,18,-1,18,17,15,-1,12,16,20,-1,20,16,17,-1,14,13,15,-1,15,13,18,-1,13,14,12,-1,12,14,16,-1,42,47,40,-1,40,47,45,-1,36,46,42,-1,42,46,47,-1,44,38,45,-1,45,38,40,-1,38,44,36,-1,36,44,46,-1,
        ]
    }
}
Shape{
    appearance Appearance {
        material  Material 	{
            diffuseColor 0.2235294117647059 0.2235294117647059 0.2235294117647059
            specularColor 0.11372549019607843 0.11372549019607843 0.11372549019607843
            ambientIntensity 0.2235
            transparency 0.0
            shininess 0.5
        }
    }
    geometry IndexedFaceSet {
        ccw TRUE
        solid FALSE
        coord DEF co Coordinate {
            point [
                4.002 -2.2626 0.874, 4.002 -3.05 0.874, 4.002 -2.2626 0.126, 4.002 -3.05 0.126, 3.9823 -3.2468 0.8937, 3.8839 -3.2468 0.9921, 3.0217 -3.2468 0.8937, 3.1201 -3.2468 0.9921, 3.628 -2.2626 0.374, 3.8839 -2.2626 0.0079, 3.376 -2.2626 0.374, 3.1201 -2.2626 0.0079, 3.002 -2.2626 0.126, 3.002 -2.2626 0.874, 3.376 -2.2626 0.626, 3.1201 -2.2626 0.9921, 3.628 -2.2626 0.626, 3.8839 -2.2626 0.9921, 3.002 -3.05 0.126, 3.002 -3.05 0.874, 3.0217 -3.2468 0.1063, 3.1201 -3.2468 0.0079, 3.9823 -3.2468 0.1063, 3.8839 -3.2468 0.0079, 3.0217 -3.05 0.1063, 3.9823 -3.05 0.1063, 3.0217 -3.05 0.8937, 3.9823 -3.05 0.8937, 3.628 -3.05 0.374, 3.376 -3.05 0.374, 3.376 -3.05 0.626, 3.628 -3.05 0.626
            ]
        }
        coordIndex [
            0,1,2,-1,2,1,3,-1,4,5,6,-1,6,5,7,-1,8,9,10,-1,10,9,11,-1,11,12,10,-1,10,12,13,-1,10,13,14,-1,14,13,15,-1,14,15,16,-1,16,15,17,-1,16,17,8,-1,8,17,0,-1,8,0,9,-1,9,0,2,-1,12,18,13,-1,13,18,19,-1,20,21,22,-1,22,21,23,-1,7,5,15,-1,15,5,17,-1,11,9,21,-1,21,9,23,-1,21,20,24,-1,18,12,24,-1,24,12,11,-1,24,11,21,-1,22,23,25,-1,25,23,9,-1,25,9,3,-1,3,9,2,-1,6,7,26,-1,26,7,15,-1,26,15,19,-1,19,15,13,-1,5,4,27,-1,1,0,27,-1,27,0,17,-1,27,17,5,-1,27,4,26,-1,26,4,6,-1,22,25,20,-1,20,25,24,-1,28,29,24,-1,30,31,27,-1,27,26,30,-1,30,26,19,-1,30,19,29,-1,29,19,18,-1,29,18,24,-1,24,25,28,-1,28,25,3,-1,28,3,31,-1,31,3,1,-1,31,1,27,-1,
        ]
    }
}
Shape{
    appearance Appearance {
        material  Material 	{
            diffuseColor 1.0 1.0 0.0
            specularColor 0.5019607843137255 0.5019607843137255 0.0
            ambientIntensity 0.886
            transparency 0.0
            shininess 0.5
        }
    }
    geometry IndexedFaceSet {
        ccw TRUE
        solid FALSE
        coord DEF co Coordinate {
            point [
                3.628 -3.1348 0.626, 3.376 -3.1348 0.626, 3.376 -3.1886 0.6215, 3.628 -3.1886 0.6215, 3.376 -3.2409 0.6081, 3.628 -3.2409 0.6081, 3.628 -4.2529 0.2559, 3.376 -4.2529 0.2559, 3.628 -4.2644 0.253, 3.376 -4.2644 0.253, 3.628 -4.2762 0.252, 3.376 -4.2762 0.252, 3.628 -4.5067 0.252, 3.376 -4.5067 0.252, 3.4393 -4.7429 0.1887, 3.4393 -4.7429 0.0633, 3.5647 -4.7429 0.1887, 3.5647 -4.7429 0.0633, 3.376 -4.5067 0.0, 3.376 -4.2762 0.0, 3.628 -4.5067 0.0, 3.628 -4.2762 0.0, 3.376 -4.2224 0.0045, 3.628 -4.2224 0.0045, 3.376 -4.1701 0.0179, 3.628 -4.1701 0.0179, 3.628 -3.1581 0.3701, 3.376 -3.1581 0.3701, 3.628 -3.1466 0.373, 3.376 -3.1466 0.373, 3.628 -3.1348 0.374, 3.376 -3.1348 0.374, 3.376 -3.05 0.374, 3.376 -3.05 0.626, 3.628 -3.05 0.626, 3.628 -3.05 0.374, 3.628 -0.1366 0.374, 3.628 -2.2626 0.374, 3.376 -0.1366 0.374, 3.376 -2.2626 0.374, 3.376 -0.1366 0.626, 3.376 -2.2626 0.626, 3.628 -0.1366 0.626, 3.628 -2.2626 0.626, 3.4393 0.0996 0.4373, 3.4393 0.0996 0.5627, 3.5647 0.0996 0.4373, 3.5647 0.0996 0.5627
            ]
        }
        coordIndex [
            0,1,2,-1,0,2,3,-1,3,2,4,-1,3,4,5,-1,6,5,7,-1,7,5,4,-1,6,7,8,-1,8,7,9,-1,8,9,10,-1,10,9,11,-1,12,10,13,-1,13,10,11,-1,14,15,16,-1,16,15,17,-1,18,19,20,-1,20,19,21,-1,21,19,22,-1,21,22,23,-1,23,22,24,-1,23,24,25,-1,26,25,27,-1,27,25,24,-1,26,27,28,-1,28,27,29,-1,28,29,30,-1,30,29,31,-1,18,13,19,-1,19,13,11,-1,19,11,22,-1,22,11,9,-1,22,9,24,-1,24,9,7,-1,24,7,27,-1,27,7,4,-1,27,4,29,-1,29,4,2,-1,29,2,31,-1,31,2,1,-1,31,1,32,-1,32,1,33,-1,12,20,10,-1,10,20,21,-1,10,21,8,-1,8,21,23,-1,8,23,6,-1,6,23,25,-1,6,25,5,-1,5,25,26,-1,5,26,3,-1,3,26,28,-1,3,28,0,-1,0,28,30,-1,0,30,34,-1,34,30,35,-1,33,1,34,-1,34,1,0,-1,30,31,35,-1,35,31,32,-1,36,37,38,-1,38,37,39,-1,40,41,42,-1,42,41,43,-1,42,43,36,-1,36,43,37,-1,38,39,40,-1,40,39,41,-1,44,45,46,-1,46,45,47,-1,20,17,18,-1,18,17,15,-1,12,16,20,-1,20,16,17,-1,14,13,15,-1,15,13,18,-1,13,14,12,-1,12,14,16,-1,42,47,40,-1,40,47,45,-1,36,46,42,-1,42,46,47,-1,44,38,45,-1,45,38,40,-1,38,44,36,-1,36,44,46,-1,
        ]
    }
}
Shape{
    appearance Appearance {
        material  Material 	{
            diffuseColor 0.2235294117647059 0.2235294117647059 0.2235294117647059
            specularColor 0.11372549019607843 0.11372549019607843 0.11372549019607843
            ambientIntensity 0.2235
            transparency 0.0
            shininess 0.5
        }
    }
    geometry IndexedFaceSet {
        ccw TRUE
        solid FALSE
        coord DEF co Coordinate {
            point [
                2.002 -2.2626 0.874, 2.002 -3.05 0.874, 2.002 -2.2626 0.126, 2.002 -3.05 0.126, 1.9823 -3.2468 0.8937, 1.8839 -3.2468 0.9921, 1.0217 -3.2468 0.8937, 1.1201 -3.2468 0.9921, 1.628 -2.2626 0.374, 1.8839 -2.2626 0.0079, 1.376 -2.2626 0.374, 1.1201 -2.2626 0.0079, 1.002 -2.2626 0.126, 1.002 -2.2626 0.874, 1.376 -2.2626 0.626, 1.1201 -2.2626 0.9921, 1.628 -2.2626 0.626, 1.8839 -2.2626 0.9921, 1.002 -3.05 0.126, 1.002 -3.05 0.874, 1.0217 -3.2468 0.1063, 1.1201 -3.2468 0.0079, 1.9823 -3.2468 0.1063, 1.8839 -3.2468 0.0079, 1.0217 -3.05 0.1063, 1.9823 -3.05 0.1063, 1.0217 -3.05 0.8937, 1.9823 -3.05 0.8937, 1.628 -3.05 0.374, 1.376 -3.05 0.374, 1.376 -3.05 0.626, 1.628 -3.05 0.626
            ]
        }
        coordIndex [
            0,1,2,-1,2,1,3,-1,4,5,6,-1,6,5,7,-1,8,9,10,-1,10,9,11,-1,11,12,10,-1,10,12,13,-1,10,13,14,-1,14,13,15,-1,14,15,16,-1,16,15,17,-1,16,17,8,-1,8,17,0,-1,8,0,9,-1,9,0,2,-1,12,18,13,-1,13,18,19,-1,20,21,22,-1,22,21,23,-1,7,5,15,-1,15,5,17,-1,11,9,21,-1,21,9,23,-1,21,20,24,-1,18,12,24,-1,24,12,11,-1,24,11,21,-1,22,23,25,-1,25,23,9,-1,25,9,3,-1,3,9,2,-1,6,7,26,-1,26,7,15,-1,26,15,19,-1,19,15,13,-1,5,4,27,-1,1,0,27,-1,27,0,17,-1,27,17,5,-1,27,4,26,-1,26,4,6,-1,22,25,20,-1,20,25,24,-1,28,29,24,-1,30,31,27,-1,27,26,30,-1,30,26,19,-1,30,19,29,-1,29,19,18,-1,29,18,24,-1,24,25,28,-1,28,25,3,-1,28,3,31,-1,31,3,1,-1,31,1,27,-1,
        ]
    }
}
Shape{
    appearance Appearance {
        material  Material 	{
            diffuseColor 1.0 1.0 0.0
            specularColor 0.5019607843137255 0.5019607843137255 0.0
            ambientIntensity 0.886
            transparency 0.0
            shininess 0.5
        }
    }
    geometry IndexedFaceSet {
        ccw TRUE
        solid FALSE
        coord DEF co Coordinate {
            point [
                1.628 -3.1348 0.626, 1.376 -3.1348 0.626, 1.376 -3.1886 0.6215, 1.628 -3.1886 0.6215, 1.376 -3.2409 0.6081, 1.628 -3.2409 0.6081, 1.628 -4.2529 0.2559, 1.376 -4.2529 0.2559, 1.628 -4.2644 0.253, 1.376 -4.2644 0.253, 1.628 -4.2762 0.252, 1.376 -4.2762 0.252, 1.628 -4.5067 0.252, 1.376 -4.5067 0.252, 1.4393 -4.7429 0.1887, 1.4393 -4.7429 0.0633, 1.5647 -4.7429 0.1887, 1.5647 -4.7429 0.0633, 1.376 -4.5067 0.0, 1.376 -4.2762 0.0, 1.628 -4.5067 0.0, 1.628 -4.2762 0.0, 1.376 -4.2224 0.0045, 1.628 -4.2224 0.0045, 1.376 -4.1701 0.0179, 1.628 -4.1701 0.0179, 1.628 -3.1581 0.3701, 1.376 -3.1581 0.3701, 1.628 -3.1466 0.373, 1.376 -3.1466 0.373, 1.628 -3.1348 0.374, 1.376 -3.1348 0.374, 1.376 -3.05 0.374, 1.376 -3.05 0.626, 1.628 -3.05 0.626, 1.628 -3.05 0.374, 1.628 -0.1366 0.374, 1.628 -2.2626 0.374, 1.376 -0.1366 0.374, 1.376 -2.2626 0.374, 1.376 -0.1366 0.626, 1.376 -2.2626 0.626, 1.628 -0.1366 0.626, 1.628 -2.2626 0.626, 1.4393 0.0996 0.4373, 1.4393 0.0996 0.5627, 1.5647 0.0996 0.4373, 1.5647 0.0996 0.5627
            ]
        }
        coordIndex [
            0,1,2,-1,0,2,3,-1,3,2,4,-1,3,4,5,-1,6,5,7,-1,7,5,4,-1,6,7,8,-1,8,7,9,-1,8,9,10,-1,10,9,11,-1,12,10,13,-1,13,10,11,-1,14,15,16,-1,16,15,17,-1,18,19,20,-1,20,19,21,-1,21,19,22,-1,21,22,23,-1,23,22,24,-1,23,24,25,-1,26,25,27,-1,27,25,24,-1,26,27,28,-1,28,27,29,-1,28,29,30,-1,30,29,31,-1,18,13,19,-1,19,13,11,-1,19,11,22,-1,22,11,9,-1,22,9,24,-1,24,9,7,-1,24,7,27,-1,27,7,4,-1,27,4,29,-1,29,4,2,-1,29,2,31,-1,31,2,1,-1,31,1,32,-1,32,1,33,-1,12,20,10,-1,10,20,21,-1,10,21,8,-1,8,21,23,-1,8,23,6,-1,6,23,25,-1,6,25,5,-1,5,25,26,-1,5,26,3,-1,3,26,28,-1,3,28,0,-1,0,28,30,-1,0,30,34,-1,34,30,35,-1,33,1,34,-1,34,1,0,-1,30,31,35,-1,35,31,32,-1,36,37,38,-1,38,37,39,-1,40,41,42,-1,42,41,43,-1,42,43,36,-1,36,43,37,-1,38,39,40,-1,40,39,41,-1,44,45,46,-1,46,45,47,-1,20,17,18,-1,18,17,15,-1,12,16,20,-1,20,16,17,-1,14,13,15,-1,15,13,18,-1,13,14,12,-1,12,14,16,-1,42,47,40,-1,40,47,45,-1,36,46,42,-1,42,46,47,-1,44,38,45,-1,45,38,40,-1,38,44,36,-1,36,44,46,-1,
        ]
    }
}
Shape{
    appearance Appearance {
        material  Material 	{
            diffuseColor 0.2235294117647059 0.2235294117647059 0.2235294117647059
            specularColor 0.11372549019607843 0.11372549019607843 0.11372549019607843
            ambientIntensity 0.2235
            transparency 0.0
            shininess 0.5
        }
    }
    geometry IndexedFaceSet {
        ccw TRUE
        solid FALSE
        coord DEF co Coordinate {
            point [
                1.002 -2.2626 0.874, 1.002 -3.05 0.874, 1.002 -2.2626 0.126, 1.002 -3.05 0.126, 0.9823 -3.2468 0.8937, 0.8839 -3.2468 0.9921, 0.0217 -3.2468 0.8937, 0.1201 -3.2468 0.9921, 0.376 -2.2626 0.626, 0.1201 -2.2626 0.9921, 0.628 -2.2626 0.626, 0.8839 -2.2626 0.9921, 0.628 -2.2626 0.374, 0.8839 -2.2626 0.0079, 0.376 -2.2626 0.374, 0.1201 -2.2626 0.0079, 0.002 -2.2626 0.126, 0.002 -2.2626 0.874, 0.002 -3.05 0.126, 0.002 -3.05 0.874, 0.0217 -3.2468 0.1063, 0.1201 -3.2468 0.0079, 0.9823 -3.2468 0.1063, 0.8839 -3.2468 0.0079, 0.0217 -3.05 0.1063, 0.9823 -3.05 0.1063, 0.0217 -3.05 0.8937, 0.9823 -3.05 0.8937, 0.628 -3.05 0.374, 0.376 -3.05 0.374, 0.376 -3.05 0.626, 0.628 -3.05 0.626
            ]
        }
        coordIndex [
            0,1,2,-1,2,1,3,-1,4,5,6,-1,6,5,7,-1,8,9,10,-1,10,9,11,-1,10,11,12,-1,0,2,13,-1,11,0,12,-1,12,0,13,-1,12,13,14,-1,14,13,15,-1,14,15,8,-1,8,15,16,-1,8,16,9,-1,9,16,17,-1,16,18,17,-1,17,18,19,-1,20,21,22,-1,22,21,23,-1,7,5,9,-1,9,5,11,-1,15,13,21,-1,21,13,23,-1,21,20,24,-1,18,16,24,-1,24,16,15,-1,24,15,21,-1,22,23,25,-1,25,23,13,-1,25,13,3,-1,3,13,2,-1,6,7,26,-1,26,7,9,-1,26,9,19,-1,19,9,17,-1,5,4,27,-1,1,0,27,-1,27,0,11,-1,27,11,5,-1,27,4,26,-1,26,4,6,-1,22,25,20,-1,20,25,24,-1,28,29,24,-1,30,31,27,-1,27,26,30,-1,30,26,19,-1,30,19,29,-1,29,19,18,-1,29,18,24,-1,24,25,28,-1,28,25,3,-1,28,3,31,-1,31,3,1,-1,31,1,27,-1,
        ]
    }
}
Shape{
    appearance Appearance {
        material  Material 	{
            diffuseColor 1.0 1.0 0.0
            specularColor 0.5019607843137255 0.5019607843137255 0.0
            ambientIntensity 0.886
            transparency 0.0
            shininess 0.5
        }
    }
    geometry IndexedFaceSet {
        ccw TRUE
        solid FALSE
        coord DEF co Coordinate {
            point [
                0.628 -3.1348 0.626, 0.376 -3.1348 0.626, 0.376 -3.1886 0.6215, 0.628 -3.1886 0.6215, 0.376 -3.2409 0.6081, 0.628 -3.2409 0.6081, 0.628 -4.2529 0.2559, 0.376 -4.2529 0.2559, 0.628 -4.2644 0.253, 0.376 -4.2644 0.253, 0.628 -4.2762 0.252, 0.376 -4.2762 0.252, 0.628 -4.5067 0.252, 0.376 -4.5067 0.252, 0.4393 -4.7429 0.1887, 0.4393 -4.7429 0.0633, 0.5647 -4.7429 0.1887, 0.5647 -4.7429 0.0633, 0.376 -4.5067 0.0, 0.376 -4.2762 0.0, 0.628 -4.5067 0.0, 0.628 -4.2762 0.0, 0.376 -4.2224 0.0045, 0.628 -4.2224 0.0045, 0.376 -4.1701 0.0179, 0.628 -4.1701 0.0179, 0.628 -3.1581 0.3701, 0.376 -3.1581 0.3701, 0.628 -3.1466 0.373, 0.376 -3.1466 0.373, 0.628 -3.1348 0.374, 0.376 -3.1348 0.374, 0.376 -3.05 0.374, 0.376 -3.05 0.626, 0.628 -3.05 0.626, 0.628 -3.05 0.374, 0.628 -0.1366 0.374, 0.628 -2.2626 0.374, 0.376 -0.1366 0.374, 0.376 -2.2626 0.374, 0.376 -0.1366 0.626, 0.376 -2.2626 0.626, 0.628 -0.1366 0.626, 0.628 -2.2626 0.626, 0.4393 0.0996 0.4373, 0.4393 0.0996 0.5627, 0.5647 0.0996 0.4373, 0.5647 0.0996 0.5627
            ]
        }
        coordIndex [
            0,1,2,-1,0,2,3,-1,3,2,4,-1,3,4,5,-1,6,5,7,-1,7,5,4,-1,6,7,8,-1,8,7,9,-1,8,9,10,-1,10,9,11,-1,12,10,13,-1,13,10,11,-1,14,15,16,-1,16,15,17,-1,18,19,20,-1,20,19,21,-1,21,19,22,-1,21,22,23,-1,23,22,24,-1,23,24,25,-1,26,25,27,-1,27,25,24,-1,26,27,28,-1,28,27,29,-1,28,29,30,-1,30,29,31,-1,18,13,19,-1,19,13,11,-1,19,11,22,-1,22,11,9,-1,22,9,24,-1,24,9,7,-1,24,7,27,-1,27,7,4,-1,27,4,29,-1,29,4,2,-1,29,2,31,-1,31,2,1,-1,31,1,32,-1,32,1,33,-1,12,20,10,-1,10,20,21,-1,10,21,8,-1,8,21,23,-1,8,23,6,-1,6,23,25,-1,6,25,5,-1,5,25,26,-1,5,26,3,-1,3,26,28,-1,3,28,0,-1,0,28,30,-1,0,30,34,-1,34,30,35,-1,33,1,34,-1,34,1,0,-1,30,31,35,-1,35,31,32,-1,36,37,38,-1,38,37,39,-1,40,41,42,-1,42,41,43,-1,42,43,36,-1,36,43,37,-1,38,39,40,-1,40,39,41,-1,44,45,46,-1,46,45,47,-1,20,17,18,-1,18,17,15,-1,12,16,20,-1,20,16,17,-1,14,13,15,-1,15,13,18,-1,13,14,12,-1,12,14,16,-1,42,47,40,-1,40,47,45,-1,36,46,42,-1,42,46,47,-1,44,38,45,-1,45,38,40,-1,38,44,36,-1,36,44,46,-1,
        ]
    }
}
Shape{
    appearance Appearance {
        material  Material 	{
            diffuseColor 0.2235294117647059 0.2235294117647059 0.2235294117647059
            specularColor 0.11372549019607843 0.11372549019607843 0.11372549019607843
            ambientIntensity 0.2235
            transparency 0.0
            shininess 0.5
        }
    }
    geometry IndexedFaceSet {
        ccw TRUE
        solid FALSE
        coord DEF co Coordinate {
            point [
                0.002 -2.2626 0.874, 0.002 -3.05 0.874, 0.002 -2.2626 0.126, 0.002 -3.05 0.126, -0.0177 -3.2468 0.8937, -0.1161 -3.2468 0.9921, -0.9783 -3.2468 0.8937, -0.8799 -3.2468 0.9921, -0.624 -2.2626 0.626, -0.8799 -2.2626 0.9921, -0.372 -2.2626 0.626, -0.1161 -2.2626 0.9921, -0.372 -2.2626 0.374, -0.1161 -2.2626 0.0079, -0.624 -2.2626 0.374, -0.8799 -2.2626 0.0079, -0.998 -2.2626 0.126, -0.998 -2.2626 0.874, -0.998 -3.05 0.126, -0.998 -3.05 0.874, -0.9783 -3.2468 0.1063, -0.8799 -3.2468 0.0079, -0.0177 -3.2468 0.1063, -0.1161 -3.2468 0.0079, -0.9783 -3.05 0.1063, -0.0177 -3.05 0.1063, -0.9783 -3.05 0.8937, -0.0177 -3.05 0.8937, -0.372 -3.05 0.374, -0.624 -3.05 0.374, -0.624 -3.05 0.626, -0.372 -3.05 0.626
            ]
        }
        coordIndex [
            0,1,2,-1,2,1,3,-1,4,5,6,-1,6,5,7,-1,8,9,10,-1,10,9,11,-1,10,11,12,-1,0,2,13,-1,11,0,12,-1,12,0,13,-1,12,13,14,-1,14,13,15,-1,14,15,8,-1,8,15,16,-1,8,16,9,-1,9,16,17,-1,16,18,17,-1,17,18,19,-1,20,21,22,-1,22,21,23,-1,7,5,9,-1,9,5,11,-1,15,13,21,-1,21,13,23,-1,21,20,24,-1,18,16,24,-1,24,16,15,-1,24,15,21,-1,22,23,25,-1,25,23,13,-1,25,13,3,-1,3,13,2,-1,6,7,26,-1,26,7,9,-1,26,9,19,-1,19,9,17,-1,5,4,27,-1,1,0,27,-1,27,0,11,-1,27,11,5,-1,27,4,26,-1,26,4,6,-1,22,25,20,-1,20,25,24,-1,28,29,24,-1,30,31,27,-1,27,26,30,-1,30,26,19,-1,30,19,29,-1,29,19,18,-1,29,18,24,-1,24,25,28,-1,28,25,3,-1,28,3,31,-1,31,3,1,-1,31,1,27,-1,
        ]
    }
}
Shape{
    appearance Appearance {
        material  Material 	{
            diffuseColor 1.0 1.0 0.0
            specularColor 0.5019607843137255 0.5019607843137255 0.0
            ambientIntensity 0.886
            transparency 0.0
            shininess 0.5
        }
    }
    geometry IndexedFaceSet {
        ccw TRUE
        solid FALSE
        coord DEF co Coordinate {
            point [
                -0.372 -3.1348 0.626, -0.624 -3.1348 0.626, -0.624 -3.1886 0.6215, -0.372 -3.1886 0.6215, -0.624 -3.2409 0.6081, -0.372 -3.2409 0.6081, -0.372 -4.2529 0.2559, -0.624 -4.2529 0.2559, -0.372 -4.2644 0.253, -0.624 -4.2644 0.253, -0.372 -4.2762 0.252, -0.624 -4.2762 0.252, -0.372 -4.5067 0.252, -0.624 -4.5067 0.252, -0.5607 -4.7429 0.1887, -0.5607 -4.7429 0.0633, -0.4353 -4.7429 0.1887, -0.4353 -4.7429 0.0633, -0.624 -4.5067 0.0, -0.624 -4.2762 0.0, -0.372 -4.5067 0.0, -0.372 -4.2762 0.0, -0.624 -4.2224 0.0045, -0.372 -4.2224 0.0045, -0.624 -4.1701 0.0179, -0.372 -4.1701 0.0179, -0.372 -3.1581 0.3701, -0.624 -3.1581 0.3701, -0.372 -3.1466 0.373, -0.624 -3.1466 0.373, -0.372 -3.1348 0.374, -0.624 -3.1348 0.374, -0.624 -3.05 0.374, -0.624 -3.05 0.626, -0.372 -3.05 0.626, -0.372 -3.05 0.374, -0.372 -0.1366 0.374, -0.372 -2.2626 0.374, -0.624 -0.1366 0.374, -0.624 -2.2626 0.374, -0.624 -0.1366 0.626, -0.624 -2.2626 0.626, -0.372 -0.1366 0.626, -0.372 -2.2626 0.626, -0.5607 0.0996 0.4373, -0.5607 0.0996 0.5627, -0.4353 0.0996 0.4373, -0.4353 0.0996 0.5627
            ]
        }
        coordIndex [
            0,1,2,-1,0,2,3,-1,3,2,4,-1,3,4,5,-1,6,5,7,-1,7,5,4,-1,6,7,8,-1,8,7,9,-1,8,9,10,-1,10,9,11,-1,12,10,13,-1,13,10,11,-1,14,15,16,-1,16,15,17,-1,18,19,20,-1,20,19,21,-1,21,19,22,-1,21,22,23,-1,23,22,24,-1,23,24,25,-1,26,25,27,-1,27,25,24,-1,26,27,28,-1,28,27,29,-1,28,29,30,-1,30,29,31,-1,18,13,19,-1,19,13,11,-1,19,11,22,-1,22,11,9,-1,22,9,24,-1,24,9,7,-1,24,7,27,-1,27,7,4,-1,27,4,29,-1,29,4,2,-1,29,2,31,-1,31,2,1,-1,31,1,32,-1,32,1,33,-1,12,20,10,-1,10,20,21,-1,10,21,8,-1,8,21,23,-1,8,23,6,-1,6,23,25,-1,6,25,5,-1,5,25,26,-1,5,26,3,-1,3,26,28,-1,3,28,0,-1,0,28,30,-1,0,30,34,-1,34,30,35,-1,33,1,34,-1,34,1,0,-1,30,31,35,-1,35,31,32,-1,36,37,38,-1,38,37,39,-1,40,41,42,-1,42,41,43,-1,42,43,36,-1,36,43,37,-1,38,39,40,-1,40,39,41,-1,44,45,46,-1,46,45,47,-1,20,17,18,-1,18,17,15,-1,12,16,20,-1,20,16,17,-1,14,13,15,-1,15,13,18,-1,13,14,12,-1,12,14,16,-1,42,47,40,-1,40,47,45,-1,36,46,42,-1,42,46,47,-1,44,38,45,-1,45,38,40,-1,38,44,36,-1,36,44,46,-1,
        ]
    }
}
Shape{
    appearance Appearance {
        material  Material 	{
            diffuseColor 0.2235294117647059 0.2235294117647059 0.2235294117647059
            specularColor 0.11372549019607843 0.11372549019607843 0.11372549019607843
            ambientIntensity 0.2235
            transparency 0.0
            shininess 0.5
        }
    }
    geometry IndexedFaceSet {
        ccw TRUE
        solid FALSE
        coord DEF co Coordinate {
            point [
                -0.998 -2.2626 0.874, -0.998 -3.05 0.874, -0.998 -2.2626 0.126, -0.998 -3.05 0.126, -1.0177 -3.2468 0.8937, -1.1161 -3.2468 0.9921, -1.9783 -3.2468 0.8937, -1.8799 -3.2468 0.9921, -1.624 -2.2626 0.626, -1.8799 -2.2626 0.9921, -1.372 -2.2626 0.626, -1.1161 -2.2626 0.9921, -1.372 -2.2626 0.374, -1.1161 -2.2626 0.0079, -1.624 -2.2626 0.374, -1.8799 -2.2626 0.0079, -1.998 -2.2626 0.126, -1.998 -2.2626 0.874, -1.998 -3.05 0.126, -1.998 -3.05 0.874, -1.9783 -3.2468 0.1063, -1.8799 -3.2468 0.0079, -1.0177 -3.2468 0.1063, -1.1161 -3.2468 0.0079, -1.9783 -3.05 0.1063, -1.0177 -3.05 0.1063, -1.9783 -3.05 0.8937, -1.0177 -3.05 0.8937, -1.372 -3.05 0.374, -1.624 -3.05 0.374, -1.624 -3.05 0.626, -1.372 -3.05 0.626
            ]
        }
        coordIndex [
            0,1,2,-1,2,1,3,-1,4,5,6,-1,6,5,7,-1,8,9,10,-1,10,9,11,-1,10,11,12,-1,0,2,13,-1,11,0,12,-1,12,0,13,-1,12,13,14,-1,14,13,15,-1,14,15,8,-1,8,15,16,-1,8,16,9,-1,9,16,17,-1,16,18,17,-1,17,18,19,-1,20,21,22,-1,22,21,23,-1,7,5,9,-1,9,5,11,-1,15,13,21,-1,21,13,23,-1,21,20,24,-1,18,16,24,-1,24,16,15,-1,24,15,21,-1,22,23,25,-1,25,23,13,-1,25,13,3,-1,3,13,2,-1,6,7,26,-1,26,7,9,-1,26,9,19,-1,19,9,17,-1,5,4,27,-1,1,0,27,-1,27,0,11,-1,27,11,5,-1,27,4,26,-1,26,4,6,-1,22,25,20,-1,20,25,24,-1,28,29,24,-1,30,31,27,-1,27,26,30,-1,30,26,19,-1,30,19,29,-1,29,19,18,-1,29,18,24,-1,24,25,28,-1,28,25,3,-1,28,3,31,-1,31,3,1,-1,31,1,27,-1,
        ]
    }
}
Shape{
    appearance Appearance {
        material  Material 	{
            diffuseColor 1.0 1.0 0.0
            specularColor 0.5019607843137255 0.5019607843137255 0.0
            ambientIntensity 0.886
            transparency 0.0
            shininess 0.5
        }
    }
    geometry IndexedFaceSet {
        ccw TRUE
        solid FALSE
        coord DEF co Coordinate {
            point [
                -1.372 -3.1348 0.626, -1.624 -3.1348 0.626, -1.624 -3.1886 0.6215, -1.372 -3.1886 0.6215, -1.624 -3.2409 0.6081, -1.372 -3.2409 0.6081, -1.372 -4.2529 0.2559, -1.624 -4.2529 0.2559, -1.372 -4.2644 0.253, -1.624 -4.2644 0.253, -1.372 -4.2762 0.252, -1.624 -4.2762 0.252, -1.372 -4.5067 0.252, -1.624 -4.5067 0.252, -1.5607 -4.7429 0.1887, -1.5607 -4.7429 0.0633, -1.4353 -4.7429 0.1887, -1.4353 -4.7429 0.0633, -1.624 -4.5067 0.0, -1.624 -4.2762 0.0, -1.372 -4.5067 0.0, -1.372 -4.2762 0.0, -1.624 -4.2224 0.0045, -1.372 -4.2224 0.0045, -1.624 -4.1701 0.0179, -1.372 -4.1701 0.0179, -1.372 -3.1581 0.3701, -1.624 -3.1581 0.3701, -1.372 -3.1466 0.373, -1.624 -3.1466 0.373, -1.372 -3.1348 0.374, -1.624 -3.1348 0.374, -1.624 -3.05 0.374, -1.624 -3.05 0.626, -1.372 -3.05 0.626, -1.372 -3.05 0.374, -1.372 -0.1366 0.374, -1.372 -2.2626 0.374, -1.624 -0.1366 0.374, -1.624 -2.2626 0.374, -1.624 -0.1366 0.626, -1.624 -2.2626 0.626, -1.372 -0.1366 0.626, -1.372 -2.2626 0.626, -1.5607 0.0996 0.4373, -1.5607 0.0996 0.5627, -1.4353 0.0996 0.4373, -1.4353 0.0996 0.5627
            ]
        }
        coordIndex [
            0,1,2,-1,0,2,3,-1,3,2,4,-1,3,4,5,-1,6,5,7,-1,7,5,4,-1,6,7,8,-1,8,7,9,-1,8,9,10,-1,10,9,11,-1,12,10,13,-1,13,10,11,-1,14,15,16,-1,16,15,17,-1,18,19,20,-1,20,19,21,-1,21,19,22,-1,21,22,23,-1,23,22,24,-1,23,24,25,-1,26,25,27,-1,27,25,24,-1,26,27,28,-1,28,27,29,-1,28,29,30,-1,30,29,31,-1,18,13,19,-1,19,13,11,-1,19,11,22,-1,22,11,9,-1,22,9,24,-1,24,9,7,-1,24,7,27,-1,27,7,4,-1,27,4,29,-1,29,4,2,-1,29,2,31,-1,31,2,1,-1,31,1,32,-1,32,1,33,-1,12,20,10,-1,10,20,21,-1,10,21,8,-1,8,21,23,-1,8,23,6,-1,6,23,25,-1,6,25,5,-1,5,25,26,-1,5,26,3,-1,3,26,28,-1,3,28,0,-1,0,28,30,-1,0,30,34,-1,34,30,35,-1,33,1,34,-1,34,1,0,-1,30,31,35,-1,35,31,32,-1,36,37,38,-1,38,37,39,-1,40,41,42,-1,42,41,43,-1,42,43,36,-1,36,43,37,-1,38,39,40,-1,40,39,41,-1,44,45,46,-1,46,45,47,-1,20,17,18,-1,18,17,15,-1,12,16,20,-1,20,16,17,-1,14,13,15,-1,15,13,18,-1,13,14,12,-1,12,14,16,-1,42,47,40,-1,40,47,45,-1,36,46,42,-1,42,46,47,-1,44,38,45,-1,45,38,40,-1,38,44,36,-1,36,44,46,-1,
        ]
    }
}
Shape{
    appearance Appearance {
        material  Material 	{
            diffuseColor 0.2235294117647059 0.2235294117647059 0.2235294117647059
            specularColor 0.11372549019607843 0.11372549019607843 0.11372549019607843
            ambientIntensity 0.2235
            transparency 0.0
            shininess 0.5
        }
    }
    geometry IndexedFaceSet {
        ccw TRUE
        solid FALSE
        coord DEF co Coordinate {
            point [
                -1.998 -2.2626 0.874, -1.998 -3.05 0.874, -1.998 -2.2626 0.126, -1.998 -3.05 0.126, -2.0177 -3.2468 0.8937, -2.1161 -3.2468 0.9921, -2.9783 -3.2468 0.8937, -2.8799 -3.2468 0.9921, -2.372 -2.2626 0.374, -2.1161 -2.2626 0.0079, -2.624 -2.2626 0.374, -2.8799 -2.2626 0.0079, -2.998 -2.2626 0.126, -2.998 -2.2626 0.874, -2.624 -2.2626 0.626, -2.8799 -2.2626 0.9921, -2.372 -2.2626 0.626, -2.1161 -2.2626 0.9921, -2.998 -3.05 0.126, -2.998 -3.05 0.874, -2.9783 -3.2468 0.1063, -2.8799 -3.2468 0.0079, -2.0177 -3.2468 0.1063, -2.1161 -3.2468 0.0079, -2.9783 -3.05 0.1063, -2.0177 -3.05 0.1063, -2.9783 -3.05 0.8937, -2.0177 -3.05 0.8937, -2.372 -3.05 0.374, -2.624 -3.05 0.374, -2.624 -3.05 0.626, -2.372 -3.05 0.626
            ]
        }
        coordIndex [
            0,1,2,-1,2,1,3,-1,4,5,6,-1,6,5,7,-1,8,9,10,-1,10,9,11,-1,11,12,10,-1,10,12,13,-1,10,13,14,-1,14,13,15,-1,14,15,16,-1,16,15,17,-1,16,17,8,-1,8,17,0,-1,8,0,9,-1,9,0,2,-1,12,18,13,-1,13,18,19,-1,20,21,22,-1,22,21,23,-1,7,5,15,-1,15,5,17,-1,11,9,21,-1,21,9,23,-1,21,20,24,-1,18,12,24,-1,24,12,11,-1,24,11,21,-1,22,23,25,-1,25,23,9,-1,25,9,3,-1,3,9,2,-1,6,7,26,-1,26,7,15,-1,26,15,19,-1,19,15,13,-1,5,4,27,-1,1,0,27,-1,27,0,17,-1,27,17,5,-1,27,4,26,-1,26,4,6,-1,22,25,20,-1,20,25,24,-1,28,29,24,-1,30,31,27,-1,27,26,30,-1,30,26,19,-1,30,19,29,-1,29,19,18,-1,29,18,24,-1,24,25,28,-1,28,25,3,-1,28,3,31,-1,31,3,1,-1,31,1,27,-1,
        ]
    }
}
Shape{
    appearance Appearance {
        material  Material 	{
            diffuseColor 1.0 1.0 0.0
            specularColor 0.5019607843137255 0.5019607843137255 0.0
            ambientIntensity 0.886
            transparency 0.0
            shininess 0.5
        }
    }
    geometry IndexedFaceSet {
        ccw TRUE
        solid FALSE
        coord DEF co Coordinate {
            point [
                -2.372 -3.1348 0.626, -2.624 -3.1348 0.626, -2.624 -3.1886 0.6215, -2.372 -3.1886 0.6215, -2.624 -3.2409 0.6081, -2.372 -3.2409 0.6081, -2.372 -4.2529 0.2559, -2.624 -4.2529 0.2559, -2.372 -4.2644 0.253, -2.624 -4.2644 0.253, -2.372 -4.2762 0.252, -2.624 -4.2762 0.252, -2.372 -4.5067 0.252, -2.624 -4.5067 0.252, -2.5607 -4.7429 0.1887, -2.5607 -4.7429 0.0633, -2.4353 -4.7429 0.1887, -2.4353 -4.7429 0.0633, -2.624 -4.5067 0.0, -2.624 -4.2762 0.0, -2.372 -4.5067 0.0, -2.372 -4.2762 0.0, -2.624 -4.2224 0.0045, -2.372 -4.2224 0.0045, -2.624 -4.1701 0.0179, -2.372 -4.1701 0.0179, -2.372 -3.1581 0.3701, -2.624 -3.1581 0.3701, -2.372 -3.1466 0.373, -2.624 -3.1466 0.373, -2.372 -3.1348 0.374, -2.624 -3.1348 0.374, -2.624 -3.05 0.374, -2.624 -3.05 0.626, -2.372 -3.05 0.626, -2.372 -3.05 0.374, -2.372 -0.1366 0.374, -2.372 -2.2626 0.374, -2.624 -0.1366 0.374, -2.624 -2.2626 0.374, -2.624 -0.1366 0.626, -2.624 -2.2626 0.626, -2.372 -0.1366 0.626, -2.372 -2.2626 0.626, -2.5607 0.0996 0.4373, -2.5607 0.0996 0.5627, -2.4353 0.0996 0.4373, -2.4353 0.0996 0.5627
            ]
        }
        coordIndex [
            0,1,2,-1,0,2,3,-1,3,2,4,-1,3,4,5,-1,6,5,7,-1,7,5,4,-1,6,7,8,-1,8,7,9,-1,8,9,10,-1,10,9,11,-1,12,10,13,-1,13,10,11,-1,14,15,16,-1,16,15,17,-1,18,19,20,-1,20,19,21,-1,21,19,22,-1,21,22,23,-1,23,22,24,-1,23,24,25,-1,26,25,27,-1,27,25,24,-1,26,27,28,-1,28,27,29,-1,28,29,30,-1,30,29,31,-1,18,13,19,-1,19,13,11,-1,19,11,22,-1,22,11,9,-1,22,9,24,-1,24,9,7,-1,24,7,27,-1,27,7,4,-1,27,4,29,-1,29,4,2,-1,29,2,31,-1,31,2,1,-1,31,1,32,-1,32,1,33,-1,12,20,10,-1,10,20,21,-1,10,21,8,-1,8,21,23,-1,8,23,6,-1,6,23,25,-1,6,25,5,-1,5,25,26,-1,5,26,3,-1,3,26,28,-1,3,28,0,-1,0,28,30,-1,0,30,34,-1,34,30,35,-1,33,1,34,-1,34,1,0,-1,30,31,35,-1,35,31,32,-1,36,37,38,-1,38,37,39,-1,40,41,42,-1,42,41,43,-1,42,43,36,-1,36,43,37,-1,38,39,40,-1,40,39,41,-1,44,45,46,-1,46,45,47,-1,20,17,18,-1,18,17,15,-1,12,16,20,-1,20,16,17,-1,14,13,15,-1,15,13,18,-1,13,14,12,-1,12,14,16,-1,42,47,40,-1,40,47,45,-1,36,46,42,-1,42,46,47,-1,44,38,45,-1,45,38,40,-1,38,44,36,-1,36,44,46,-1,
        ]
    }
}
Shape{
    appearance Appearance {
        material  Material 	{
            diffuseColor 0.2235294117647059 0.2235294117647059 0.2235294117647059
            specularColor 0.11372549019607843 0.11372549019607843 0.11372549019607843
            ambientIntensity 0.2235
            transparency 0.0
            shininess 0.5
        }
    }
    geometry IndexedFaceSet {
        ccw TRUE
        solid FALSE
        coord DEF co Coordinate {
            point [
                -2.998 -2.2626 0.874, -2.998 -3.05 0.874, -2.998 -2.2626 0.126, -2.998 -3.05 0.126, -3.0177 -3.2468 0.8937, -3.1161 -3.2468 0.9921, -3.9783 -3.2468 0.8937, -3.8799 -3.2468 0.9921, -3.372 -2.2626 0.374, -3.1161 -2.2626 0.0079, -3.624 -2.2626 0.374, -3.8799 -2.2626 0.0079, -3.998 -2.2626 0.126, -3.998 -2.2626 0.874, -3.624 -2.2626 0.626, -3.8799 -2.2626 0.9921, -3.372 -2.2626 0.626, -3.1161 -2.2626 0.9921, -3.998 -3.05 0.126, -3.998 -3.05 0.874, -3.9783 -3.2468 0.1063, -3.8799 -3.2468 0.0079, -3.0177 -3.2468 0.1063, -3.1161 -3.2468 0.0079, -3.9783 -3.05 0.1063, -3.0177 -3.05 0.1063, -3.9783 -3.05 0.8937, -3.0177 -3.05 0.8937, -3.372 -3.05 0.374, -3.624 -3.05 0.374, -3.624 -3.05 0.626, -3.372 -3.05 0.626
            ]
        }
        coordIndex [
            0,1,2,-1,2,1,3,-1,4,5,6,-1,6,5,7,-1,8,9,10,-1,10,9,11,-1,11,12,10,-1,10,12,13,-1,10,13,14,-1,14,13,15,-1,14,15,16,-1,16,15,17,-1,16,17,8,-1,8,17,0,-1,8,0,9,-1,9,0,2,-1,12,18,13,-1,13,18,19,-1,20,21,22,-1,22,21,23,-1,7,5,15,-1,15,5,17,-1,11,9,21,-1,21,9,23,-1,21,20,24,-1,18,12,24,-1,24,12,11,-1,24,11,21,-1,22,23,25,-1,25,23,9,-1,25,9,3,-1,3,9,2,-1,6,7,26,-1,26,7,15,-1,26,15,19,-1,19,15,13,-1,5,4,27,-1,1,0,27,-1,27,0,17,-1,27,17,5,-1,27,4,26,-1,26,4,6,-1,22,25,20,-1,20,25,24,-1,28,29,24,-1,30,31,27,-1,27,26,30,-1,30,26,19,-1,30,19,29,-1,29,19,18,-1,29,18,24,-1,24,25,28,-1,28,25,3,-1,28,3,31,-1,31,3,1,-1,31,1,27,-1,
        ]
    }
}
Shape{
    appearance Appearance {
        material  Material 	{
            diffuseColor 1.0 1.0 0.0
            specularColor 0.5019607843137255 0.5019607843137255 0.0
            ambientIntensity 0.886
            transparency 0.0
            shininess 0.5
        }
    }
    geometry IndexedFaceSet {
        ccw TRUE
        solid FALSE
        coord DEF co Coordinate {
            point [
                -3.372 -3.1348 0.626, -3.624 -3.1348 0.626, -3.624 -3.1886 0.6215, -3.372 -3.1886 0.6215, -3.624 -3.2409 0.6081, -3.372 -3.2409 0.6081, -3.372 -4.2529 0.2559, -3.624 -4.2529 0.2559, -3.372 -4.2644 0.253, -3.624 -4.2644 0.253, -3.372 -4.2762 0.252, -3.624 -4.2762 0.252, -3.372 -4.5067 0.252, -3.624 -4.5067 0.252, -3.5607 -4.7429 0.1887, -3.5607 -4.7429 0.0633, -3.4353 -4.7429 0.1887, -3.4353 -4.7429 0.0633, -3.624 -4.5067 0.0, -3.624 -4.2762 0.0, -3.372 -4.5067 0.0, -3.372 -4.2762 0.0, -3.624 -4.2224 0.0045, -3.372 -4.2224 0.0045, -3.624 -4.1701 0.0179, -3.372 -4.1701 0.0179, -3.372 -3.1581 0.3701, -3.624 -3.1581 0.3701, -3.372 -3.1466 0.373, -3.624 -3.1466 0.373, -3.372 -3.1348 0.374, -3.624 -3.1348 0.374, -3.624 -3.05 0.374, -3.624 -3.05 0.626, -3.372 -3.05 0.626, -3.372 -3.05 0.374, -3.372 -0.1366 0.374, -3.372 -2.2626 0.374, -3.624 -0.1366 0.374, -3.624 -2.2626 0.374, -3.624 -0.1366 0.626, -3.624 -2.2626 0.626, -3.372 -0.1366 0.626, -3.372 -2.2626 0.626, -3.5607 0.0996 0.4373, -3.5607 0.0996 0.5627, -3.4353 0.0996 0.4373, -3.4353 0.0996 0.5627
            ]
        }
        coordIndex [
            0,1,2,-1,0,2,3,-1,3,2,4,-1,3,4,5,-1,6,5,7,-1,7,5,4,-1,6,7,8,-1,8,7,9,-1,8,9,10,-1,10,9,11,-1,12,10,13,-1,13,10,11,-1,14,15,16,-1,16,15,17,-1,18,19,20,-1,20,19,21,-1,21,19,22,-1,21,22,23,-1,23,22,24,-1,23,24,25,-1,26,25,27,-1,27,25,24,-1,26,27,28,-1,28,27,29,-1,28,29,30,-1,30,29,31,-1,18,13,19,-1,19,13,11,-1,19,11,22,-1,22,11,9,-1,22,9,24,-1,24,9,7,-1,24,7,27,-1,27,7,4,-1,27,4,29,-1,29,4,2,-1,29,2,31,-1,31,2,1,-1,31,1,32,-1,32,1,33,-1,12,20,10,-1,10,20,21,-1,10,21,8,-1,8,21,23,-1,8,23,6,-1,6,23,25,-1,6,25,5,-1,5,25,26,-1,5,26,3,-1,3,26,28,-1,3,28,0,-1,0,28,30,-1,0,30,34,-1,34,30,35,-1,33,1,34,-1,34,1,0,-1,30,31,35,-1,35,31,32,-1,36,37,38,-1,38,37,39,-1,40,41,42,-1,42,41,43,-1,42,43,36,-1,36,43,37,-1,38,39,40,-1,40,39,41,-1,44,45,46,-1,46,45,47,-1,20,17,18,-1,18,17,15,-1,12,16,20,-1,20,16,17,-1,14,13,15,-1,15,13,18,-1,13,14,12,-1,12,14,16,-1,42,47,40,-1,40,47,45,-1,36,46,42,-1,42,46,47,-1,44,38,45,-1,45,38,40,-1,38,44,36,-1,36,44,46,-1,
        ]
    }
}
Shape{
    appearance Appearance {
        material  Material 	{
            diffuseColor 1.0 1.0 1.0
            specularColor 0.5019607843137255 0.5019607843137255 0.5019607843137255
            ambientIntensity 1.0
            transparency 0.0
            shininess 0.5
        }
    }
    geometry IndexedFaceSet {
        ccw TRUE
        solid FALSE
        coord DEF co Coordinate {
            point [
                -4.002 -2.6664 0.323, -4.002 -2.6664 0.3154, -3.998 -2.6664 0.323, -3.998 -2.6664 0.3154, -4.002 -2.6398 0.323, -3.998 -2.6398 0.323, -4.002 -2.6398 0.3821, -3.998 -2.6398 0.3821, -4.002 -2.6312 0.3821, -3.998 -2.6312 0.3821, -4.002 -2.6312 0.3154, -3.998 -2.6312 0.3154, -4.002 -2.7006 0.3143, -3.998 -2.7006 0.3143, -3.998 -2.7047 0.3144, -4.002 -2.7047 0.3144, -3.998 -2.7085 0.3148, -4.002 -2.7085 0.3148, -3.998 -2.7119 0.3155, -4.002 -2.7119 0.3155, -3.998 -2.715 0.3164, -4.002 -2.715 0.3164, -3.998 -2.7178 0.3175, -4.002 -2.7178 0.3175, -3.998 -2.7191 0.3182, -4.002 -2.7191 0.3182, -4.002 -2.7191 0.3264, -3.998 -2.7191 0.3264, -3.998 -2.7166 0.325, -4.002 -2.7166 0.325, -3.998 -2.7139 0.3239, -4.002 -2.7139 0.3239, -3.998 -2.7111 0.3231, -4.002 -2.7111 0.3231, -3.998 -2.7081 0.3224, -4.002 -2.7081 0.3224, -3.998 -2.705 0.3221, -4.002 -2.705 0.3221, -3.998 -2.7019 0.3219, -4.002 -2.7019 0.3219, -3.998 -2.699 0.3221, -4.002 -2.699 0.3221, -3.998 -2.6962 0.3225, -4.002 -2.6962 0.3225, -3.998 -2.6937 0.3232, -4.002 -2.6937 0.3232, -3.998 -2.6914 0.3241, -4.002 -2.6914 0.3241, -3.998 -2.6892 0.3253, -4.002 -2.6892 0.3253, -3.998 -2.6872 0.3267, -4.002 -2.6872 0.3267, -3.998 -2.6854 0.3283, -4.002 -2.6854 0.3283, -3.998 -2.6847 0.329, -4.002 -2.6847 0.329, -3.998 -2.6831 0.3309, -4.002 -2.6831 0.3309, -3.998 -2.6817 0.333, -4.002 -2.6817 0.333, -3.998 -2.6806 0.3353, -4.002 -2.6806 0.3353, -3.998 -2.6796 0.3378, -4.002 -2.6796 0.3378, -3.998 -2.6789 0.3405, -4.002 -2.6789 0.3405, -3.998 -2.6784 0.3434, -4.002 -2.6784 0.3434, -3.998 -2.6782 0.3466, -4.002 -2.6782 0.3466, -3.998 -2.6782 0.348, -4.002 -2.6782 0.348, -3.998 -2.6783 0.3515, -4.002 -2.6783 0.3515, -3.998 -2.6787 0.3547, -4.002 -2.6787 0.3547, -3.998 -2.6794 0.3576, -4.002 -2.6794 0.3576, -3.998 -2.6803 0.3604, -4.002 -2.6803 0.3604, -3.998 -2.6815 0.3628, -4.002 -2.6815 0.3628, -3.998 -2.6828 0.3651, -4.002 -2.6828 0.3651, -3.998 -2.6844 0.3672, -4.002 -2.6844 0.3672, -3.998 -2.6852 0.3681, -4.002 -2.6852 0.3681, -3.998 -2.6871 0.3699, -4.002 -2.6871 0.3699, -3.998 -2.6892 0.3715, -4.002 -2.6892 0.3715, -3.998 -2.6914 0.3727, -4.002 -2.6914 0.3727, -3.998 -2.6937 0.3738, -4.002 -2.6937 0.3738, -3.998 -2.6961 0.3746, -4.002 -2.6961 0.3746, -3.998 -2.6988 0.3751, -4.002 -2.6988 0.3751, -3.998 -2.7015 0.3754, -4.002 -2.7015 0.3754, -3.998 -2.7034 0.3755, -4.002 -2.7034 0.3755, -3.998 -2.7066 0.3753, -4.002 -2.7066 0.3753, -3.998 -2.7097 0.3749, -4.002 -2.7097 0.3749, -3.998 -2.7126 0.3742, -4.002 -2.7126 0.3742, -3.998 -2.7154 0.3733, -4.002 -2.7154 0.3733, -3.998 -2.7181 0.372, -4.002 -2.7181 0.372, -3.998 -2.7191 0.3715, -4.002 -2.7191 0.3715, -4.002 -2.7191 0.3805, -3.998 -2.7191 0.3805, -3.998 -2.7165 0.3815, -4.002 -2.7165 0.3815, -3.998 -2.7137 0.3822, -4.002 -2.7137 0.3822, -3.998 -2.7105 0.3828, -4.002 -2.7105 0.3828, -3.998 -2.7069 0.3831, -4.002 -2.7069 0.3831, -3.998 -2.7033 0.3832, -4.002 -2.7033 0.3832, -3.998 -2.6998 0.3831, -4.002 -2.6998 0.3831, -3.998 -2.6965 0.3827, -4.002 -2.6965 0.3827, -3.998 -2.6934 0.382, -4.002 -2.6934 0.382, -3.998 -2.6904 0.3811, -4.002 -2.6904 0.3811, -3.998 -2.6877 0.3799, -4.002 -2.6877 0.3799, -3.998 -2.6851 0.3784, -4.002 -2.6851 0.3784, -3.998 -2.6826 0.3768, -4.002 -2.6826 0.3768, -3.998 -2.6803 0.3748, -4.002 -2.6803 0.3748, -3.998 -2.6788 0.3734, -4.002 -2.6788 0.3734, -3.998 -2.6767 0.3711, -4.002 -2.6767 0.3711, -3.998 -2.6749 0.3687, -4.002 -2.6749 0.3687, -3.998 -2.6734 0.3661, -4.002 -2.6734 0.3661, -3.998 -2.6721 0.3634, -4.002 -2.6721 0.3634, -3.998 -2.671 0.3605, -4.002 -2.671 0.3605, -3.998 -2.6702 0.3574, -4.002 -2.6702 0.3574, -3.998 -2.6696 0.3541, -4.002 -2.6696 0.3541, -3.998 -2.6692 0.3506, -4.002 -2.6692 0.3506, -3.998 -2.6691 0.3475, -4.002 -2.6691 0.3475, -3.998 -2.6693 0.3437, -4.002 -2.6693 0.3437, -3.998 -2.6697 0.3402, -4.002 -2.6697 0.3402, -3.998 -2.6704 0.3369, -4.002 -2.6704 0.3369, -3.998 -2.6713 0.3339, -4.002 -2.6713 0.3339, -3.998 -2.6725 0.3311, -4.002 -2.6725 0.3311, -3.998 -2.6738 0.3285, -4.002 -2.6738 0.3285, -3.998 -2.6754 0.3261, -4.002 -2.6754 0.3261, -3.998 -2.6772 0.324, -4.002 -2.6772 0.324, -3.998 -2.6777 0.3234, -4.002 -2.6777 0.3234, -3.998 -2.6798 0.3214, -4.002 -2.6798 0.3214, -3.998 -2.682 0.3196, -4.002 -2.682 0.3196, -3.998 -2.6844 0.3181, -4.002 -2.6844 0.3181, -3.998 -2.6869 0.3169, -4.002 -2.6869 0.3169, -3.998 -2.6895 0.3159, -4.002 -2.6895 0.3159, -3.998 -2.6924 0.3151, -4.002 -2.6924 0.3151, -3.998 -2.6954 0.3146, -4.002 -2.6954 0.3146, -3.998 -2.6987 0.3143, -4.002 -2.6987 0.3143, -4.002 -2.7683 0.323, -4.002 -2.7683 0.3154, -3.998 -2.7683 0.323, -3.998 -2.7683 0.3154, -4.002 -2.7411 0.323, -3.998 -2.7411 0.323, -4.002 -2.7411 0.3454, -3.998 -2.7411 0.3454, -4.002 -2.7649 0.3454, -3.998 -2.7649 0.3454, -4.002 -2.7649 0.3531, -3.998 -2.7649 0.3531, -4.002 -2.7411 0.3531, -3.998 -2.7411 0.3531, -4.002 -2.7411 0.3744, -3.998 -2.7411 0.3744, -4.002 -2.7668 0.3744, -3.998 -2.7668 0.3744, -4.002 -2.7668 0.3821, -3.998 -2.7668 0.3821, -4.002 -2.7325 0.3821, -3.998 -2.7325 0.3821, -4.002 -2.7325 0.3154, -3.998 -2.7325 0.3154, -4.002 -2.8117 0.3251, -4.002 -2.8163 0.3188, -4.002 -2.8141 0.3263, -4.002 -2.819 0.3202, -4.002 -2.8163 0.3276, -4.002 -2.8217 0.3218, -4.002 -2.8183 0.3292, -4.002 -2.8241 0.3237, -4.002 -2.8191 0.33, -4.002 -2.8252 0.3247, -4.002 -2.8208 0.3318, -4.002 -2.8273 0.3269, -4.002 -2.8222 0.3338, -4.002 -2.8292 0.3293, -4.002 -2.8235 0.336, -4.002 -2.8308 0.3317, -4.002 -2.8245 0.3384, -4.002 -2.8257 0.3558, -4.002 -2.834 0.3593, -4.002 -2.825 0.3586, -4.002 -2.8331 0.3621, -4.002 -2.8241 0.3611, -4.002 -2.8319 0.3648, -4.002 -2.823 0.3633, -4.002 -2.8305 0.3672, -4.002 -2.8216 0.3653, -4.002 -2.8288 0.3695, -4.002 -2.8269 0.3717, -4.002 -2.8201 0.367, -4.002 -2.8252 0.3733, -4.002 -2.8189 0.3682, -4.002 -2.8227 0.3753, -4.002 -2.8168 0.3698, -4.002 -2.8201 0.377, -4.002 -2.8146 0.3711, -4.002 -2.8174 0.3785, -4.002 -2.8122 0.3722, -4.002 -2.8145 0.3797, -4.002 -2.8096 0.3731, -4.002 -2.8114 0.3807, -4.002 -2.8068 0.3738, -4.002 -2.8082 0.3814, -4.002 -2.8037 0.3742, -4.002 -2.8048 0.3819, -4.002 -2.8005 0.3744, -4.002 -2.8012 0.3821, -4.002 -2.7996 0.3744, -4.002 -2.8 0.3821, -4.002 -2.7896 0.3744, -4.002 -2.781 0.3821, -4.002 -2.7896 0.323, -4.002 -2.781 0.3154, -4.002 -2.7993 0.323, -4.002 -2.7993 0.3154, -4.002 -2.8028 0.3231, -4.002 -2.8031 0.3155, -4.002 -2.806 0.3236, -4.002 -2.8068 0.316, -4.002 -2.809 0.3242, -4.002 -2.8102 0.3166, -4.002 -2.8133 0.3176, -4.002 -2.8322 0.3343, -4.002 -2.8333 0.3371, -4.002 -2.8253 0.3409, -4.002 -2.8342 0.34, -4.002 -2.8258 0.3438, -4.002 -2.8348 0.3431, -4.002 -2.8261 0.3468, -4.002 -2.8352 0.3464, -4.002 -2.8262 0.3494, -4.002 -2.8353 0.3496, -4.002 -2.8261 0.3527, -4.002 -2.8351 0.353, -4.002 -2.8347 0.3563, -3.998 -2.8168 0.3698, -3.998 -2.8227 0.3753, -3.998 -2.8189 0.3682, -3.998 -2.8252 0.3733, -3.998 -2.8201 0.367, -3.998 -2.8269 0.3717, -3.998 -2.8216 0.3653, -3.998 -2.8288 0.3695, -3.998 -2.823 0.3633, -3.998 -2.8305 0.3672, -3.998 -2.8241 0.3611, -3.998 -2.8319 0.3648, -3.998 -2.825 0.3586, -3.998 -2.8141 0.3263, -3.998 -2.8163 0.3188, -3.998 -2.8117 0.3251, -3.998 -2.8133 0.3176, -3.998 -2.809 0.3242, -3.998 -2.8102 0.3166, -3.998 -2.806 0.3236, -3.998 -2.8068 0.316, -3.998 -2.8028 0.3231, -3.998 -2.8031 0.3155, -3.998 -2.7993 0.323, -3.998 -2.7993 0.3154, -3.998 -2.7896 0.323, -3.998 -2.781 0.3154, -3.998 -2.7896 0.3744, -3.998 -2.781 0.3821, -3.998 -2.7996 0.3744, -3.998 -2.8 0.3821, -3.998 -2.8005 0.3744, -3.998 -2.8012 0.3821, -3.998 -2.8037 0.3742, -3.998 -2.8048 0.3819, -3.998 -2.8068 0.3738, -3.998 -2.8082 0.3814, -3.998 -2.8096 0.3731, -3.998 -2.8114 0.3807, -3.998 -2.8122 0.3722, -3.998 -2.8145 0.3797, -3.998 -2.8146 0.3711, -3.998 -2.8174 0.3785, -3.998 -2.8201 0.377, -3.998 -2.8253 0.3409, -3.998 -2.8333 0.3371, -3.998 -2.8245 0.3384, -3.998 -2.8322 0.3343, -3.998 -2.8235 0.336, -3.998 -2.8308 0.3317, -3.998 -2.8222 0.3338, -3.998 -2.8292 0.3293, -3.998 -2.8208 0.3318, -3.998 -2.8273 0.3269, -3.998 -2.8191 0.33, -3.998 -2.8252 0.3247, -3.998 -2.8183 0.3292, -3.998 -2.8241 0.3237, -3.998 -2.8163 0.3276, -3.998 -2.8217 0.3218, -3.998 -2.819 0.3202, -3.998 -2.8331 0.3621, -3.998 -2.834 0.3593, -3.998 -2.8257 0.3558, -3.998 -2.8347 0.3563, -3.998 -2.8261 0.3527, -3.998 -2.8351 0.353, -3.998 -2.8262 0.3494, -3.998 -2.8353 0.3496, -3.998 -2.8261 0.3468, -3.998 -2.8352 0.3464, -3.998 -2.8258 0.3438, -3.998 -2.8348 0.3431, -3.998 -2.8342 0.34, -4.002 -2.8576 0.3412, -4.002 -2.8676 0.3689, -4.002 -2.8644 0.3821, -4.002 -2.839 0.3154, -4.002 -2.8485 0.3154, -4.002 -2.8549 0.3336, -4.002 -2.8682 0.3709, -4.002 -2.8687 0.3736, -4.002 -2.8736 0.3821, -4.002 -2.8689 0.3736, -4.002 -2.8695 0.3708, -4.002 -2.87 0.3689, -4.002 -2.88 0.3412, -4.002 -2.899 0.3154, -4.002 -2.8895 0.3154, -4.002 -2.8827 0.3336, -3.998 -2.8549 0.3336, -3.998 -2.8576 0.3412, -3.998 -2.8827 0.3336, -3.998 -2.88 0.3412, -3.998 -2.87 0.3689, -3.998 -2.8736 0.3821, -3.998 -2.899 0.3154, -3.998 -2.8895 0.3154, -3.998 -2.8695 0.3708, -3.998 -2.8689 0.3736, -3.998 -2.8644 0.3821, -3.998 -2.8687 0.3736, -3.998 -2.8682 0.3709, -3.998 -2.8676 0.3689, -3.998 -2.839 0.3154, -3.998 -2.8485 0.3154, -4.002 -2.6671 0.2171, -4.002 -2.6671 0.2095, -3.998 -2.6671 0.2171, -3.998 -2.6671 0.2095, -4.002 -2.6398 0.2171, -3.998 -2.6398 0.2171, -4.002 -2.6398 0.2396, -3.998 -2.6398 0.2396, -4.002 -2.6637 0.2396, -3.998 -2.6637 0.2396, -4.002 -2.6637 0.2472, -3.998 -2.6637 0.2472, -4.002 -2.6398 0.2472, -3.998 -2.6398 0.2472, -4.002 -2.6398 0.2686, -3.998 -2.6398 0.2686, -4.002 -2.6656 0.2686, -3.998 -2.6656 0.2686, -4.002 -2.6656 0.2763, -3.998 -2.6656 0.2763, -4.002 -2.6312 0.2763, -3.998 -2.6312 0.2763, -4.002 -2.6312 0.2095, -3.998 -2.6312 0.2095, -4.002 -2.6894 0.231, -4.002 -2.6913 0.2315, -4.002 -2.7051 0.2398, -4.002 -2.6939 0.232, -4.002 -2.682 0.2351, -4.002 -2.6858 0.229, -4.002 -2.6868 0.2298, -4.002 -2.7021 0.2492, -4.002 -2.7066 0.2558, -4.002 -2.7011 0.25, -4.002 -2.7051 0.2566, -4.002 -2.7 0.2506, -4.002 -2.7034 0.2573, -4.002 -2.6987 0.2511, -4.002 -2.705 0.2285, -4.002 -2.7049 0.2267, -4.002 -2.7134 0.2402, -4.002 -2.6852 0.2183, -4.002 -2.6845 0.2193, -4.002 -2.6775 0.214, -4.002 -2.6804 0.234, -4.002 -2.6791 0.2329, -4.002 -2.685 0.2281, -4.002 -2.7051 0.2095, -4.002 -2.7134 0.2095, -4.002 -2.7051 0.2169, -4.002 -2.7046 0.2249, -4.002 -2.7036 0.2471, -4.002 -2.7102 0.2525, -4.002 -2.7029 0.2482, -4.002 -2.7091 0.2538, -4.002 -2.7079 0.2549, -4.002 -2.6789 0.2327, -4.002 -2.6778 0.2314, -4.002 -2.6844 0.2271, -4.002 -2.6769 0.2301, -4.002 -2.684 0.2259, -4.002 -2.6909 0.2379, -4.002 -2.6883 0.2374, -4.002 -2.6879 0.2304, -4.002 -2.6859 0.2367, -4.002 -2.6838 0.236, -4.002 -2.7046 0.2443, -4.002 -2.7125 0.2475, -4.002 -2.7042 0.2458, -4.002 -2.7119 0.2494, -4.002 -2.7111 0.2511, -4.002 -2.686 0.2174, -4.002 -2.6819 0.2103, -4.002 -2.687 0.2167, -4.002 -2.6835 0.2095, -4.002 -2.6882 0.2161, -4.002 -2.6852 0.209, -4.002 -2.6895 0.2156, -4.002 -2.6785 0.2128, -4.002 -2.6792 0.2122, -4.002 -2.6805 0.2111, -4.002 -2.6837 0.2216, -4.002 -2.6755 0.2185, -4.002 -2.684 0.2204, -4.002 -2.676 0.2169, -4.002 -2.6767 0.2154, -4.002 -2.7133 0.2429, -4.002 -2.7051 0.2335, -4.002 -2.7051 0.2289, -4.002 -2.7049 0.2425, -4.002 -2.713 0.2454, -4.002 -2.705 0.2404, -4.002 -2.6762 0.2286, -4.002 -2.6757 0.227, -4.002 -2.6837 0.2246, -4.002 -2.6753 0.2253, -4.002 -2.6836 0.223, -4.002 -2.7016 0.2578, -4.002 -2.6995 0.2581, -4.002 -2.6971 0.2514, -4.002 -2.6972 0.2583, -4.002 -2.6954 0.2515, -4.002 -2.6962 0.2583, -4.002 -2.6946 0.2515, -4.002 -2.6934 0.2582, -4.002 -2.6923 0.2513, -4.002 -2.6907 0.2579, -4.002 -2.6902 0.2509, -4.002 -2.6881 0.2574, -4.002 -2.688 0.2503, -4.002 -2.6857 0.2567, -4.002 -2.6859 0.2495, -4.002 -2.6834 0.2558, -4.002 -2.6838 0.2485, -4.002 -2.6813 0.2547, -4.002 -2.6818 0.2472, -4.002 -2.6798 0.2539, -4.002 -2.6798 0.2457, -4.002 -2.7041 0.2233, -4.002 -2.7034 0.2218, -4.002 -2.7048 0.2169, -4.002 -2.7025 0.2205, -4.002 -2.7044 0.2162, -4.002 -2.6941 0.2154, -4.002 -2.6961 0.2093, -4.002 -2.6958 0.2157, -4.002 -2.6977 0.21, -4.002 -2.6973 0.2162, -4.002 -2.6993 0.2109, -4.002 -2.6987 0.2169, -4.002 -2.6751 0.2233, -4.002 -2.6751 0.2223, -4.002 -2.6752 0.2203, -4.002 -2.7007 0.2119, -4.002 -2.702 0.2131, -4.002 -2.6999 0.2177, -4.002 -2.7033 0.2146, -4.002 -2.7011 0.2188, -4.002 -2.7015 0.2192, -4.002 -2.687 0.2086, -4.002 -2.6891 0.2084, -4.002 -2.6909 0.2154, -4.002 -2.6902 0.2084, -4.002 -2.6924 0.2153, -4.002 -2.6923 0.2085, -4.002 -2.6943 0.2088, -3.998 -2.6818 0.2472, -3.998 -2.6798 0.2457, -3.998 -2.6798 0.2539, -3.998 -2.7011 0.25, -3.998 -2.7066 0.2558, -3.998 -2.7021 0.2492, -3.998 -2.7079 0.2549, -3.998 -2.7029 0.2482, -3.998 -2.6852 0.2183, -3.998 -2.6775 0.214, -3.998 -2.6845 0.2193, -3.998 -2.6767 0.2154, -3.998 -2.684 0.2204, -3.998 -2.7046 0.2249, -3.998 -2.7049 0.2267, -3.998 -2.7134 0.2402, -3.998 -2.7044 0.2162, -3.998 -2.7033 0.2146, -3.998 -2.6999 0.2177, -3.998 -2.702 0.2131, -3.998 -2.6987 0.2169, -3.998 -2.7007 0.2119, -3.998 -2.6973 0.2162, -3.998 -2.6993 0.2109, -3.998 -2.6958 0.2157, -3.998 -2.7091 0.2538, -3.998 -2.7102 0.2525, -3.998 -2.7036 0.2471, -3.998 -2.7111 0.2511, -3.998 -2.7042 0.2458, -3.998 -2.6971 0.2514, -3.998 -2.6995 0.2581, -3.998 -2.6987 0.2511, -3.998 -2.7016 0.2578, -3.998 -2.7 0.2506, -3.998 -2.7034 0.2573, -3.998 -2.7051 0.2566, -3.998 -2.7041 0.2233, -3.998 -2.7051 0.2169, -3.998 -2.7051 0.2095, -3.998 -2.7134 0.2095, -3.998 -2.6858 0.229, -3.998 -2.682 0.2351, -3.998 -2.6868 0.2298, -3.998 -2.6838 0.236, -3.998 -2.6879 0.2304, -3.998 -2.6859 0.2367, -3.998 -2.6894 0.231, -3.998 -2.6883 0.2374, -3.998 -2.6913 0.2315, -3.998 -2.6909 0.2379, -3.998 -2.685 0.2281, -3.998 -2.6791 0.2329, -3.998 -2.6804 0.234, -3.998 -2.686 0.2174, -3.998 -2.6792 0.2122, -3.998 -2.6785 0.2128, -3.998 -2.687 0.2167, -3.998 -2.6819 0.2103, -3.998 -2.6805 0.2111, -3.998 -2.7011 0.2188, -3.998 -2.7015 0.2192, -3.998 -2.7048 0.2169, -3.998 -2.7025 0.2205, -3.998 -2.7034 0.2218, -3.998 -2.6844 0.2271, -3.998 -2.6778 0.2314, -3.998 -2.6789 0.2327, -3.998 -2.7051 0.2335, -3.998 -2.7133 0.2429, -3.998 -2.7051 0.2289, -3.998 -2.705 0.2285, -3.998 -2.676 0.2169, -3.998 -2.6755 0.2185, -3.998 -2.6837 0.2216, -3.998 -2.6909 0.2154, -3.998 -2.6891 0.2084, -3.998 -2.6895 0.2156, -3.998 -2.687 0.2086, -3.998 -2.6882 0.2161, -3.998 -2.6852 0.209, -3.998 -2.6835 0.2095, -3.998 -2.6977 0.21, -3.998 -2.6961 0.2093, -3.998 -2.6941 0.2154, -3.998 -2.6943 0.2088, -3.998 -2.6924 0.2153, -3.998 -2.6923 0.2085, -3.998 -2.6902 0.2084, -3.998 -2.7119 0.2494, -3.998 -2.7125 0.2475, -3.998 -2.7046 0.2443, -3.998 -2.713 0.2454, -3.998 -2.7049 0.2425, -3.998 -2.705 0.2404, -3.998 -2.7051 0.2398, -3.998 -2.6939 0.232, -3.998 -2.6837 0.2246, -3.998 -2.6757 0.227, -3.998 -2.684 0.2259, -3.998 -2.6762 0.2286, -3.998 -2.6769 0.2301, -3.998 -2.6752 0.2203, -3.998 -2.6751 0.2223, -3.998 -2.6836 0.223, -3.998 -2.6751 0.2233, -3.998 -2.6753 0.2253, -3.998 -2.6838 0.2485, -3.998 -2.6813 0.2547, -3.998 -2.6859 0.2495, -3.998 -2.6834 0.2558, -3.998 -2.688 0.2503, -3.998 -2.6857 0.2567, -3.998 -2.6902 0.2509, -3.998 -2.6881 0.2574, -3.998 -2.6923 0.2513, -3.998 -2.6907 0.2579, -3.998 -2.6946 0.2515, -3.998 -2.6934 0.2582, -3.998 -2.6954 0.2515, -3.998 -2.6962 0.2583, -3.998 -2.6972 0.2583, -4.002 -2.7385 0.2152, -3.998 -2.7385 0.2152, -3.998 -2.7363 0.2153, -4.002 -2.7363 0.2153, -3.998 -2.7343 0.2156, -4.002 -2.7343 0.2156, -3.998 -2.7322 0.2161, -4.002 -2.7322 0.2161, -3.998 -2.7302 0.2168, -4.002 -2.7302 0.2168, -3.998 -2.7283 0.2177, -4.002 -2.7283 0.2177, -3.998 -2.7263 0.2188, -4.002 -2.7263 0.2188, -3.998 -2.7247 0.2198, -4.002 -2.7247 0.2198, -4.002 -2.7247 0.2112, -3.998 -2.7247 0.2112, -3.998 -2.7267 0.2103, -4.002 -2.7267 0.2103, -3.998 -2.7289 0.2096, -4.002 -2.7289 0.2096, -3.998 -2.7311 0.209, -4.002 -2.7311 0.209, -3.998 -2.7335 0.2087, -4.002 -2.7335 0.2087, -3.998 -2.736 0.2085, -4.002 -2.736 0.2085, -3.998 -2.7377 0.2084, -4.002 -2.7377 0.2084, -3.998 -2.7403 0.2085, -4.002 -2.7403 0.2085, -3.998 -2.7428 0.2088, -4.002 -2.7428 0.2088, -3.998 -2.7451 0.2093, -4.002 -2.7451 0.2093, -3.998 -2.7471 0.2099, -4.002 -2.7471 0.2099, -3.998 -2.749 0.2107, -4.002 -2.749 0.2107, -3.998 -2.7507 0.2116, -4.002 -2.7507 0.2116, -3.998 -2.7515 0.2122, -4.002 -2.7515 0.2122, -3.998 -2.7529 0.2133, -4.002 -2.7529 0.2133, -3.998 -2.754 0.2144, -4.002 -2.754 0.2144, -3.998 -2.755 0.2156, -4.002 -2.755 0.2156, -3.998 -2.7557 0.2169, -4.002 -2.7557 0.2169, -3.998 -2.7563 0.2183, -4.002 -2.7563 0.2183, -3.998 -2.7567 0.2198, -4.002 -2.7567 0.2198, -3.998 -2.7569 0.2214, -4.002 -2.7569 0.2214, -3.998 -2.7569 0.2225, -4.002 -2.7569 0.2225, -3.998 -2.7568 0.2242, -4.002 -2.7568 0.2242, -3.998 -2.7565 0.2258, -4.002 -2.7565 0.2258, -3.998 -2.7561 0.2272, -4.002 -2.7561 0.2272, -3.998 -2.7554 0.2286, -4.002 -2.7554 0.2286, -3.998 -2.7546 0.2298, -4.002 -2.7546 0.2298, -3.998 -2.7541 0.2304, -4.002 -2.7541 0.2304, -3.998 -2.7531 0.2314, -4.002 -2.7531 0.2314, -3.998 -2.7517 0.2324, -4.002 -2.7517 0.2324, -3.998 -2.75 0.2335, -4.002 -2.75 0.2335, -3.998 -2.7478 0.2347, -4.002 -2.7478 0.2347, -3.998 -2.7452 0.2359, -4.002 -2.7452 0.2359, -3.998 -2.7433 0.2366, -4.002 -2.7433 0.2366, -3.998 -2.7397 0.2381, -4.002 -2.7397 0.2381, -3.998 -2.7375 0.2392, -4.002 -2.7375 0.2392, -3.998 -2.736 0.2401, -4.002 -2.736 0.2401, -3.998 -2.7352 0.2407, -4.002 -2.7352 0.2407, -3.998 -2.7345 0.2414, -4.002 -2.7345 0.2414, -3.998 -2.734 0.2422, -4.002 -2.734 0.2422, -3.998 -2.7336 0.2432, -4.002 -2.7336 0.2432, -3.998 -2.7334 0.2443, -4.002 -2.7334 0.2443, -3.998 -2.7334 0.2451, -4.002 -2.7334 0.2451, -3.998 -2.7335 0.2462, -4.002 -2.7335 0.2462, -3.998 -2.7338 0.2472, -4.002 -2.7338 0.2472, -3.998 -2.7343 0.2481, -4.002 -2.7343 0.2481, -3.998 -2.7349 0.2489, -4.002 -2.7349 0.2489, -3.998 -2.7357 0.2496, -4.002 -2.7357 0.2496, -3.998 -2.7359 0.2497, -4.002 -2.7359 0.2497, -3.998 -2.737 0.2504, -4.002 -2.737 0.2504, -3.998 -2.7383 0.2509, -4.002 -2.7383 0.2509, -3.998 -2.7397 0.2512, -4.002 -2.7397 0.2512, -3.998 -2.7412 0.2515, -4.002 -2.7412 0.2515, -3.998 -2.7425 0.2515, -4.002 -2.7425 0.2515, -3.998 -2.7448 0.2514, -4.002 -2.7448 0.2514, -3.998 -2.7469 0.2511, -4.002 -2.7469 0.2511, -3.998 -2.749 0.2506, -4.002 -2.749 0.2506, -3.998 -2.7509 0.25, -4.002 -2.7509 0.25, -3.998 -2.7528 0.2491, -4.002 -2.7528 0.2491, -3.998 -2.7546 0.2481, -4.002 -2.7546 0.2481, -4.002 -2.7546 0.2562, -3.998 -2.7546 0.2562, -3.998 -2.7525 0.257, -4.002 -2.7525 0.257, -3.998 -2.7502 0.2576, -4.002 -2.7502 0.2576, -3.998 -2.7479 0.258, -4.002 -2.7479 0.258, -3.998 -2.7455 0.2582, -4.002 -2.7455 0.2582, -3.998 -2.7433 0.2583, -4.002 -2.7433 0.2583, -3.998 -2.7409 0.2582, -4.002 -2.7409 0.2582, -3.998 -2.7386 0.2579, -4.002 -2.7386 0.2579, -3.998 -2.7364 0.2574, -4.002 -2.7364 0.2574, -3.998 -2.7344 0.2568, -4.002 -2.7344 0.2568, -3.998 -2.7326 0.256, -4.002 -2.7326 0.256, -3.998 -2.7309 0.255, -4.002 -2.7309 0.255, -3.998 -2.7301 0.2545, -4.002 -2.7301 0.2545, -3.998 -2.7288 0.2534, -4.002 -2.7288 0.2534, -3.998 -2.7276 0.2522, -4.002 -2.7276 0.2522, -3.998 -2.7267 0.2509, -4.002 -2.7267 0.2509, -3.998 -2.7259 0.2496, -4.002 -2.7259 0.2496, -3.998 -2.7254 0.2482, -4.002 -2.7254 0.2482, -3.998 -2.725 0.2468, -4.002 -2.725 0.2468, -3.998 -2.7248 0.2452, -4.002 -2.7248 0.2452, -3.998 -2.7248 0.2443, -4.002 -2.7248 0.2443, -3.998 -2.7249 0.2426, -4.002 -2.7249 0.2426, -3.998 -2.7252 0.241, -4.002 -2.7252 0.241, -3.998 -2.7256 0.2395, -4.002 -2.7256 0.2395, -3.998 -2.7263 0.2381, -4.002 -2.7263 0.2381, -3.998 -2.7271 0.2369, -4.002 -2.7271 0.2369, -3.998 -2.7272 0.2368, -4.002 -2.7272 0.2368, -3.998 -2.728 0.2358, -4.002 -2.728 0.2358, -3.998 -2.7291 0.2349, -4.002 -2.7291 0.2349, -3.998 -2.7307 0.2338, -4.002 -2.7307 0.2338, -3.998 -2.7326 0.2327, -4.002 -2.7326 0.2327, -3.998 -2.7351 0.2315, -4.002 -2.7351 0.2315, -3.998 -2.7374 0.2305, -4.002 -2.7374 0.2305, -3.998 -2.7411 0.229, -4.002 -2.7411 0.229, -3.998 -2.7435 0.2279, -4.002 -2.7435 0.2279, -3.998 -2.7452 0.227, -4.002 -2.7452 0.227, -3.998 -2.7462 0.2262, -4.002 -2.7462 0.2262, -3.998 -2.747 0.2254, -4.002 -2.747 0.2254, -3.998 -2.7476 0.2245, -4.002 -2.7476 0.2245, -3.998 -2.7481 0.2236, -4.002 -2.7481 0.2236, -3.998 -2.7483 0.2225, -4.002 -2.7483 0.2225, -3.998 -2.7483 0.2217, -4.002 -2.7483 0.2217, -3.998 -2.7482 0.2205, -4.002 -2.7482 0.2205, -3.998 -2.748 0.2194, -4.002 -2.748 0.2194, -3.998 -2.7475 0.2185, -4.002 -2.7475 0.2185, -3.998 -2.7469 0.2177, -4.002 -2.7469 0.2177, -3.998 -2.7461 0.217, -4.002 -2.7461 0.217, -3.998 -2.7451 0.2164, -4.002 -2.7451 0.2164, -3.998 -2.7439 0.2159, -4.002 -2.7439 0.2159, -3.998 -2.7425 0.2156, -4.002 -2.7425 0.2156, -3.998 -2.7408 0.2153, -4.002 -2.7408 0.2153, -4.002 -2.7984 0.2572, -4.002 -2.807 0.2572, -3.998 -2.7984 0.2572, -3.998 -2.807 0.2572, -4.002 -2.7853 0.2213, -3.998 -2.7853 0.2213, -3.998 -2.7847 0.2191, -4.002 -2.7847 0.2191, -3.998 -2.7843 0.2175, -4.002 -2.7843 0.2175, -4.002 -2.7841 0.2175, -3.998 -2.7841 0.2175, -4.002 -2.7831 0.2214, -3.998 -2.7831 0.2214, -4.002 -2.7706 0.2572, -3.998 -2.7706 0.2572, -4.002 -2.7613 0.2572, -3.998 -2.7613 0.2572, -4.002 -2.78 0.2096, -3.998 -2.78 0.2096, -4.002 -2.7763 0.201, -3.998 -2.7763 0.201, -3.998 -2.7753 0.199, -4.002 -2.7753 0.199, -3.998 -2.7743 0.1975, -4.002 -2.7743 0.1975, -3.998 -2.7731 0.1963, -4.002 -2.7731 0.1963, -3.998 -2.7719 0.1954, -4.002 -2.7719 0.1954, -3.998 -2.7706 0.1947, -4.002 -2.7706 0.1947, -3.998 -2.7692 0.1944, -4.002 -2.7692 0.1944, -3.998 -2.7677 0.1943, -4.002 -2.7677 0.1943, -3.998 -2.7659 0.1944, -4.002 -2.7659 0.1944, -3.998 -2.7641 0.1948, -4.002 -2.7641 0.1948, -3.998 -2.763 0.1952, -4.002 -2.763 0.1952, -4.002 -2.763 0.1878, -3.998 -2.763 0.1878, -3.998 -2.765 0.1873, -4.002 -2.765 0.1873, -3.998 -2.7673 0.1871, -4.002 -2.7673 0.1871, -3.998 -2.7684 0.1871, -4.002 -2.7684 0.1871, -3.998 -2.7704 0.1872, -4.002 -2.7704 0.1872, -3.998 -2.7724 0.1876, -4.002 -2.7724 0.1876, -3.998 -2.7742 0.1883, -4.002 -2.7742 0.1883, -3.998 -2.776 0.1893, -4.002 -2.776 0.1893, -3.998 -2.7776 0.1905, -4.002 -2.7776 0.1905, -3.998 -2.7793 0.192, -4.002 -2.7793 0.192, -3.998 -2.7808 0.1939, -4.002 -2.7808 0.1939, -3.998 -2.7823 0.1961, -4.002 -2.7823 0.1961, -3.998 -2.7838 0.1988, -4.002 -2.7838 0.1988, -3.998 -2.7852 0.2018, -4.002 -2.7852 0.2018, -3.998 -2.7854 0.2023, -4.002 -2.7854 0.2023, -4.002 -2.8519 0.2171, -4.002 -2.8519 0.2095, -3.998 -2.8519 0.2171, -3.998 -2.8519 0.2095, -4.002 -2.8246 0.2171, -3.998 -2.8246 0.2171, -4.002 -2.8246 0.2396, -3.998 -2.8246 0.2396, -4.002 -2.8485 0.2396, -3.998 -2.8485 0.2396, -4.002 -2.8485 0.2472, -3.998 -2.8485 0.2472, -4.002 -2.8246 0.2472, -3.998 -2.8246 0.2472, -4.002 -2.8246 0.2686, -3.998 -2.8246 0.2686, -4.002 -2.8504 0.2686, -3.998 -2.8504 0.2686, -4.002 -2.8504 0.2763, -3.998 -2.8504 0.2763, -4.002 -2.816 0.2763, -3.998 -2.816 0.2763, -4.002 -2.816 0.2095, -3.998 -2.816 0.2095, -4.002 -2.8952 0.2193, -4.002 -2.8998 0.2129, -4.002 -2.8976 0.2204, -4.002 -2.9026 0.2143, -4.002 -2.8998 0.2218, -4.002 -2.9052 0.216, -4.002 -2.9018 0.2233, -4.002 -2.9077 0.2179, -4.002 -2.9027 0.2241, -4.002 -2.9088 0.2189, -4.002 -2.9043 0.2259, -4.002 -2.9109 0.2211, -4.002 -2.9058 0.2279, -4.002 -2.9128 0.2234, -4.002 -2.907 0.2301, -4.002 -2.9144 0.2259, -4.002 -2.908 0.2325, -4.002 -2.9092 0.25, -4.002 -2.9176 0.2535, -4.002 -2.9086 0.2527, -4.002 -2.9167 0.2563, -4.002 -2.9076 0.2552, -4.002 -2.9155 0.2589, -4.002 -2.9065 0.2574, -4.002 -2.9141 0.2614, -4.002 -2.9052 0.2594, -4.002 -2.9124 0.2637, -4.002 -2.9105 0.2658, -4.002 -2.9037 0.2612, -4.002 -2.9088 0.2674, -4.002 -2.9025 0.2623, -4.002 -2.9063 0.2694, -4.002 -2.9004 0.2639, -4.002 -2.9037 0.2711, -4.002 -2.8982 0.2653, -4.002 -2.9009 0.2726, -4.002 -2.8958 0.2664, -4.002 -2.8981 0.2738, -4.002 -2.8931 0.2673, -4.002 -2.895 0.2748, -4.002 -2.8903 0.268, -4.002 -2.8918 0.2755, -4.002 -2.8873 0.2684, -4.002 -2.8884 0.276, -4.002 -2.884 0.2686, -4.002 -2.8848 0.2763, -4.002 -2.8832 0.2686, -4.002 -2.8835 0.2763, -4.002 -2.8731 0.2686, -4.002 -2.8645 0.2763, -4.002 -2.8731 0.2171, -4.002 -2.8645 0.2095, -4.002 -2.8828 0.2171, -4.002 -2.8829 0.2095, -4.002 -2.8863 0.2173, -4.002 -2.8867 0.2097, -4.002 -2.8896 0.2177, -4.002 -2.8903 0.2101, -4.002 -2.8925 0.2184, -4.002 -2.8937 0.2108, -4.002 -2.8969 0.2117, -4.002 -2.9157 0.2285, -4.002 -2.9169 0.2312, -4.002 -2.9088 0.2351, -4.002 -2.9177 0.2341, -4.002 -2.9094 0.2379, -4.002 -2.9184 0.2372, -4.002 -2.9097 0.241, -4.002 -2.9187 0.2405, -4.002 -2.9098 0.2435, -4.002 -2.9188 0.2438, -4.002 -2.9096 0.2469, -4.002 -2.9187 0.2472, -4.002 -2.9183 0.2504, -3.998 -2.9004 0.2639, -3.998 -2.9063 0.2694, -3.998 -2.9025 0.2623, -3.998 -2.9088 0.2674, -3.998 -2.9037 0.2612, -3.998 -2.9105 0.2658, -3.998 -2.9052 0.2594, -3.998 -2.9124 0.2637, -3.998 -2.9065 0.2574, -3.998 -2.9141 0.2614, -3.998 -2.9076 0.2552, -3.998 -2.9155 0.2589, -3.998 -2.9086 0.2527, -3.998 -2.8976 0.2204, -3.998 -2.8998 0.2129, -3.998 -2.8952 0.2193, -3.998 -2.8969 0.2117, -3.998 -2.8925 0.2184, -3.998 -2.8937 0.2108, -3.998 -2.8896 0.2177, -3.998 -2.8903 0.2101, -3.998 -2.8863 0.2173, -3.998 -2.8867 0.2097, -3.998 -2.8828 0.2171, -3.998 -2.8829 0.2095, -3.998 -2.8731 0.2171, -3.998 -2.8645 0.2095, -3.998 -2.8731 0.2686, -3.998 -2.8645 0.2763, -3.998 -2.8832 0.2686, -3.998 -2.8835 0.2763, -3.998 -2.884 0.2686, -3.998 -2.8848 0.2763, -3.998 -2.8873 0.2684, -3.998 -2.8884 0.276, -3.998 -2.8903 0.268, -3.998 -2.8918 0.2755, -3.998 -2.8931 0.2673, -3.998 -2.895 0.2748, -3.998 -2.8958 0.2664, -3.998 -2.8981 0.2738, -3.998 -2.8982 0.2653, -3.998 -2.9009 0.2726, -3.998 -2.9037 0.2711, -3.998 -2.9088 0.2351, -3.998 -2.9169 0.2312, -3.998 -2.908 0.2325, -3.998 -2.9157 0.2285, -3.998 -2.907 0.2301, -3.998 -2.9144 0.2259, -3.998 -2.9058 0.2279, -3.998 -2.9128 0.2234, -3.998 -2.9043 0.2259, -3.998 -2.9109 0.2211, -3.998 -2.9027 0.2241, -3.998 -2.9088 0.2189, -3.998 -2.9018 0.2233, -3.998 -2.9077 0.2179, -3.998 -2.8998 0.2218, -3.998 -2.9052 0.216, -3.998 -2.9026 0.2143, -3.998 -2.9167 0.2563, -3.998 -2.9176 0.2535, -3.998 -2.9092 0.25, -3.998 -2.9183 0.2504, -3.998 -2.9096 0.2469, -3.998 -2.9187 0.2472, -3.998 -2.9098 0.2435, -3.998 -2.9188 0.2438, -3.998 -2.9097 0.241, -3.998 -2.9187 0.2405, -3.998 -2.9094 0.2379, -3.998 -2.9184 0.2372, -3.998 -2.9177 0.2341, -4.002 -2.9412 0.2353, -4.002 -2.9512 0.2631, -4.002 -2.948 0.2763, -4.002 -2.9225 0.2095, -4.002 -2.9321 0.2095, -4.002 -2.9385 0.2278, -4.002 -2.9518 0.2651, -4.002 -2.9523 0.2677, -4.002 -2.9572 0.2763, -4.002 -2.9525 0.2677, -4.002 -2.953 0.2649, -4.002 -2.9535 0.2631, -4.002 -2.9636 0.2353, -4.002 -2.9826 0.2095, -4.002 -2.9731 0.2095, -4.002 -2.9663 0.2278, -3.998 -2.9385 0.2278, -3.998 -2.9412 0.2353, -3.998 -2.9663 0.2278, -3.998 -2.9636 0.2353, -3.998 -2.9535 0.2631, -3.998 -2.9572 0.2763, -3.998 -2.9826 0.2095, -3.998 -2.9731 0.2095, -3.998 -2.953 0.2649, -3.998 -2.9525 0.2677, -3.998 -2.948 0.2763, -3.998 -2.9523 0.2677, -3.998 -2.9518 0.2651, -3.998 -2.9512 0.2631, -3.998 -2.9225 0.2095, -3.998 -2.9321 0.2095, -4.002 -2.3436 0.1914, -4.002 -2.3488 0.187, -4.002 -2.3323 0.242, -4.002 -2.373 0.3279, -4.002 -2.3764 0.326, -4.002 -2.3617 0.3606, -4.002 -2.4041 0.3613, -4.002 -2.4122 0.3656, -4.002 -2.3974 0.3903, -4.002 -2.4984 0.3369, -4.002 -2.5024 0.3286, -4.002 -2.5296 0.3379, -4.002 -2.5051 0.3197, -4.002 -2.5064 0.3123, -4.002 -2.5244 0.2409, -4.002 -2.5178 0.2389, -4.002 -2.5248 0.2107, -4.002 -2.3318 0.2103, -4.002 -2.3347 0.2033, -4.002 -2.3387 0.197, -4.002 -2.4907 0.2653, -4.002 -2.476 0.2904, -4.002 -2.4243 0.2302, -4.002 -2.4124 0.2572, -4.002 -2.4243 0.2254, -4.002 -2.3986 0.1833, -4.002 -2.4239 0.2194, -4.002 -2.4051 0.1874, -4.002 -2.4104 0.1919, -4.002 -2.3934 0.2323, -4.002 -2.3947 0.2279, -4.002 -2.3948 0.2233, -4.002 -2.3938 0.2188, -4.002 -2.3917 0.2146, -4.002 -2.3617 0.2362, -4.002 -2.3344 0.2469, -4.002 -2.3593 0.2322, -4.002 -2.3581 0.2277, -4.002 -2.3375 0.3311, -4.002 -2.3315 0.3591, -4.002 -2.3222 0.3561, -4.002 -2.364 0.2112, -4.002 -2.3678 0.2086, -4.002 -2.3554 0.183, -4.002 -2.3721 0.207, -4.002 -2.5159 0.2093, -4.002 -2.513 0.2382, -4.002 -2.4879 0.2093, -4.002 -2.4917 0.2382, -4.002 -2.4855 0.2097, -4.002 -2.4075 0.3945, -4.002 -2.4208 0.3688, -4.002 -2.4179 0.3976, -4.002 -2.3254 0.2459, -4.002 -2.3174 0.2155, -4.002 -2.3264 0.2118, -4.002 -2.3303 0.3282, -4.002 -2.3134 0.3518, -4.002 -2.3236 0.3242, -4.002 -2.3051 0.3465, -4.002 -2.3177 0.3192, -4.002 -2.4154 0.1978, -4.002 -2.4194 0.2045, -4.002 -2.4223 0.2117, -4.002 -2.3793 0.2733, -4.002 -2.3769 0.2734, -4.002 -2.3764 0.2435, -4.002 -2.3693 0.2727, -4.002 -2.3719 0.2429, -4.002 -2.3621 0.271, -4.002 -2.3678 0.2413, -4.002 -2.3866 0.2724, -4.002 -2.3796 0.2432, -4.002 -2.394 0.2702, -4.002 -2.3841 0.2418, -4.002 -2.4009 0.2669, -4.002 -2.388 0.2394, -4.002 -2.4071 0.2625, -4.002 -2.3552 0.268, -4.002 -2.3494 0.2645, -4.002 -2.364 0.2387, -4.002 -2.3435 0.2595, -4.002 -2.3385 0.2536, -4.002 -2.5456 0.2859, -4.002 -2.5707 0.3014, -4.002 -2.543 0.2923, -4.002 -2.5665 0.3094, -4.002 -2.5393 0.298, -4.002 -2.561 0.3168, -4.002 -2.5346 0.303, -4.002 -2.5546 0.3235, -4.002 -2.5292 0.307, -4.002 -2.314 0.2565, -4.002 -2.2938 0.233, -4.002 -2.3193 0.2507, -4.002 -2.3011 0.2261, -4.002 -2.3089 0.2202, -4.002 -2.341 0.361, -4.002 -2.3452 0.3327, -4.002 -2.3508 0.3616, -4.002 -2.3512 0.3331, -4.002 -2.3562 0.3613, -4.002 -2.3586 0.3325, -4.002 -2.3659 0.3308, -4.002 -2.361 0.2147, -4.002 -2.359 0.2186, -4.002 -2.358 0.223, -4.002 -2.5334 0.2133, -4.002 -2.5416 0.217, -4.002 -2.5304 0.2441, -4.002 -2.5493 0.2219, -4.002 -2.5358 0.2483, -4.002 -2.5563 0.2279, -4.002 -2.5379 0.2506, -4.002 -2.559 0.2307, -4.002 -2.5419 0.256, -4.002 -2.3877 0.385, -4.002 -2.3826 0.3815, -4.002 -2.3967 0.3559, -4.002 -2.375 0.3755, -4.002 -2.3902 0.3495, -4.002 -2.3682 0.3685, -4.002 -2.3845 0.3424, -4.002 -2.3799 0.3345, -4.002 -2.5255 0.3474, -4.002 -2.5202 0.3564, -4.002 -2.4934 0.3447, -4.002 -2.5138 0.3651, -4.002 -2.4874 0.3517, -4.002 -2.3046 0.2772, -4.002 -2.2764 0.2655, -4.002 -2.3066 0.2696, -4.002 -2.2794 0.2562, -4.002 -2.3099 0.2625, -4.002 -2.2837 0.2473, -4.002 -2.289 0.2389, -4.002 -2.3912 0.2361, -4.002 -2.3627 0.1801, -4.002 -2.3703 0.1784, -4.002 -2.3764 0.2065, -4.002 -2.3769 0.178, -4.002 -2.3809 0.207, -4.002 -2.5466 0.2684, -4.002 -2.5765 0.2716, -4.002 -2.5472 0.2753, -4.002 -2.5766 0.2757, -4.002 -2.547 0.2791, -4.002 -2.5758 0.2846, -4.002 -2.5739 0.2931, -4.002 -2.5647 0.2377, -4.002 -2.5693 0.2454, -4.002 -2.5448 0.262, -4.002 -2.5729 0.2537, -4.002 -2.5753 0.2625, -4.002 -2.3887 0.2112, -4.002 -2.3851 0.2086, -4.002 -2.3917 0.1804, -4.002 -2.3845 0.1786, -4.002 -2.4894 0.2387, -4.002 -2.4778 0.2144, -4.002 -2.4792 0.2129, -4.002 -2.4395 0.4, -4.002 -2.44 0.3716, -4.002 -2.4428 0.4, -4.002 -2.449 0.3709, -4.002 -2.3091 0.3075, -4.002 -2.28 0.3148, -4.002 -2.3062 0.3005, -4.002 -2.2768 0.3056, -4.002 -2.3044 0.2933, -4.002 -2.2747 0.296, -4.002 -2.3038 0.2857, -4.002 -2.2739 0.2867, -4.002 -2.3038 0.2843, -4.002 -2.2739 0.2847, -4.002 -2.2745 0.275, -4.002 -2.5102 0.3123, -4.002 -2.5169 0.3116, -4.002 -2.5314 0.3373, -4.002 -2.5232 0.3099, -4.002 -2.5394 0.3339, -4.002 -2.5474 0.3292, -4.002 -2.4741 0.224, -4.002 -2.4745 0.2206, -4.002 -2.4758 0.2174, -4.002 -2.4908 0.2384, -4.002 -2.4824 0.2108, -4.002 -2.4285 0.3994, -4.002 -2.4299 0.3708, -4.002 -2.4386 0.3715, -4.002 -2.4853 0.2383, -4.002 -2.482 0.237, -4.002 -2.4742 0.2254, -4.002 -2.4791 0.235, -4.002 -2.4768 0.2324, -4.002 -2.475 0.2291, -4.002 -2.2979 0.3404, -4.002 -2.2962 0.3388, -4.002 -2.3132 0.3139, -4.002 -2.2898 0.3315, -4.002 -2.2844 0.3235, -4.002 -2.4888 0.2387, -4.002 -2.5062 0.3733, -4.002 -2.504 0.3754, -4.002 -2.4816 0.3569, -4.002 -2.495 0.3824, -4.002 -2.4741 0.3621, -4.002 -2.4853 0.3883, -4.002 -2.4661 0.3662, -4.002 -2.4751 0.3931, -4.002 -2.4577 0.3691, -4.002 -2.4646 0.3966, -4.002 -2.4537 0.3989, -3.998 -2.476 0.2904, -3.998 -2.4907 0.2653, -3.998 -2.4124 0.2572, -3.998 -2.4243 0.2302, -3.998 -2.3986 0.1833, -3.998 -2.314 0.2565, -3.998 -2.3193 0.2507, -3.998 -2.3318 0.2103, -3.998 -2.3099 0.2625, -3.998 -2.4243 0.2254, -3.998 -2.4239 0.2194, -3.998 -2.4051 0.1874, -3.998 -2.4104 0.1919, -3.998 -2.3323 0.242, -3.998 -2.3436 0.1914, -3.998 -2.3387 0.197, -3.998 -2.3799 0.3345, -3.998 -2.3764 0.326, -3.998 -2.3617 0.3606, -3.998 -2.373 0.3279, -3.998 -2.3303 0.3282, -3.998 -2.3222 0.3561, -3.998 -2.3375 0.3311, -3.998 -2.3315 0.3591, -3.998 -2.3452 0.3327, -3.998 -2.341 0.361, -3.998 -2.3512 0.3331, -3.998 -2.4122 0.3656, -3.998 -2.4041 0.3613, -3.998 -2.3877 0.385, -3.998 -2.3764 0.2065, -3.998 -2.3809 0.207, -3.998 -2.3845 0.1786, -3.998 -2.3917 0.2146, -3.998 -2.3938 0.2188, -3.998 -2.3948 0.2233, -3.998 -2.3947 0.2279, -3.998 -2.3347 0.2033, -3.998 -2.3254 0.2459, -3.998 -2.3659 0.3308, -3.998 -2.3586 0.3325, -3.998 -2.3562 0.3613, -3.998 -2.3508 0.3616, -3.998 -2.4934 0.3447, -3.998 -2.5202 0.3564, -3.998 -2.4984 0.3369, -3.998 -2.5255 0.3474, -3.998 -2.5024 0.3286, -3.998 -2.5296 0.3379, -3.998 -2.5051 0.3197, -3.998 -2.3826 0.3815, -3.998 -2.3967 0.3559, -3.998 -2.375 0.3755, -3.998 -2.5232 0.3099, -3.998 -2.5169 0.3116, -3.998 -2.3917 0.1804, -3.998 -2.3851 0.2086, -3.998 -2.3887 0.2112, -3.998 -2.3488 0.187, -3.998 -2.358 0.223, -3.998 -2.359 0.2186, -3.998 -2.3769 0.178, -3.998 -2.3703 0.1784, -3.998 -2.3721 0.207, -3.998 -2.3627 0.1801, -3.998 -2.3678 0.2086, -3.998 -2.3554 0.183, -3.998 -2.364 0.2112, -3.998 -2.361 0.2147, -3.998 -2.4223 0.2117, -3.998 -2.4194 0.2045, -3.998 -2.4154 0.1978, -3.998 -2.3682 0.3685, -3.998 -2.3902 0.3495, -3.998 -2.3845 0.3424, -3.998 -2.5448 0.262, -3.998 -2.5693 0.2454, -3.998 -2.5419 0.256, -3.998 -2.5647 0.2377, -3.998 -2.5379 0.2506, -3.998 -2.559 0.2307, -3.998 -2.5358 0.2483, -3.998 -2.5563 0.2279, -3.998 -2.5304 0.2441, -3.998 -2.543 0.2923, -3.998 -2.5707 0.3014, -3.998 -2.5456 0.2859, -3.998 -2.5739 0.2931, -3.998 -2.547 0.2791, -3.998 -2.5758 0.2846, -3.998 -2.5472 0.2753, -3.998 -2.5102 0.3123, -3.998 -2.5064 0.3123, -3.998 -2.3062 0.3005, -3.998 -2.28 0.3148, -3.998 -2.3091 0.3075, -3.998 -2.2844 0.3235, -3.998 -2.3132 0.3139, -3.998 -2.3066 0.2696, -3.998 -2.2764 0.2655, -3.998 -2.3046 0.2772, -3.998 -2.2745 0.275, -3.998 -2.3038 0.2843, -3.998 -2.2739 0.2847, -3.998 -2.3038 0.2857, -3.998 -2.2739 0.2867, -3.998 -2.3044 0.2933, -3.998 -2.2747 0.296, -3.998 -2.2768 0.3056, -3.998 -2.2938 0.233, -3.998 -2.289 0.2389, -3.998 -2.3934 0.2323, -3.998 -2.3912 0.2361, -3.998 -2.4071 0.2625, -3.998 -2.388 0.2394, -3.998 -2.4009 0.2669, -3.998 -2.3841 0.2418, -3.998 -2.394 0.2702, -3.998 -2.3866 0.2724, -3.998 -2.3796 0.2432, -3.998 -2.3793 0.2733, -3.998 -2.3764 0.2435, -3.998 -2.3769 0.2734, -3.998 -2.3693 0.2727, -3.998 -2.3719 0.2429, -3.998 -2.3621 0.271, -3.998 -2.3552 0.268, -3.998 -2.3678 0.2413, -3.998 -2.3494 0.2645, -3.998 -2.364 0.2387, -3.998 -2.3435 0.2595, -3.998 -2.3385 0.2536, -3.998 -2.3617 0.2362, -3.998 -2.3344 0.2469, -3.998 -2.3593 0.2322, -3.998 -2.3581 0.2277, -3.998 -2.2898 0.3315, -3.998 -2.2962 0.3388, -3.998 -2.3177 0.3192, -3.998 -2.2979 0.3404, -3.998 -2.3236 0.3242, -3.998 -2.3051 0.3465, -3.998 -2.3134 0.3518, -3.998 -2.2837 0.2473, -3.998 -2.2794 0.2562, -3.998 -2.4792 0.2129, -3.998 -2.4778 0.2144, -3.998 -2.4894 0.2387, -3.998 -2.4758 0.2174, -3.998 -2.5766 0.2757, -3.998 -2.5765 0.2716, -3.998 -2.5466 0.2684, -3.998 -2.5753 0.2625, -3.998 -2.5729 0.2537, -3.998 -2.5314 0.3373, -3.998 -2.5394 0.3339, -3.998 -2.5292 0.307, -3.998 -2.5474 0.3292, -3.998 -2.5346 0.303, -3.998 -2.5546 0.3235, -3.998 -2.5393 0.298, -3.998 -2.561 0.3168, -3.998 -2.5665 0.3094, -3.998 -2.5493 0.2219, -3.998 -2.5416 0.217, -3.998 -2.5244 0.2409, -3.998 -2.5334 0.2133, -3.998 -2.5178 0.2389, -3.998 -2.5248 0.2107, -3.998 -2.513 0.2382, -3.998 -2.5159 0.2093, -3.998 -2.4917 0.2382, -3.998 -2.4879 0.2093, -3.998 -2.4908 0.2384, -3.998 -2.4855 0.2097, -3.998 -2.4824 0.2108, -3.998 -2.4745 0.2206, -3.998 -2.4741 0.224, -3.998 -2.4742 0.2254, -3.998 -2.3264 0.2118, -3.998 -2.3174 0.2155, -3.998 -2.475 0.2291, -3.998 -2.4768 0.2324, -3.998 -2.4791 0.235, -3.998 -2.482 0.237, -3.998 -2.3089 0.2202, -3.998 -2.3011 0.2261, -3.998 -2.4816 0.3569, -3.998 -2.504 0.3754, -3.998 -2.4874 0.3517, -3.998 -2.5062 0.3733, -3.998 -2.5138 0.3651, -3.998 -2.3974 0.3903, -3.998 -2.4075 0.3945, -3.998 -2.4208 0.3688, -3.998 -2.4179 0.3976, -3.998 -2.4299 0.3708, -3.998 -2.4285 0.3994, -3.998 -2.4386 0.3715, -3.998 -2.4395 0.4, -3.998 -2.44 0.3716, -3.998 -2.4428 0.4, -3.998 -2.449 0.3709, -3.998 -2.4537 0.3989, -3.998 -2.4577 0.3691, -3.998 -2.4646 0.3966, -3.998 -2.4661 0.3662, -3.998 -2.4751 0.3931, -3.998 -2.4741 0.3621, -3.998 -2.4853 0.3883, -3.998 -2.495 0.3824, -3.998 -2.4853 0.2383, -3.998 -2.4888 0.2387
            ]
        }
        coordIndex [
            0,1,2,-1,2,1,3,-1,4,0,5,-1,5,0,2,-1,6,4,7,-1,7,4,5,-1,8,6,9,-1,9,6,7,-1,10,8,11,-1,11,8,9,-1,1,10,3,-1,3,10,11,-1,6,8,4,-1,4,8,10,-1,4,10,0,-1,0,10,1,-1,2,3,5,-1,5,3,11,-1,5,11,7,-1,7,11,9,-1,12,13,14,-1,12,14,15,-1,15,14,16,-1,15,16,17,-1,17,16,18,-1,17,18,19,-1,19,18,20,-1,19,20,21,-1,21,20,22,-1,21,22,23,-1,23,22,24,-1,23,24,25,-1,26,25,27,-1,27,25,24,-1,26,27,28,-1,26,28,29,-1,29,28,30,-1,29,30,31,-1,31,30,32,-1,31,32,33,-1,33,32,34,-1,33,34,35,-1,35,34,36,-1,35,36,37,-1,37,36,38,-1,37,38,39,-1,39,38,40,-1,39,40,41,-1,41,40,42,-1,41,42,43,-1,43,42,44,-1,43,44,45,-1,45,44,46,-1,45,46,47,-1,47,46,48,-1,47,48,49,-1,49,48,50,-1,49,50,51,-1,51,50,52,-1,51,52,53,-1,53,52,54,-1,53,54,55,-1,55,54,56,-1,55,56,57,-1,57,56,58,-1,57,58,59,-1,59,58,60,-1,59,60,61,-1,61,60,62,-1,61,62,63,-1,63,62,64,-1,63,64,65,-1,65,64,66,-1,65,66,67,-1,67,66,68,-1,67,68,69,-1,69,68,70,-1,69,70,71,-1,71,70,72,-1,71,72,73,-1,73,72,74,-1,73,74,75,-1,75,74,76,-1,75,76,77,-1,77,76,78,-1,77,78,79,-1,79,78,80,-1,79,80,81,-1,81,80,82,-1,81,82,83,-1,83,82,84,-1,83,84,85,-1,85,84,86,-1,85,86,87,-1,87,86,88,-1,87,88,89,-1,89,88,90,-1,89,90,91,-1,91,90,92,-1,91,92,93,-1,93,92,94,-1,93,94,95,-1,95,94,96,-1,95,96,97,-1,97,96,98,-1,97,98,99,-1,99,98,100,-1,99,100,101,-1,101,100,102,-1,101,102,103,-1,103,102,104,-1,103,104,105,-1,105,104,106,-1,105,106,107,-1,107,106,108,-1,107,108,109,-1,109,108,110,-1,109,110,111,-1,111,110,112,-1,111,112,113,-1,113,112,114,-1,113,114,115,-1,116,115,117,-1,117,115,114,-1,116,117,118,-1,116,118,119,-1,119,118,120,-1,119,120,121,-1,121,120,122,-1,121,122,123,-1,123,122,124,-1,123,124,125,-1,125,124,126,-1,125,126,127,-1,127,126,128,-1,127,128,129,-1,129,128,130,-1,129,130,131,-1,131,130,132,-1,131,132,133,-1,133,132,134,-1,133,134,135,-1,135,134,136,-1,135,136,137,-1,137,136,138,-1,137,138,139,-1,139,138,140,-1,139,140,141,-1,141,140,142,-1,141,142,143,-1,143,142,144,-1,143,144,145,-1,145,144,146,-1,145,146,147,-1,147,146,148,-1,147,148,149,-1,149,148,150,-1,149,150,151,-1,151,150,152,-1,151,152,153,-1,153,152,154,-1,153,154,155,-1,155,154,156,-1,155,156,157,-1,157,156,158,-1,157,158,159,-1,159,158,160,-1,159,160,161,-1,161,160,162,-1,161,162,163,-1,163,162,164,-1,163,164,165,-1,165,164,166,-1,165,166,167,-1,167,166,168,-1,167,168,169,-1,169,168,170,-1,169,170,171,-1,171,170,172,-1,171,172,173,-1,173,172,174,-1,173,174,175,-1,175,174,176,-1,175,176,177,-1,177,176,178,-1,177,178,179,-1,179,178,180,-1,179,180,181,-1,181,180,182,-1,181,182,183,-1,183,182,184,-1,183,184,185,-1,185,184,186,-1,185,186,187,-1,187,186,188,-1,187,188,189,-1,189,188,190,-1,189,190,191,-1,191,190,192,-1,191,192,193,-1,193,192,194,-1,193,194,195,-1,195,194,196,-1,195,196,197,-1,197,196,13,-1,197,13,12,-1,113,115,116,-1,57,177,179,-1,33,21,31,-1,31,21,23,-1,31,23,29,-1,29,23,25,-1,29,25,26,-1,57,179,55,-1,55,179,181,-1,55,181,53,-1,53,181,183,-1,53,183,51,-1,51,183,185,-1,51,185,49,-1,49,185,187,-1,49,187,47,-1,187,189,47,-1,47,189,191,-1,47,191,45,-1,45,191,193,-1,45,193,43,-1,43,193,195,-1,43,195,41,-1,41,195,197,-1,41,197,39,-1,39,197,12,-1,39,12,37,-1,37,12,15,-1,37,15,35,-1,35,15,17,-1,35,17,33,-1,33,17,19,-1,33,19,21,-1,89,143,87,-1,87,143,145,-1,87,145,85,-1,85,145,147,-1,85,147,83,-1,83,147,149,-1,83,149,81,-1,81,149,151,-1,81,151,79,-1,79,151,153,-1,79,153,77,-1,77,153,155,-1,77,155,75,-1,113,116,111,-1,111,116,119,-1,111,119,109,-1,109,119,121,-1,109,121,107,-1,107,121,123,-1,107,123,105,-1,105,123,125,-1,105,125,103,-1,103,125,127,-1,103,127,101,-1,101,127,129,-1,101,129,99,-1,99,129,131,-1,99,131,97,-1,97,131,133,-1,97,133,95,-1,95,133,135,-1,95,135,93,-1,93,135,137,-1,93,137,91,-1,91,137,139,-1,91,139,89,-1,89,139,141,-1,89,141,143,-1,177,57,175,-1,175,57,59,-1,175,59,173,-1,173,59,61,-1,173,61,171,-1,171,61,63,-1,171,63,169,-1,169,63,65,-1,169,65,167,-1,167,65,165,-1,165,65,67,-1,165,67,163,-1,155,157,75,-1,75,157,159,-1,75,159,73,-1,73,159,161,-1,73,161,71,-1,71,161,163,-1,71,163,69,-1,69,163,67,-1,28,27,24,-1,28,24,30,-1,44,190,46,-1,46,190,188,-1,46,188,48,-1,48,188,186,-1,48,186,50,-1,50,186,184,-1,50,184,52,-1,52,184,182,-1,52,182,54,-1,114,112,117,-1,117,112,110,-1,117,110,118,-1,118,110,108,-1,182,180,54,-1,54,180,178,-1,54,178,56,-1,56,178,176,-1,56,176,58,-1,58,176,174,-1,58,174,60,-1,60,174,172,-1,60,172,62,-1,24,22,30,-1,30,22,20,-1,30,20,32,-1,32,20,18,-1,32,18,34,-1,34,18,16,-1,34,16,36,-1,36,16,14,-1,36,14,38,-1,38,14,13,-1,38,13,40,-1,40,13,196,-1,40,196,42,-1,42,196,194,-1,42,194,44,-1,44,194,192,-1,44,192,190,-1,82,146,84,-1,84,146,144,-1,84,144,86,-1,86,144,142,-1,86,142,88,-1,88,142,140,-1,88,140,90,-1,90,140,138,-1,90,138,92,-1,92,138,136,-1,92,136,94,-1,94,136,134,-1,94,134,96,-1,96,134,132,-1,96,132,98,-1,98,132,130,-1,98,130,100,-1,100,130,128,-1,100,128,102,-1,102,128,126,-1,102,126,104,-1,104,126,124,-1,104,124,106,-1,106,124,122,-1,106,122,108,-1,108,122,120,-1,108,120,118,-1,162,160,72,-1,72,160,158,-1,72,158,74,-1,74,158,156,-1,74,156,76,-1,76,156,154,-1,76,154,78,-1,78,154,152,-1,78,152,80,-1,80,152,150,-1,80,150,82,-1,82,150,148,-1,82,148,146,-1,172,170,62,-1,62,170,168,-1,62,168,64,-1,64,168,166,-1,64,166,66,-1,66,166,164,-1,66,164,68,-1,68,164,162,-1,68,162,70,-1,70,162,72,-1,198,199,200,-1,200,199,201,-1,202,198,203,-1,203,198,200,-1,204,202,205,-1,205,202,203,-1,206,204,207,-1,207,204,205,-1,208,206,209,-1,209,206,207,-1,210,208,211,-1,211,208,209,-1,212,210,213,-1,213,210,211,-1,214,212,215,-1,215,212,213,-1,216,214,217,-1,217,214,215,-1,218,216,219,-1,219,216,217,-1,220,218,221,-1,221,218,219,-1,199,220,201,-1,201,220,221,-1,206,208,204,-1,204,208,210,-1,199,198,220,-1,220,198,202,-1,214,216,212,-1,212,216,218,-1,212,218,210,-1,210,218,220,-1,210,220,204,-1,204,220,202,-1,219,217,215,-1,215,213,219,-1,219,213,211,-1,219,211,221,-1,200,201,203,-1,203,201,221,-1,203,221,205,-1,205,221,211,-1,205,211,207,-1,207,211,209,-1,222,223,224,-1,224,223,225,-1,224,225,226,-1,226,225,227,-1,226,227,228,-1,228,227,229,-1,228,229,230,-1,230,229,231,-1,230,231,232,-1,232,231,233,-1,232,233,234,-1,234,233,235,-1,234,235,236,-1,236,235,237,-1,236,237,238,-1,239,240,241,-1,241,240,242,-1,241,242,243,-1,243,242,244,-1,243,244,245,-1,245,244,246,-1,245,246,247,-1,246,248,247,-1,247,248,249,-1,247,249,250,-1,250,249,251,-1,250,251,252,-1,252,251,253,-1,252,253,254,-1,254,253,255,-1,254,255,256,-1,256,255,257,-1,256,257,258,-1,258,257,259,-1,258,259,260,-1,260,259,261,-1,260,261,262,-1,262,261,263,-1,262,263,264,-1,264,263,265,-1,264,265,266,-1,266,265,267,-1,266,267,268,-1,268,267,269,-1,268,269,270,-1,270,269,271,-1,270,271,272,-1,272,271,273,-1,272,273,274,-1,274,273,275,-1,274,275,276,-1,276,275,277,-1,276,277,278,-1,278,277,279,-1,278,279,280,-1,280,279,281,-1,280,281,222,-1,222,281,282,-1,222,282,223,-1,237,283,238,-1,238,283,284,-1,238,284,285,-1,285,284,286,-1,285,286,287,-1,287,286,288,-1,287,288,289,-1,289,288,290,-1,289,290,291,-1,291,290,292,-1,291,292,293,-1,293,292,294,-1,293,294,239,-1,239,294,295,-1,239,295,240,-1,296,297,298,-1,298,297,299,-1,298,299,300,-1,300,299,301,-1,300,301,302,-1,302,301,303,-1,302,303,304,-1,304,303,305,-1,304,305,306,-1,306,305,307,-1,306,307,308,-1,309,310,311,-1,311,310,312,-1,311,312,313,-1,313,312,314,-1,313,314,315,-1,315,314,316,-1,315,316,317,-1,317,316,318,-1,317,318,319,-1,319,318,320,-1,319,320,321,-1,321,320,322,-1,321,322,323,-1,323,322,324,-1,323,324,325,-1,325,324,326,-1,325,326,327,-1,327,326,328,-1,327,328,329,-1,329,328,330,-1,329,330,331,-1,331,330,332,-1,331,332,333,-1,333,332,334,-1,333,334,335,-1,335,334,336,-1,335,336,337,-1,337,336,338,-1,337,338,296,-1,296,338,339,-1,296,339,297,-1,340,341,342,-1,342,341,343,-1,342,343,344,-1,344,343,345,-1,344,345,346,-1,346,345,347,-1,346,347,348,-1,348,347,349,-1,348,349,350,-1,350,349,351,-1,350,351,352,-1,352,351,353,-1,352,353,354,-1,354,353,355,-1,354,355,309,-1,309,355,356,-1,309,356,310,-1,307,357,308,-1,308,357,358,-1,308,358,359,-1,359,358,360,-1,359,360,361,-1,361,360,362,-1,361,362,363,-1,363,362,364,-1,363,364,365,-1,365,364,366,-1,365,366,367,-1,367,366,368,-1,367,368,340,-1,340,368,369,-1,340,369,341,-1,275,273,320,-1,320,273,322,-1,275,320,318,-1,275,318,277,-1,277,318,316,-1,277,316,279,-1,279,316,314,-1,279,314,281,-1,281,314,312,-1,281,312,282,-1,282,312,310,-1,282,310,223,-1,223,310,356,-1,223,356,225,-1,225,356,355,-1,225,355,227,-1,227,355,353,-1,227,353,229,-1,229,353,351,-1,229,351,231,-1,231,351,349,-1,231,349,233,-1,233,349,347,-1,233,347,235,-1,235,347,345,-1,235,345,237,-1,237,345,343,-1,237,343,283,-1,283,343,341,-1,283,341,284,-1,284,341,369,-1,284,369,286,-1,286,369,368,-1,286,368,288,-1,288,368,366,-1,288,366,290,-1,290,366,364,-1,290,364,292,-1,292,364,362,-1,292,362,294,-1,294,362,360,-1,294,360,295,-1,295,360,358,-1,295,358,240,-1,240,358,357,-1,240,357,242,-1,242,357,307,-1,242,307,244,-1,244,307,305,-1,244,305,246,-1,246,305,303,-1,246,303,248,-1,248,303,301,-1,248,301,249,-1,249,301,299,-1,249,299,251,-1,251,299,297,-1,251,297,253,-1,253,297,339,-1,253,339,255,-1,255,339,338,-1,255,338,257,-1,257,338,336,-1,257,336,259,-1,259,336,334,-1,259,334,261,-1,261,334,332,-1,261,332,263,-1,263,332,330,-1,263,330,265,-1,265,330,328,-1,265,328,267,-1,267,328,326,-1,267,326,269,-1,271,269,324,-1,324,269,326,-1,273,271,322,-1,322,271,324,-1,268,270,325,-1,325,270,323,-1,270,272,323,-1,323,272,321,-1,272,274,321,-1,321,274,319,-1,230,350,352,-1,230,352,228,-1,228,352,354,-1,228,354,226,-1,226,354,309,-1,226,309,224,-1,224,309,311,-1,224,311,222,-1,222,311,313,-1,222,313,280,-1,280,313,315,-1,280,315,278,-1,278,315,317,-1,278,317,276,-1,276,317,319,-1,276,319,274,-1,291,363,365,-1,291,365,289,-1,289,365,367,-1,289,367,287,-1,287,367,340,-1,287,340,285,-1,285,340,342,-1,285,342,238,-1,238,342,344,-1,238,344,236,-1,236,344,346,-1,236,346,234,-1,234,346,348,-1,234,348,232,-1,232,348,350,-1,232,350,230,-1,252,298,300,-1,252,300,250,-1,250,300,302,-1,250,302,247,-1,247,302,304,-1,247,304,245,-1,245,304,306,-1,245,306,243,-1,243,306,308,-1,243,308,241,-1,241,308,359,-1,241,359,239,-1,239,359,361,-1,239,361,293,-1,293,361,363,-1,293,363,291,-1,268,325,327,-1,268,327,266,-1,266,327,329,-1,266,329,264,-1,264,329,331,-1,264,331,262,-1,262,331,333,-1,262,333,260,-1,260,333,335,-1,260,335,258,-1,258,335,337,-1,258,337,256,-1,256,337,296,-1,256,296,254,-1,254,296,298,-1,254,298,252,-1,370,371,372,-1,373,374,375,-1,371,376,372,-1,372,376,377,-1,372,377,378,-1,378,377,379,-1,378,379,380,-1,380,381,378,-1,378,381,382,-1,378,382,383,-1,384,383,385,-1,385,383,382,-1,385,382,375,-1,375,382,370,-1,375,370,373,-1,373,370,372,-1,386,387,388,-1,388,387,389,-1,390,391,389,-1,389,391,392,-1,389,392,388,-1,388,392,393,-1,390,394,391,-1,391,394,395,-1,391,395,396,-1,396,395,397,-1,396,397,398,-1,398,399,396,-1,396,399,387,-1,396,387,400,-1,400,387,386,-1,400,386,401,-1,378,383,391,-1,391,383,392,-1,372,378,396,-1,396,378,391,-1,373,372,400,-1,400,372,396,-1,374,373,401,-1,401,373,400,-1,375,374,386,-1,386,374,401,-1,385,375,388,-1,388,375,386,-1,384,385,393,-1,393,385,388,-1,383,384,392,-1,392,384,393,-1,370,382,387,-1,387,382,389,-1,382,381,389,-1,389,381,390,-1,379,395,394,-1,379,394,380,-1,380,394,390,-1,380,390,381,-1,379,377,395,-1,395,377,397,-1,371,399,398,-1,371,398,376,-1,376,398,397,-1,376,397,377,-1,371,370,399,-1,399,370,387,-1,402,403,404,-1,404,403,405,-1,406,402,407,-1,407,402,404,-1,408,406,409,-1,409,406,407,-1,410,408,411,-1,411,408,409,-1,412,410,413,-1,413,410,411,-1,414,412,415,-1,415,412,413,-1,416,414,417,-1,417,414,415,-1,418,416,419,-1,419,416,417,-1,420,418,421,-1,421,418,419,-1,422,420,423,-1,423,420,421,-1,424,422,425,-1,425,422,423,-1,403,424,405,-1,405,424,425,-1,403,402,424,-1,424,402,406,-1,410,412,408,-1,408,412,414,-1,418,420,416,-1,416,420,422,-1,416,422,414,-1,414,422,424,-1,414,424,408,-1,408,424,406,-1,423,421,419,-1,419,417,423,-1,423,417,415,-1,423,415,425,-1,404,405,407,-1,407,405,425,-1,407,425,409,-1,409,425,415,-1,409,415,411,-1,411,415,413,-1,426,427,428,-1,428,427,429,-1,430,431,432,-1,433,434,435,-1,435,434,436,-1,435,436,437,-1,437,436,438,-1,437,438,439,-1,440,441,442,-1,443,444,445,-1,430,446,431,-1,431,446,447,-1,431,447,448,-1,449,450,451,-1,451,450,442,-1,451,442,452,-1,452,442,441,-1,453,454,455,-1,455,454,456,-1,455,456,433,-1,433,456,457,-1,433,457,434,-1,447,458,448,-1,448,458,459,-1,448,459,460,-1,460,459,461,-1,460,461,462,-1,428,463,426,-1,426,463,464,-1,426,464,465,-1,465,464,466,-1,465,466,432,-1,432,466,467,-1,432,467,430,-1,468,469,470,-1,470,469,471,-1,470,471,453,-1,453,471,472,-1,453,472,454,-1,473,474,475,-1,475,474,476,-1,475,476,477,-1,477,476,478,-1,477,478,479,-1,445,480,443,-1,443,480,481,-1,443,481,473,-1,473,481,482,-1,473,482,474,-1,483,484,485,-1,485,484,486,-1,485,486,444,-1,444,486,487,-1,444,487,445,-1,488,489,442,-1,442,489,490,-1,442,490,440,-1,491,488,468,-1,468,488,492,-1,468,492,469,-1,429,489,428,-1,428,489,488,-1,428,488,493,-1,493,488,491,-1,461,494,462,-1,462,494,495,-1,462,495,496,-1,496,495,497,-1,496,497,498,-1,438,499,439,-1,439,499,500,-1,439,500,501,-1,501,500,502,-1,501,502,503,-1,503,502,504,-1,503,504,505,-1,505,504,506,-1,505,506,507,-1,507,506,508,-1,507,508,509,-1,509,508,510,-1,509,510,511,-1,511,510,512,-1,511,512,513,-1,513,512,514,-1,513,514,515,-1,515,514,516,-1,515,516,517,-1,517,516,518,-1,517,518,519,-1,452,520,451,-1,451,520,521,-1,451,521,522,-1,522,521,523,-1,522,523,524,-1,525,526,527,-1,527,526,528,-1,527,528,529,-1,529,528,530,-1,529,530,531,-1,497,532,498,-1,498,532,533,-1,498,533,483,-1,483,533,534,-1,483,534,484,-1,530,535,531,-1,531,535,536,-1,531,536,537,-1,537,536,538,-1,537,538,539,-1,539,538,524,-1,539,524,540,-1,540,524,523,-1,478,541,479,-1,479,541,542,-1,479,542,543,-1,543,542,544,-1,543,544,545,-1,545,544,546,-1,545,546,525,-1,525,546,547,-1,525,547,526,-1,548,549,550,-1,551,552,553,-1,553,552,554,-1,553,554,555,-1,556,557,558,-1,558,557,559,-1,558,559,560,-1,561,562,563,-1,564,565,566,-1,566,565,567,-1,566,567,568,-1,568,567,569,-1,568,569,570,-1,570,569,571,-1,570,571,572,-1,554,573,555,-1,555,573,574,-1,555,574,575,-1,575,574,576,-1,575,576,577,-1,578,579,580,-1,580,579,581,-1,580,581,582,-1,582,581,583,-1,582,583,551,-1,551,583,584,-1,551,584,552,-1,585,561,586,-1,586,561,563,-1,586,563,587,-1,587,563,588,-1,589,590,591,-1,591,590,592,-1,591,592,593,-1,593,592,594,-1,593,594,595,-1,595,594,596,-1,595,596,597,-1,597,596,598,-1,599,600,589,-1,589,600,601,-1,589,601,590,-1,602,603,556,-1,556,603,604,-1,556,604,557,-1,605,606,602,-1,602,606,607,-1,602,607,603,-1,566,608,564,-1,564,608,609,-1,564,609,610,-1,610,609,611,-1,610,611,586,-1,586,611,612,-1,586,612,585,-1,613,614,599,-1,599,614,615,-1,599,615,600,-1,616,617,618,-1,618,617,563,-1,618,563,619,-1,619,563,562,-1,559,620,560,-1,560,620,621,-1,560,621,622,-1,623,624,625,-1,625,624,626,-1,625,626,627,-1,627,626,628,-1,627,628,605,-1,605,628,629,-1,605,629,606,-1,571,630,572,-1,572,630,631,-1,572,631,632,-1,632,631,633,-1,632,633,634,-1,634,633,635,-1,634,635,623,-1,623,635,636,-1,623,636,624,-1,576,637,577,-1,577,637,638,-1,577,638,639,-1,639,638,640,-1,639,640,641,-1,641,640,617,-1,641,617,642,-1,642,617,643,-1,643,617,616,-1,643,616,598,-1,598,616,644,-1,598,644,597,-1,645,646,647,-1,647,646,648,-1,647,648,613,-1,613,648,649,-1,613,649,614,-1,621,650,622,-1,622,650,651,-1,622,651,652,-1,652,651,653,-1,652,653,645,-1,645,653,654,-1,645,654,646,-1,548,550,655,-1,655,550,656,-1,655,656,657,-1,657,656,658,-1,657,658,659,-1,659,658,660,-1,659,660,661,-1,661,660,662,-1,661,662,663,-1,663,662,664,-1,663,664,665,-1,665,664,666,-1,665,666,667,-1,667,666,668,-1,667,668,578,-1,578,668,669,-1,578,669,579,-1,504,668,666,-1,504,666,506,-1,506,666,664,-1,506,664,508,-1,508,664,662,-1,508,662,510,-1,510,662,660,-1,510,660,512,-1,512,660,658,-1,512,658,514,-1,514,658,656,-1,514,656,516,-1,516,656,550,-1,516,550,518,-1,519,518,549,-1,549,518,550,-1,519,549,548,-1,519,548,517,-1,517,548,655,-1,517,655,515,-1,515,655,657,-1,515,657,513,-1,513,657,659,-1,513,659,511,-1,511,659,661,-1,511,661,509,-1,509,661,663,-1,509,663,507,-1,507,663,665,-1,507,665,505,-1,505,665,667,-1,505,667,503,-1,503,667,578,-1,503,578,501,-1,501,578,580,-1,501,580,439,-1,439,580,582,-1,439,582,437,-1,437,582,551,-1,437,551,435,-1,435,551,553,-1,435,553,433,-1,433,553,555,-1,433,555,455,-1,455,555,575,-1,455,575,453,-1,453,575,577,-1,453,577,470,-1,470,577,639,-1,470,639,468,-1,468,639,641,-1,468,641,491,-1,491,641,642,-1,491,642,493,-1,493,642,643,-1,493,643,428,-1,463,428,598,-1,598,428,643,-1,463,598,596,-1,463,596,464,-1,464,596,594,-1,464,594,466,-1,466,594,592,-1,466,592,467,-1,467,592,590,-1,467,590,430,-1,430,590,601,-1,430,601,446,-1,446,601,600,-1,446,600,447,-1,447,600,615,-1,447,615,458,-1,458,615,614,-1,458,614,459,-1,459,614,649,-1,459,649,461,-1,461,649,648,-1,461,648,494,-1,494,648,646,-1,494,646,495,-1,495,646,654,-1,495,654,497,-1,497,654,653,-1,497,653,532,-1,532,653,651,-1,532,651,533,-1,533,651,650,-1,533,650,534,-1,534,650,621,-1,534,621,484,-1,484,621,620,-1,484,620,486,-1,486,620,559,-1,486,559,487,-1,487,559,557,-1,487,557,445,-1,445,557,604,-1,445,604,480,-1,480,604,603,-1,480,603,481,-1,481,603,607,-1,481,607,482,-1,482,607,606,-1,482,606,474,-1,474,606,629,-1,474,629,476,-1,476,629,628,-1,476,628,478,-1,478,628,626,-1,478,626,541,-1,541,626,624,-1,541,624,542,-1,542,624,636,-1,542,636,544,-1,544,636,635,-1,544,635,546,-1,546,635,633,-1,546,633,547,-1,547,633,631,-1,547,631,526,-1,526,631,630,-1,526,630,528,-1,528,630,571,-1,528,571,530,-1,530,571,569,-1,530,569,535,-1,535,569,567,-1,535,567,536,-1,536,567,565,-1,536,565,538,-1,538,565,564,-1,538,564,524,-1,524,564,610,-1,524,610,522,-1,451,522,586,-1,586,522,610,-1,449,451,587,-1,587,451,586,-1,450,449,588,-1,588,449,587,-1,442,450,563,-1,563,450,588,-1,442,563,617,-1,442,617,488,-1,488,617,640,-1,488,640,492,-1,492,640,638,-1,492,638,469,-1,469,638,637,-1,469,637,471,-1,471,637,576,-1,471,576,472,-1,472,576,574,-1,472,574,454,-1,454,574,573,-1,454,573,456,-1,456,573,554,-1,456,554,457,-1,457,554,552,-1,457,552,434,-1,434,552,584,-1,434,584,436,-1,436,584,583,-1,436,583,438,-1,438,583,581,-1,438,581,499,-1,499,581,579,-1,499,579,500,-1,500,579,669,-1,500,669,502,-1,502,669,668,-1,502,668,504,-1,431,589,591,-1,431,591,432,-1,432,591,593,-1,432,593,465,-1,465,593,595,-1,465,595,426,-1,426,595,597,-1,426,597,427,-1,427,597,644,-1,427,644,429,-1,498,652,645,-1,498,645,496,-1,496,645,647,-1,496,647,462,-1,462,647,613,-1,462,613,460,-1,460,613,599,-1,460,599,448,-1,448,599,589,-1,448,589,431,-1,473,602,556,-1,473,556,443,-1,443,556,558,-1,443,558,444,-1,444,558,560,-1,444,560,485,-1,485,560,622,-1,485,622,483,-1,483,622,652,-1,483,652,498,-1,545,634,623,-1,545,623,543,-1,543,623,625,-1,543,625,479,-1,479,625,627,-1,479,627,477,-1,477,627,605,-1,477,605,475,-1,475,605,602,-1,475,602,473,-1,540,609,608,-1,540,608,539,-1,539,608,566,-1,539,566,537,-1,537,566,568,-1,537,568,531,-1,531,568,570,-1,531,570,529,-1,529,570,572,-1,529,572,527,-1,527,572,632,-1,527,632,525,-1,525,632,634,-1,525,634,545,-1,490,618,619,-1,490,619,440,-1,440,619,562,-1,440,562,441,-1,441,562,561,-1,441,561,452,-1,452,561,585,-1,452,585,520,-1,520,585,612,-1,520,612,521,-1,521,612,611,-1,521,611,523,-1,523,611,609,-1,523,609,540,-1,490,489,618,-1,618,489,616,-1,489,429,616,-1,616,429,644,-1,670,671,672,-1,670,672,673,-1,673,672,674,-1,673,674,675,-1,675,674,676,-1,675,676,677,-1,677,676,678,-1,677,678,679,-1,679,678,680,-1,679,680,681,-1,681,680,682,-1,681,682,683,-1,683,682,684,-1,683,684,685,-1,686,685,687,-1,687,685,684,-1,686,687,688,-1,686,688,689,-1,689,688,690,-1,689,690,691,-1,691,690,692,-1,691,692,693,-1,693,692,694,-1,693,694,695,-1,695,694,696,-1,695,696,697,-1,697,696,698,-1,697,698,699,-1,699,698,700,-1,699,700,701,-1,701,700,702,-1,701,702,703,-1,703,702,704,-1,703,704,705,-1,705,704,706,-1,705,706,707,-1,707,706,708,-1,707,708,709,-1,709,708,710,-1,709,710,711,-1,711,710,712,-1,711,712,713,-1,713,712,714,-1,713,714,715,-1,715,714,716,-1,715,716,717,-1,717,716,718,-1,717,718,719,-1,719,718,720,-1,719,720,721,-1,721,720,722,-1,721,722,723,-1,723,722,724,-1,723,724,725,-1,725,724,726,-1,725,726,727,-1,727,726,728,-1,727,728,729,-1,729,728,730,-1,729,730,731,-1,731,730,732,-1,731,732,733,-1,733,732,734,-1,733,734,735,-1,735,734,736,-1,735,736,737,-1,737,736,738,-1,737,738,739,-1,739,738,740,-1,739,740,741,-1,741,740,742,-1,741,742,743,-1,743,742,744,-1,743,744,745,-1,745,744,746,-1,745,746,747,-1,747,746,748,-1,747,748,749,-1,749,748,750,-1,749,750,751,-1,751,750,752,-1,751,752,753,-1,753,752,754,-1,753,754,755,-1,755,754,756,-1,755,756,757,-1,757,756,758,-1,757,758,759,-1,759,758,760,-1,759,760,761,-1,761,760,762,-1,761,762,763,-1,763,762,764,-1,763,764,765,-1,765,764,766,-1,765,766,767,-1,767,766,768,-1,767,768,769,-1,769,768,770,-1,769,770,771,-1,771,770,772,-1,771,772,773,-1,773,772,774,-1,773,774,775,-1,775,774,776,-1,775,776,777,-1,777,776,778,-1,777,778,779,-1,779,778,780,-1,779,780,781,-1,781,780,782,-1,781,782,783,-1,783,782,784,-1,783,784,785,-1,785,784,786,-1,785,786,787,-1,787,786,788,-1,787,788,789,-1,789,788,790,-1,789,790,791,-1,791,790,792,-1,791,792,793,-1,793,792,794,-1,793,794,795,-1,795,794,796,-1,795,796,797,-1,797,796,798,-1,797,798,799,-1,799,798,800,-1,799,800,801,-1,801,800,802,-1,801,802,803,-1,803,802,804,-1,803,804,805,-1,806,805,807,-1,807,805,804,-1,806,807,808,-1,806,808,809,-1,809,808,810,-1,809,810,811,-1,811,810,812,-1,811,812,813,-1,813,812,814,-1,813,814,815,-1,815,814,816,-1,815,816,817,-1,817,816,818,-1,817,818,819,-1,819,818,820,-1,819,820,821,-1,821,820,822,-1,821,822,823,-1,823,822,824,-1,823,824,825,-1,825,824,826,-1,825,826,827,-1,827,826,828,-1,827,828,829,-1,829,828,830,-1,829,830,831,-1,831,830,832,-1,831,832,833,-1,833,832,834,-1,833,834,835,-1,835,834,836,-1,835,836,837,-1,837,836,838,-1,837,838,839,-1,839,838,840,-1,839,840,841,-1,841,840,842,-1,841,842,843,-1,843,842,844,-1,843,844,845,-1,845,844,846,-1,845,846,847,-1,847,846,848,-1,847,848,849,-1,849,848,850,-1,849,850,851,-1,851,850,852,-1,851,852,853,-1,853,852,854,-1,853,854,855,-1,855,854,856,-1,855,856,857,-1,857,856,858,-1,857,858,859,-1,859,858,860,-1,859,860,861,-1,861,860,862,-1,861,862,863,-1,863,862,864,-1,863,864,865,-1,865,864,866,-1,865,866,867,-1,867,866,868,-1,867,868,869,-1,869,868,870,-1,869,870,871,-1,871,870,872,-1,871,872,873,-1,873,872,874,-1,873,874,875,-1,875,874,876,-1,875,876,877,-1,877,876,878,-1,877,878,879,-1,879,878,880,-1,879,880,881,-1,881,880,882,-1,881,882,883,-1,883,882,884,-1,883,884,885,-1,885,884,886,-1,885,886,887,-1,887,886,888,-1,887,888,889,-1,889,888,890,-1,889,890,891,-1,891,890,892,-1,891,892,893,-1,893,892,894,-1,893,894,895,-1,895,894,896,-1,895,896,897,-1,897,896,898,-1,897,898,899,-1,899,898,900,-1,899,900,901,-1,901,900,902,-1,901,902,903,-1,903,902,904,-1,903,904,905,-1,905,904,906,-1,905,906,907,-1,907,906,671,-1,907,671,670,-1,683,685,686,-1,803,805,806,-1,713,715,897,-1,897,715,895,-1,777,837,775,-1,775,837,839,-1,775,839,773,-1,715,717,895,-1,895,717,719,-1,895,719,893,-1,779,833,777,-1,777,833,835,-1,777,835,837,-1,713,897,711,-1,711,897,899,-1,711,899,709,-1,709,899,901,-1,709,901,707,-1,707,901,903,-1,707,903,705,-1,855,765,853,-1,853,765,767,-1,737,883,735,-1,735,883,885,-1,839,841,773,-1,773,841,843,-1,773,843,771,-1,843,845,771,-1,771,845,847,-1,771,847,769,-1,769,847,849,-1,769,849,767,-1,767,849,851,-1,767,851,853,-1,855,857,765,-1,765,857,859,-1,765,859,763,-1,763,859,861,-1,763,861,761,-1,761,861,863,-1,761,863,759,-1,759,863,865,-1,759,865,757,-1,889,729,887,-1,887,729,731,-1,887,731,885,-1,885,731,733,-1,885,733,735,-1,719,721,893,-1,893,721,723,-1,893,723,891,-1,891,723,725,-1,891,725,889,-1,889,725,727,-1,889,727,729,-1,737,739,883,-1,883,739,741,-1,883,741,881,-1,881,741,743,-1,881,743,879,-1,879,743,745,-1,879,745,877,-1,877,745,747,-1,877,747,875,-1,705,903,703,-1,703,903,905,-1,703,905,701,-1,701,905,907,-1,701,907,699,-1,699,907,670,-1,699,670,697,-1,697,670,673,-1,697,673,695,-1,695,673,675,-1,695,675,693,-1,693,675,677,-1,693,677,691,-1,691,677,679,-1,691,679,689,-1,689,679,686,-1,686,679,681,-1,686,681,683,-1,747,749,875,-1,875,749,751,-1,875,751,873,-1,873,751,753,-1,873,753,871,-1,871,753,755,-1,871,755,869,-1,869,755,757,-1,869,757,867,-1,867,757,865,-1,803,806,801,-1,801,806,809,-1,801,809,799,-1,799,809,811,-1,799,811,797,-1,797,811,813,-1,797,813,795,-1,795,813,815,-1,795,815,793,-1,793,815,817,-1,793,817,791,-1,791,817,819,-1,791,819,789,-1,789,819,821,-1,789,821,787,-1,787,821,823,-1,787,823,785,-1,785,823,825,-1,785,825,783,-1,783,825,827,-1,783,827,781,-1,781,827,829,-1,781,829,779,-1,779,829,831,-1,779,831,833,-1,894,714,896,-1,896,714,712,-1,896,712,898,-1,898,712,710,-1,898,710,900,-1,776,774,836,-1,856,764,858,-1,858,764,762,-1,892,718,894,-1,894,718,716,-1,894,716,714,-1,886,884,732,-1,732,884,734,-1,734,884,882,-1,734,882,736,-1,856,854,764,-1,764,854,852,-1,764,852,766,-1,766,852,850,-1,766,850,768,-1,880,740,882,-1,882,740,738,-1,882,738,736,-1,770,842,772,-1,772,842,840,-1,772,840,774,-1,774,840,838,-1,774,838,836,-1,890,722,892,-1,892,722,720,-1,892,720,718,-1,850,848,768,-1,768,848,846,-1,768,846,770,-1,770,846,844,-1,770,844,842,-1,710,708,900,-1,900,708,706,-1,900,706,902,-1,902,706,704,-1,902,704,904,-1,904,704,702,-1,904,702,906,-1,906,702,700,-1,906,700,671,-1,671,700,698,-1,671,698,672,-1,672,698,696,-1,672,696,674,-1,674,696,694,-1,674,694,676,-1,732,730,886,-1,886,730,728,-1,886,728,888,-1,888,728,726,-1,888,726,890,-1,890,726,724,-1,890,724,722,-1,694,692,676,-1,676,692,690,-1,676,690,678,-1,678,690,688,-1,678,688,680,-1,680,688,687,-1,680,687,682,-1,682,687,684,-1,872,870,754,-1,754,870,868,-1,754,868,756,-1,756,868,866,-1,756,866,758,-1,758,866,864,-1,758,864,760,-1,760,864,862,-1,760,862,762,-1,762,862,860,-1,762,860,858,-1,836,834,776,-1,776,834,832,-1,776,832,778,-1,778,832,830,-1,778,830,780,-1,780,830,828,-1,780,828,782,-1,782,828,826,-1,782,826,784,-1,784,826,824,-1,784,824,786,-1,786,824,822,-1,786,822,788,-1,788,822,820,-1,788,820,790,-1,790,820,818,-1,790,818,792,-1,792,818,816,-1,792,816,794,-1,794,816,814,-1,794,814,796,-1,796,814,812,-1,796,812,798,-1,798,812,810,-1,798,810,800,-1,800,810,808,-1,800,808,802,-1,802,808,807,-1,802,807,804,-1,754,752,872,-1,872,752,750,-1,872,750,874,-1,874,750,748,-1,874,748,876,-1,876,748,746,-1,876,746,878,-1,878,746,744,-1,878,744,880,-1,880,744,742,-1,880,742,740,-1,908,909,910,-1,910,909,911,-1,912,908,913,-1,913,908,910,-1,912,913,914,-1,912,914,915,-1,915,914,916,-1,915,916,917,-1,918,917,919,-1,919,917,916,-1,920,918,921,-1,921,918,919,-1,922,920,923,-1,923,920,921,-1,924,922,925,-1,925,922,923,-1,926,924,927,-1,927,924,925,-1,928,926,929,-1,929,926,927,-1,928,929,930,-1,928,930,931,-1,931,930,932,-1,931,932,933,-1,933,932,934,-1,933,934,935,-1,935,934,936,-1,935,936,937,-1,937,936,938,-1,937,938,939,-1,939,938,940,-1,939,940,941,-1,941,940,942,-1,941,942,943,-1,943,942,944,-1,943,944,945,-1,945,944,946,-1,945,946,947,-1,947,946,948,-1,947,948,949,-1,950,949,951,-1,951,949,948,-1,950,951,952,-1,950,952,953,-1,953,952,954,-1,953,954,955,-1,955,954,956,-1,955,956,957,-1,957,956,958,-1,957,958,959,-1,959,958,960,-1,959,960,961,-1,961,960,962,-1,961,962,963,-1,963,962,964,-1,963,964,965,-1,965,964,966,-1,965,966,967,-1,967,966,968,-1,967,968,969,-1,969,968,970,-1,969,970,971,-1,971,970,972,-1,971,972,973,-1,973,972,974,-1,973,974,975,-1,975,974,976,-1,975,976,977,-1,977,976,978,-1,977,978,979,-1,909,979,911,-1,911,979,978,-1,915,917,979,-1,909,908,979,-1,979,908,912,-1,979,912,915,-1,922,924,920,-1,920,924,926,-1,920,926,918,-1,933,935,967,-1,967,935,965,-1,965,935,937,-1,965,937,963,-1,963,937,939,-1,963,939,961,-1,961,939,959,-1,959,939,941,-1,959,941,957,-1,957,941,943,-1,957,943,955,-1,967,969,933,-1,933,969,971,-1,933,971,931,-1,931,971,973,-1,931,973,928,-1,955,943,953,-1,953,943,945,-1,953,945,950,-1,950,945,947,-1,950,947,949,-1,973,975,928,-1,928,975,977,-1,928,977,926,-1,926,977,979,-1,926,979,918,-1,918,979,917,-1,940,938,960,-1,927,925,923,-1,910,911,913,-1,913,911,978,-1,960,938,962,-1,962,938,936,-1,962,936,964,-1,960,958,940,-1,940,958,956,-1,940,956,942,-1,942,956,954,-1,942,954,944,-1,944,954,952,-1,944,952,946,-1,946,952,951,-1,946,951,948,-1,964,936,966,-1,966,936,934,-1,966,934,968,-1,968,934,932,-1,968,932,970,-1,970,932,930,-1,970,930,972,-1,972,930,974,-1,974,930,929,-1,974,929,976,-1,919,916,978,-1,978,916,914,-1,978,914,913,-1,923,921,927,-1,927,921,919,-1,927,919,929,-1,929,919,978,-1,929,978,976,-1,980,981,982,-1,982,981,983,-1,984,980,985,-1,985,980,982,-1,986,984,987,-1,987,984,985,-1,988,986,989,-1,989,986,987,-1,990,988,991,-1,991,988,989,-1,992,990,993,-1,993,990,991,-1,994,992,995,-1,995,992,993,-1,996,994,997,-1,997,994,995,-1,998,996,999,-1,999,996,997,-1,1000,998,1001,-1,1001,998,999,-1,1002,1000,1003,-1,1003,1000,1001,-1,981,1002,983,-1,983,1002,1003,-1,996,998,994,-1,994,998,1000,-1,994,1000,992,-1,981,980,1002,-1,1002,980,984,-1,1002,984,986,-1,988,990,986,-1,986,990,992,-1,986,992,1002,-1,1002,992,1000,-1,1001,999,997,-1,997,995,1001,-1,1001,995,993,-1,1001,993,1003,-1,982,983,985,-1,985,983,1003,-1,985,1003,987,-1,987,1003,993,-1,987,993,989,-1,989,993,991,-1,1004,1005,1006,-1,1006,1005,1007,-1,1006,1007,1008,-1,1008,1007,1009,-1,1008,1009,1010,-1,1010,1009,1011,-1,1010,1011,1012,-1,1012,1011,1013,-1,1012,1013,1014,-1,1014,1013,1015,-1,1014,1015,1016,-1,1016,1015,1017,-1,1016,1017,1018,-1,1018,1017,1019,-1,1018,1019,1020,-1,1021,1022,1023,-1,1023,1022,1024,-1,1023,1024,1025,-1,1025,1024,1026,-1,1025,1026,1027,-1,1027,1026,1028,-1,1027,1028,1029,-1,1028,1030,1029,-1,1029,1030,1031,-1,1029,1031,1032,-1,1032,1031,1033,-1,1032,1033,1034,-1,1034,1033,1035,-1,1034,1035,1036,-1,1036,1035,1037,-1,1036,1037,1038,-1,1038,1037,1039,-1,1038,1039,1040,-1,1040,1039,1041,-1,1040,1041,1042,-1,1042,1041,1043,-1,1042,1043,1044,-1,1044,1043,1045,-1,1044,1045,1046,-1,1046,1045,1047,-1,1046,1047,1048,-1,1048,1047,1049,-1,1048,1049,1050,-1,1050,1049,1051,-1,1050,1051,1052,-1,1052,1051,1053,-1,1052,1053,1054,-1,1054,1053,1055,-1,1054,1055,1056,-1,1056,1055,1057,-1,1056,1057,1058,-1,1058,1057,1059,-1,1058,1059,1060,-1,1060,1059,1061,-1,1060,1061,1062,-1,1062,1061,1063,-1,1062,1063,1004,-1,1004,1063,1064,-1,1004,1064,1005,-1,1019,1065,1020,-1,1020,1065,1066,-1,1020,1066,1067,-1,1067,1066,1068,-1,1067,1068,1069,-1,1069,1068,1070,-1,1069,1070,1071,-1,1071,1070,1072,-1,1071,1072,1073,-1,1073,1072,1074,-1,1073,1074,1075,-1,1075,1074,1076,-1,1075,1076,1021,-1,1021,1076,1077,-1,1021,1077,1022,-1,1078,1079,1080,-1,1080,1079,1081,-1,1080,1081,1082,-1,1082,1081,1083,-1,1082,1083,1084,-1,1084,1083,1085,-1,1084,1085,1086,-1,1086,1085,1087,-1,1086,1087,1088,-1,1088,1087,1089,-1,1088,1089,1090,-1,1091,1092,1093,-1,1093,1092,1094,-1,1093,1094,1095,-1,1095,1094,1096,-1,1095,1096,1097,-1,1097,1096,1098,-1,1097,1098,1099,-1,1099,1098,1100,-1,1099,1100,1101,-1,1101,1100,1102,-1,1101,1102,1103,-1,1103,1102,1104,-1,1103,1104,1105,-1,1105,1104,1106,-1,1105,1106,1107,-1,1107,1106,1108,-1,1107,1108,1109,-1,1109,1108,1110,-1,1109,1110,1111,-1,1111,1110,1112,-1,1111,1112,1113,-1,1113,1112,1114,-1,1113,1114,1115,-1,1115,1114,1116,-1,1115,1116,1117,-1,1117,1116,1118,-1,1117,1118,1119,-1,1119,1118,1120,-1,1119,1120,1078,-1,1078,1120,1121,-1,1078,1121,1079,-1,1122,1123,1124,-1,1124,1123,1125,-1,1124,1125,1126,-1,1126,1125,1127,-1,1126,1127,1128,-1,1128,1127,1129,-1,1128,1129,1130,-1,1130,1129,1131,-1,1130,1131,1132,-1,1132,1131,1133,-1,1132,1133,1134,-1,1134,1133,1135,-1,1134,1135,1136,-1,1136,1135,1137,-1,1136,1137,1091,-1,1091,1137,1138,-1,1091,1138,1092,-1,1089,1139,1090,-1,1090,1139,1140,-1,1090,1140,1141,-1,1141,1140,1142,-1,1141,1142,1143,-1,1143,1142,1144,-1,1143,1144,1145,-1,1145,1144,1146,-1,1145,1146,1147,-1,1147,1146,1148,-1,1147,1148,1149,-1,1149,1148,1150,-1,1149,1150,1122,-1,1122,1150,1151,-1,1122,1151,1123,-1,1057,1055,1102,-1,1102,1055,1104,-1,1057,1102,1100,-1,1057,1100,1059,-1,1059,1100,1098,-1,1059,1098,1061,-1,1061,1098,1096,-1,1061,1096,1063,-1,1063,1096,1094,-1,1063,1094,1064,-1,1064,1094,1092,-1,1064,1092,1005,-1,1005,1092,1138,-1,1005,1138,1007,-1,1007,1138,1137,-1,1007,1137,1009,-1,1009,1137,1135,-1,1009,1135,1011,-1,1011,1135,1133,-1,1011,1133,1013,-1,1013,1133,1131,-1,1013,1131,1015,-1,1015,1131,1129,-1,1015,1129,1017,-1,1017,1129,1127,-1,1017,1127,1019,-1,1019,1127,1125,-1,1019,1125,1065,-1,1065,1125,1123,-1,1065,1123,1066,-1,1066,1123,1151,-1,1066,1151,1068,-1,1068,1151,1150,-1,1068,1150,1070,-1,1070,1150,1148,-1,1070,1148,1072,-1,1072,1148,1146,-1,1072,1146,1074,-1,1074,1146,1144,-1,1074,1144,1076,-1,1076,1144,1142,-1,1076,1142,1077,-1,1077,1142,1140,-1,1077,1140,1022,-1,1022,1140,1139,-1,1022,1139,1024,-1,1024,1139,1089,-1,1024,1089,1026,-1,1026,1089,1087,-1,1026,1087,1028,-1,1028,1087,1085,-1,1028,1085,1030,-1,1030,1085,1083,-1,1030,1083,1031,-1,1031,1083,1081,-1,1031,1081,1033,-1,1033,1081,1079,-1,1033,1079,1035,-1,1035,1079,1121,-1,1035,1121,1037,-1,1037,1121,1120,-1,1037,1120,1039,-1,1039,1120,1118,-1,1039,1118,1041,-1,1041,1118,1116,-1,1041,1116,1043,-1,1043,1116,1114,-1,1043,1114,1045,-1,1045,1114,1112,-1,1045,1112,1047,-1,1047,1112,1110,-1,1047,1110,1049,-1,1049,1110,1108,-1,1049,1108,1051,-1,1053,1051,1106,-1,1106,1051,1108,-1,1055,1053,1104,-1,1104,1053,1106,-1,1050,1052,1107,-1,1107,1052,1105,-1,1052,1054,1105,-1,1105,1054,1103,-1,1054,1056,1103,-1,1103,1056,1101,-1,1012,1132,1134,-1,1012,1134,1010,-1,1010,1134,1136,-1,1010,1136,1008,-1,1008,1136,1091,-1,1008,1091,1006,-1,1006,1091,1093,-1,1006,1093,1004,-1,1004,1093,1095,-1,1004,1095,1062,-1,1062,1095,1097,-1,1062,1097,1060,-1,1060,1097,1099,-1,1060,1099,1058,-1,1058,1099,1101,-1,1058,1101,1056,-1,1073,1145,1147,-1,1073,1147,1071,-1,1071,1147,1149,-1,1071,1149,1069,-1,1069,1149,1122,-1,1069,1122,1067,-1,1067,1122,1124,-1,1067,1124,1020,-1,1020,1124,1126,-1,1020,1126,1018,-1,1018,1126,1128,-1,1018,1128,1016,-1,1016,1128,1130,-1,1016,1130,1014,-1,1014,1130,1132,-1,1014,1132,1012,-1,1034,1080,1082,-1,1034,1082,1032,-1,1032,1082,1084,-1,1032,1084,1029,-1,1029,1084,1086,-1,1029,1086,1027,-1,1027,1086,1088,-1,1027,1088,1025,-1,1025,1088,1090,-1,1025,1090,1023,-1,1023,1090,1141,-1,1023,1141,1021,-1,1021,1141,1143,-1,1021,1143,1075,-1,1075,1143,1145,-1,1075,1145,1073,-1,1050,1107,1109,-1,1050,1109,1048,-1,1048,1109,1111,-1,1048,1111,1046,-1,1046,1111,1113,-1,1046,1113,1044,-1,1044,1113,1115,-1,1044,1115,1042,-1,1042,1115,1117,-1,1042,1117,1040,-1,1040,1117,1119,-1,1040,1119,1038,-1,1038,1119,1078,-1,1038,1078,1036,-1,1036,1078,1080,-1,1036,1080,1034,-1,1152,1153,1154,-1,1155,1156,1157,-1,1153,1158,1154,-1,1154,1158,1159,-1,1154,1159,1160,-1,1160,1159,1161,-1,1160,1161,1162,-1,1162,1163,1160,-1,1160,1163,1164,-1,1160,1164,1165,-1,1166,1165,1167,-1,1167,1165,1164,-1,1167,1164,1157,-1,1157,1164,1152,-1,1157,1152,1155,-1,1155,1152,1154,-1,1168,1169,1170,-1,1170,1169,1171,-1,1172,1173,1171,-1,1171,1173,1174,-1,1171,1174,1170,-1,1170,1174,1175,-1,1172,1176,1173,-1,1173,1176,1177,-1,1173,1177,1178,-1,1178,1177,1179,-1,1178,1179,1180,-1,1180,1181,1178,-1,1178,1181,1169,-1,1178,1169,1182,-1,1182,1169,1168,-1,1182,1168,1183,-1,1160,1165,1173,-1,1173,1165,1174,-1,1154,1160,1178,-1,1178,1160,1173,-1,1155,1154,1182,-1,1182,1154,1178,-1,1156,1155,1183,-1,1183,1155,1182,-1,1157,1156,1168,-1,1168,1156,1183,-1,1167,1157,1170,-1,1170,1157,1168,-1,1166,1167,1175,-1,1175,1167,1170,-1,1165,1166,1174,-1,1174,1166,1175,-1,1152,1164,1169,-1,1169,1164,1171,-1,1164,1163,1171,-1,1171,1163,1172,-1,1161,1177,1176,-1,1161,1176,1162,-1,1162,1176,1172,-1,1162,1172,1163,-1,1161,1159,1177,-1,1177,1159,1179,-1,1153,1181,1180,-1,1153,1180,1158,-1,1158,1180,1179,-1,1158,1179,1159,-1,1153,1152,1181,-1,1181,1152,1169,-1,1184,1185,1186,-1,1187,1188,1189,-1,1190,1191,1192,-1,1193,1194,1195,-1,1195,1194,1196,-1,1195,1196,1197,-1,1198,1199,1200,-1,1201,1202,1186,-1,1186,1202,1203,-1,1186,1203,1184,-1,1204,1205,1206,-1,1206,1205,1207,-1,1206,1207,1208,-1,1208,1207,1209,-1,1208,1209,1210,-1,1210,1209,1211,-1,1210,1211,1212,-1,1213,1214,1207,-1,1207,1214,1215,-1,1207,1215,1209,-1,1209,1215,1216,-1,1209,1216,1217,-1,1218,1219,1220,-1,1220,1219,1186,-1,1220,1186,1221,-1,1222,1223,1224,-1,1225,1185,1226,-1,1226,1185,1227,-1,1226,1227,1228,-1,1200,1199,1229,-1,1229,1199,1230,-1,1229,1230,1231,-1,1231,1230,1232,-1,1231,1232,1233,-1,1192,1191,1234,-1,1234,1191,1235,-1,1234,1235,1236,-1,1237,1238,1186,-1,1186,1238,1239,-1,1186,1239,1201,-1,1222,1224,1240,-1,1240,1224,1241,-1,1240,1241,1242,-1,1242,1241,1243,-1,1242,1243,1244,-1,1212,1245,1210,-1,1210,1245,1246,-1,1210,1246,1247,-1,1248,1249,1250,-1,1250,1249,1251,-1,1250,1251,1252,-1,1252,1251,1253,-1,1252,1253,1254,-1,1248,1250,1255,-1,1255,1250,1256,-1,1255,1256,1257,-1,1257,1256,1258,-1,1257,1258,1259,-1,1259,1258,1260,-1,1259,1260,1261,-1,1253,1262,1254,-1,1254,1262,1263,-1,1254,1263,1264,-1,1264,1263,1265,-1,1264,1265,1218,-1,1218,1265,1266,-1,1218,1266,1219,-1,1267,1268,1269,-1,1269,1268,1270,-1,1269,1270,1271,-1,1271,1270,1272,-1,1271,1272,1273,-1,1273,1272,1274,-1,1273,1274,1275,-1,1276,1277,1278,-1,1278,1277,1279,-1,1278,1279,1237,-1,1237,1279,1280,-1,1237,1280,1238,-1,1223,1222,1281,-1,1281,1222,1282,-1,1281,1282,1283,-1,1283,1282,1284,-1,1283,1284,1285,-1,1285,1284,1286,-1,1285,1286,1189,-1,1189,1286,1287,-1,1189,1287,1187,-1,1225,1288,1185,-1,1185,1288,1289,-1,1185,1289,1186,-1,1186,1289,1290,-1,1186,1290,1221,-1,1200,1291,1198,-1,1198,1291,1292,-1,1198,1292,1293,-1,1293,1292,1294,-1,1293,1294,1295,-1,1295,1294,1296,-1,1295,1296,1297,-1,1297,1296,1298,-1,1297,1298,1299,-1,1192,1300,1190,-1,1190,1300,1301,-1,1190,1301,1302,-1,1302,1301,1303,-1,1302,1303,1304,-1,1304,1303,1305,-1,1304,1305,1306,-1,1306,1305,1189,-1,1306,1189,1307,-1,1307,1189,1188,-1,1195,1308,1193,-1,1193,1308,1309,-1,1193,1309,1310,-1,1310,1309,1311,-1,1310,1311,1312,-1,1313,1314,1315,-1,1315,1314,1316,-1,1315,1316,1317,-1,1317,1316,1318,-1,1317,1318,1276,-1,1276,1318,1319,-1,1276,1319,1277,-1,1261,1260,1207,-1,1207,1260,1320,-1,1207,1320,1213,-1,1227,1321,1228,-1,1228,1321,1322,-1,1228,1322,1323,-1,1323,1322,1324,-1,1323,1324,1325,-1,1326,1327,1328,-1,1328,1327,1329,-1,1328,1329,1330,-1,1330,1329,1331,-1,1330,1331,1267,-1,1267,1331,1332,-1,1267,1332,1268,-1,1298,1333,1299,-1,1299,1333,1334,-1,1299,1334,1335,-1,1335,1334,1336,-1,1335,1336,1326,-1,1326,1336,1337,-1,1326,1337,1327,-1,1217,1338,1209,-1,1209,1338,1339,-1,1209,1339,1340,-1,1340,1339,1325,-1,1340,1325,1341,-1,1341,1325,1324,-1,1342,1343,1344,-1,1345,1346,1347,-1,1347,1346,1348,-1,1349,1350,1351,-1,1351,1350,1352,-1,1351,1352,1353,-1,1353,1352,1354,-1,1353,1354,1355,-1,1355,1354,1356,-1,1355,1356,1357,-1,1357,1356,1358,-1,1357,1358,1313,-1,1313,1358,1359,-1,1313,1359,1314,-1,1197,1360,1195,-1,1195,1360,1361,-1,1195,1361,1362,-1,1362,1361,1363,-1,1362,1363,1364,-1,1364,1363,1275,-1,1364,1275,1365,-1,1365,1275,1274,-1,1366,1367,1342,-1,1342,1367,1368,-1,1342,1368,1343,-1,1232,1369,1233,-1,1233,1369,1342,-1,1233,1342,1370,-1,1370,1342,1344,-1,1236,1235,1371,-1,1371,1235,1372,-1,1371,1372,1345,-1,1345,1372,1373,-1,1345,1373,1346,-1,1374,1375,1376,-1,1375,1377,1376,-1,1376,1377,1378,-1,1376,1378,1379,-1,1243,1380,1244,-1,1244,1380,1381,-1,1244,1381,1382,-1,1382,1381,1383,-1,1382,1383,1349,-1,1349,1383,1384,-1,1349,1384,1350,-1,1366,1342,1376,-1,1376,1342,1385,-1,1376,1385,1374,-1,1311,1386,1312,-1,1312,1386,1387,-1,1312,1387,1388,-1,1388,1387,1389,-1,1388,1389,1390,-1,1390,1389,1391,-1,1390,1391,1392,-1,1392,1391,1393,-1,1392,1393,1394,-1,1394,1393,1395,-1,1394,1395,1348,-1,1348,1395,1396,-1,1348,1396,1347,-1,1397,1398,1399,-1,1399,1398,1400,-1,1399,1400,1401,-1,1402,1403,1404,-1,1402,1404,1405,-1,1400,1406,1401,-1,1401,1406,1407,-1,1401,1407,1408,-1,1408,1407,1409,-1,1410,1411,1412,-1,1413,1414,1415,-1,1415,1414,1416,-1,1417,1418,1419,-1,1419,1418,1420,-1,1419,1420,1421,-1,1421,1420,1422,-1,1421,1422,1423,-1,1424,1425,1426,-1,1427,1428,1429,-1,1430,1431,1401,-1,1401,1431,1432,-1,1401,1432,1399,-1,1399,1432,1433,-1,1412,1434,1410,-1,1410,1434,1404,-1,1410,1404,1435,-1,1435,1404,1403,-1,1416,1436,1415,-1,1415,1436,1437,-1,1415,1437,1438,-1,1438,1437,1423,-1,1438,1423,1439,-1,1439,1423,1422,-1,1440,1441,1442,-1,1442,1441,1443,-1,1442,1443,1444,-1,1444,1443,1445,-1,1444,1445,1446,-1,1426,1425,1447,-1,1447,1425,1448,-1,1447,1448,1449,-1,1450,1451,1445,-1,1429,1428,1452,-1,1452,1428,1453,-1,1452,1453,1401,-1,1401,1453,1454,-1,1401,1454,1430,-1,1411,1410,1455,-1,1455,1410,1456,-1,1455,1456,1457,-1,1429,1458,1427,-1,1427,1458,1459,-1,1427,1459,1460,-1,1460,1459,1461,-1,1460,1461,1462,-1,1462,1461,1463,-1,1462,1463,1464,-1,1464,1463,1455,-1,1464,1455,1465,-1,1465,1455,1457,-1,1466,1467,1407,-1,1407,1467,1468,-1,1407,1468,1409,-1,1449,1448,1469,-1,1469,1448,1470,-1,1469,1470,1415,-1,1415,1470,1471,-1,1415,1471,1413,-1,1472,1473,1474,-1,1474,1473,1475,-1,1474,1475,1476,-1,1476,1475,1477,-1,1476,1477,1478,-1,1478,1477,1479,-1,1478,1479,1480,-1,1481,1482,1483,-1,1483,1482,1484,-1,1483,1484,1485,-1,1485,1484,1486,-1,1485,1486,1487,-1,1451,1488,1445,-1,1445,1488,1489,-1,1445,1489,1446,-1,1490,1491,1492,-1,1492,1491,1493,-1,1492,1493,1494,-1,1495,1496,1497,-1,1497,1496,1498,-1,1497,1498,1499,-1,1499,1498,1500,-1,1499,1500,1501,-1,1501,1500,1502,-1,1501,1502,1503,-1,1503,1502,1504,-1,1503,1504,1490,-1,1490,1504,1505,-1,1490,1505,1491,-1,1506,1507,1495,-1,1433,1508,1399,-1,1399,1508,1509,-1,1399,1509,1510,-1,1510,1509,1511,-1,1510,1511,1512,-1,1512,1511,1513,-1,1512,1513,1514,-1,1514,1513,1515,-1,1515,1513,1516,-1,1515,1516,1517,-1,1517,1516,1518,-1,1517,1518,1519,-1,1519,1518,1520,-1,1520,1518,1521,-1,1520,1521,1522,-1,1522,1521,1523,-1,1523,1521,1524,-1,1523,1524,1525,-1,1525,1524,1526,-1,1525,1526,1527,-1,1527,1526,1528,-1,1528,1526,1529,-1,1528,1529,1530,-1,1530,1529,1531,-1,1530,1531,1410,-1,1410,1531,1532,-1,1410,1532,1456,-1,1493,1533,1494,-1,1494,1533,1534,-1,1494,1534,1535,-1,1535,1534,1536,-1,1535,1536,1537,-1,1537,1536,1538,-1,1537,1538,1417,-1,1417,1538,1539,-1,1417,1539,1418,-1,1507,1540,1495,-1,1495,1540,1541,-1,1495,1541,1496,-1,1542,1543,1544,-1,1544,1543,1545,-1,1486,1546,1487,-1,1487,1546,1547,-1,1487,1547,1548,-1,1548,1547,1549,-1,1548,1549,1472,-1,1472,1549,1550,-1,1472,1550,1473,-1,1445,1551,1450,-1,1450,1551,1552,-1,1450,1552,1553,-1,1553,1552,1554,-1,1553,1554,1555,-1,1555,1554,1556,-1,1555,1556,1557,-1,1557,1556,1558,-1,1557,1558,1481,-1,1481,1558,1559,-1,1481,1559,1482,-1,1479,1560,1480,-1,1480,1560,1561,-1,1480,1561,1562,-1,1562,1561,1563,-1,1562,1563,1564,-1,1564,1563,1565,-1,1564,1565,1566,-1,1566,1565,1567,-1,1566,1567,1568,-1,1568,1567,1569,-1,1568,1569,1570,-1,1570,1569,1571,-1,1570,1571,1544,-1,1544,1571,1572,-1,1544,1572,1542,-1,1545,1573,1544,-1,1544,1573,1574,-1,1544,1574,1575,-1,1405,1404,1495,-1,1495,1404,1576,-1,1495,1576,1577,-1,1578,1579,1575,-1,1575,1579,1580,-1,1575,1580,1581,-1,1577,1582,1495,-1,1495,1582,1583,-1,1495,1583,1506,-1,1584,1585,1586,-1,1586,1585,1587,-1,1586,1587,1440,-1,1440,1587,1588,-1,1440,1588,1441,-1,1426,1589,1424,-1,1424,1589,1590,-1,1424,1590,1591,-1,1591,1590,1592,-1,1591,1592,1593,-1,1593,1592,1594,-1,1593,1594,1595,-1,1595,1594,1596,-1,1595,1596,1597,-1,1597,1596,1598,-1,1597,1598,1599,-1,1599,1598,1600,-1,1599,1600,1601,-1,1601,1600,1602,-1,1601,1602,1603,-1,1603,1602,1604,-1,1603,1604,1605,-1,1605,1604,1606,-1,1605,1606,1584,-1,1584,1606,1607,-1,1584,1607,1585,-1,1581,1608,1575,-1,1575,1608,1609,-1,1575,1609,1544,-1,1329,1546,1486,-1,1329,1486,1331,-1,1331,1486,1484,-1,1331,1484,1332,-1,1332,1484,1482,-1,1332,1482,1268,-1,1268,1482,1559,-1,1268,1559,1270,-1,1270,1559,1558,-1,1270,1558,1272,-1,1272,1558,1556,-1,1272,1556,1274,-1,1274,1556,1554,-1,1274,1554,1365,-1,1365,1554,1552,-1,1365,1552,1364,-1,1364,1552,1551,-1,1364,1551,1362,-1,1362,1551,1445,-1,1362,1445,1195,-1,1195,1445,1443,-1,1195,1443,1308,-1,1308,1443,1441,-1,1308,1441,1309,-1,1309,1441,1588,-1,1309,1588,1311,-1,1311,1588,1587,-1,1311,1587,1386,-1,1386,1587,1585,-1,1386,1585,1387,-1,1387,1585,1607,-1,1387,1607,1389,-1,1389,1607,1606,-1,1389,1606,1391,-1,1391,1606,1604,-1,1391,1604,1393,-1,1393,1604,1602,-1,1393,1602,1395,-1,1395,1602,1600,-1,1395,1600,1396,-1,1396,1600,1598,-1,1396,1598,1347,-1,1347,1598,1596,-1,1347,1596,1345,-1,1345,1596,1594,-1,1345,1594,1371,-1,1371,1594,1592,-1,1371,1592,1236,-1,1236,1592,1590,-1,1236,1590,1234,-1,1234,1590,1589,-1,1234,1589,1192,-1,1192,1589,1426,-1,1192,1426,1300,-1,1300,1426,1447,-1,1300,1447,1301,-1,1301,1447,1449,-1,1301,1449,1303,-1,1303,1449,1469,-1,1303,1469,1305,-1,1305,1469,1415,-1,1305,1415,1189,-1,1189,1415,1438,-1,1189,1438,1285,-1,1285,1438,1439,-1,1285,1439,1283,-1,1283,1439,1422,-1,1283,1422,1281,-1,1281,1422,1420,-1,1281,1420,1223,-1,1223,1420,1418,-1,1223,1418,1224,-1,1224,1418,1539,-1,1224,1539,1241,-1,1241,1539,1538,-1,1241,1538,1243,-1,1243,1538,1536,-1,1243,1536,1380,-1,1380,1536,1534,-1,1380,1534,1381,-1,1381,1534,1533,-1,1381,1533,1383,-1,1383,1533,1493,-1,1383,1493,1384,-1,1384,1493,1491,-1,1384,1491,1350,-1,1350,1491,1505,-1,1350,1505,1352,-1,1352,1505,1504,-1,1352,1504,1354,-1,1354,1504,1502,-1,1354,1502,1356,-1,1356,1502,1500,-1,1356,1500,1358,-1,1358,1500,1498,-1,1358,1498,1359,-1,1359,1498,1496,-1,1359,1496,1314,-1,1314,1496,1541,-1,1314,1541,1316,-1,1316,1541,1540,-1,1316,1540,1318,-1,1318,1540,1507,-1,1318,1507,1319,-1,1319,1507,1506,-1,1319,1506,1277,-1,1277,1506,1583,-1,1277,1583,1279,-1,1279,1583,1582,-1,1279,1582,1280,-1,1280,1582,1577,-1,1280,1577,1238,-1,1238,1577,1576,-1,1238,1576,1239,-1,1239,1576,1404,-1,1239,1404,1201,-1,1201,1404,1434,-1,1201,1434,1202,-1,1202,1434,1412,-1,1202,1412,1203,-1,1203,1412,1411,-1,1203,1411,1184,-1,1184,1411,1455,-1,1184,1455,1185,-1,1185,1455,1463,-1,1185,1463,1227,-1,1227,1463,1461,-1,1227,1461,1321,-1,1321,1461,1459,-1,1321,1459,1322,-1,1322,1459,1458,-1,1322,1458,1324,-1,1324,1458,1429,-1,1324,1429,1341,-1,1341,1429,1452,-1,1341,1452,1340,-1,1340,1452,1401,-1,1340,1401,1209,-1,1209,1401,1408,-1,1209,1408,1211,-1,1211,1408,1409,-1,1211,1409,1212,-1,1212,1409,1468,-1,1212,1468,1245,-1,1245,1468,1467,-1,1245,1467,1246,-1,1246,1467,1466,-1,1246,1466,1247,-1,1247,1466,1407,-1,1247,1407,1210,-1,1210,1407,1406,-1,1210,1406,1208,-1,1206,1208,1400,-1,1400,1208,1406,-1,1204,1206,1398,-1,1398,1206,1400,-1,1205,1204,1397,-1,1397,1204,1398,-1,1207,1205,1399,-1,1399,1205,1397,-1,1207,1399,1510,-1,1207,1510,1261,-1,1261,1510,1512,-1,1261,1512,1259,-1,1259,1512,1514,-1,1259,1514,1257,-1,1257,1514,1515,-1,1257,1515,1255,-1,1255,1515,1517,-1,1255,1517,1248,-1,1248,1517,1519,-1,1248,1519,1249,-1,1249,1519,1520,-1,1249,1520,1251,-1,1251,1520,1522,-1,1251,1522,1253,-1,1253,1522,1523,-1,1253,1523,1262,-1,1262,1523,1525,-1,1262,1525,1263,-1,1263,1525,1527,-1,1263,1527,1265,-1,1265,1527,1528,-1,1265,1528,1266,-1,1266,1528,1530,-1,1266,1530,1219,-1,1219,1530,1410,-1,1219,1410,1186,-1,1186,1410,1435,-1,1186,1435,1237,-1,1237,1435,1403,-1,1237,1403,1278,-1,1278,1403,1402,-1,1278,1402,1276,-1,1276,1402,1405,-1,1276,1405,1317,-1,1317,1405,1495,-1,1317,1495,1315,-1,1315,1495,1497,-1,1315,1497,1313,-1,1313,1497,1499,-1,1313,1499,1357,-1,1357,1499,1501,-1,1357,1501,1355,-1,1355,1501,1503,-1,1355,1503,1353,-1,1353,1503,1490,-1,1353,1490,1351,-1,1351,1490,1492,-1,1351,1492,1349,-1,1349,1492,1494,-1,1349,1494,1382,-1,1382,1494,1535,-1,1382,1535,1244,-1,1244,1535,1537,-1,1244,1537,1242,-1,1242,1537,1417,-1,1242,1417,1240,-1,1240,1417,1419,-1,1240,1419,1222,-1,1222,1419,1421,-1,1222,1421,1282,-1,1282,1421,1423,-1,1282,1423,1284,-1,1284,1423,1437,-1,1284,1437,1286,-1,1286,1437,1436,-1,1286,1436,1287,-1,1287,1436,1416,-1,1287,1416,1187,-1,1187,1416,1414,-1,1187,1414,1188,-1,1188,1414,1413,-1,1188,1413,1307,-1,1307,1413,1471,-1,1307,1471,1306,-1,1306,1471,1470,-1,1306,1470,1304,-1,1304,1470,1448,-1,1304,1448,1302,-1,1302,1448,1425,-1,1302,1425,1190,-1,1190,1425,1424,-1,1190,1424,1191,-1,1191,1424,1591,-1,1191,1591,1235,-1,1235,1591,1593,-1,1235,1593,1372,-1,1372,1593,1595,-1,1372,1595,1373,-1,1373,1595,1597,-1,1373,1597,1346,-1,1346,1597,1599,-1,1346,1599,1348,-1,1348,1599,1601,-1,1348,1601,1394,-1,1394,1601,1603,-1,1394,1603,1392,-1,1392,1603,1605,-1,1392,1605,1390,-1,1390,1605,1584,-1,1390,1584,1388,-1,1388,1584,1586,-1,1388,1586,1312,-1,1312,1586,1440,-1,1312,1440,1310,-1,1310,1440,1442,-1,1310,1442,1193,-1,1193,1442,1444,-1,1193,1444,1194,-1,1194,1444,1446,-1,1194,1446,1196,-1,1196,1446,1489,-1,1196,1489,1197,-1,1360,1197,1488,-1,1488,1197,1489,-1,1360,1488,1451,-1,1360,1451,1361,-1,1361,1451,1450,-1,1361,1450,1363,-1,1363,1450,1553,-1,1363,1553,1275,-1,1275,1553,1555,-1,1275,1555,1273,-1,1273,1555,1557,-1,1273,1557,1271,-1,1271,1557,1481,-1,1271,1481,1269,-1,1269,1481,1483,-1,1269,1483,1267,-1,1267,1483,1485,-1,1267,1485,1330,-1,1330,1485,1487,-1,1330,1487,1328,-1,1328,1487,1548,-1,1328,1548,1326,-1,1326,1548,1472,-1,1326,1472,1335,-1,1335,1472,1474,-1,1335,1474,1299,-1,1299,1474,1476,-1,1299,1476,1297,-1,1297,1476,1478,-1,1297,1478,1295,-1,1295,1478,1480,-1,1295,1480,1293,-1,1293,1480,1562,-1,1293,1562,1198,-1,1198,1562,1564,-1,1198,1564,1199,-1,1199,1564,1566,-1,1199,1566,1230,-1,1232,1230,1568,-1,1568,1230,1566,-1,1232,1568,1570,-1,1232,1570,1369,-1,1369,1570,1544,-1,1369,1544,1342,-1,1342,1544,1609,-1,1342,1609,1385,-1,1385,1609,1608,-1,1385,1608,1374,-1,1374,1608,1581,-1,1374,1581,1375,-1,1375,1581,1580,-1,1375,1580,1377,-1,1377,1580,1579,-1,1377,1579,1378,-1,1378,1579,1578,-1,1378,1578,1379,-1,1379,1578,1575,-1,1379,1575,1376,-1,1376,1575,1574,-1,1376,1574,1366,-1,1366,1574,1573,-1,1366,1573,1367,-1,1367,1573,1545,-1,1367,1545,1368,-1,1368,1545,1543,-1,1368,1543,1343,-1,1343,1543,1542,-1,1343,1542,1344,-1,1344,1542,1572,-1,1344,1572,1370,-1,1370,1572,1571,-1,1370,1571,1233,-1,1233,1571,1569,-1,1233,1569,1231,-1,1229,1231,1567,-1,1567,1231,1569,-1,1229,1567,1565,-1,1229,1565,1200,-1,1200,1565,1563,-1,1200,1563,1291,-1,1291,1563,1561,-1,1291,1561,1292,-1,1292,1561,1560,-1,1292,1560,1294,-1,1294,1560,1479,-1,1294,1479,1296,-1,1296,1479,1477,-1,1296,1477,1298,-1,1298,1477,1475,-1,1298,1475,1333,-1,1333,1475,1473,-1,1333,1473,1334,-1,1334,1473,1550,-1,1334,1550,1336,-1,1336,1550,1549,-1,1336,1549,1337,-1,1337,1549,1547,-1,1337,1547,1327,-1,1327,1547,1546,-1,1327,1546,1329,-1,1250,1518,1516,-1,1250,1516,1256,-1,1256,1516,1513,-1,1256,1513,1258,-1,1258,1513,1511,-1,1258,1511,1260,-1,1260,1511,1509,-1,1260,1509,1320,-1,1320,1509,1508,-1,1320,1508,1213,-1,1213,1508,1433,-1,1213,1433,1214,-1,1214,1433,1432,-1,1214,1432,1215,-1,1215,1432,1431,-1,1215,1431,1216,-1,1216,1431,1430,-1,1216,1430,1217,-1,1217,1430,1454,-1,1217,1454,1338,-1,1338,1454,1453,-1,1338,1453,1339,-1,1339,1453,1428,-1,1339,1428,1325,-1,1325,1428,1427,-1,1325,1427,1323,-1,1323,1427,1460,-1,1323,1460,1228,-1,1228,1460,1462,-1,1228,1462,1226,-1,1226,1462,1464,-1,1226,1464,1225,-1,1225,1464,1465,-1,1225,1465,1288,-1,1288,1465,1457,-1,1288,1457,1289,-1,1289,1457,1456,-1,1289,1456,1290,-1,1290,1456,1532,-1,1290,1532,1221,-1,1221,1532,1531,-1,1221,1531,1220,-1,1220,1531,1529,-1,1220,1529,1218,-1,1218,1529,1526,-1,1218,1526,1264,-1,1264,1526,1524,-1,1264,1524,1254,-1,1254,1524,1521,-1,1254,1521,1252,-1,1252,1521,1518,-1,1252,1518,1250,-1,
        ]
    }
}