ISO-10303-21;
HEADER;
/* Generated by software containing ST-Developer
 * from STEP Tools, Inc. (www.steptools.com) 
 */
/* OPTION: strings as raw bytes, not using required /X/ escapes */

FILE_DESCRIPTION(
/* description */ ('Unknown'),
/* implementation_level */ '2;1');

FILE_NAME(
/* name */ 'Lcd - 1.69in - St7789 - Flat Flush',
/* time_stamp */ '2024-09-11T20:36:23-04:00',
/* author */ ('Unknown'),
/* organization */ ('Unknown'),
/* preprocessor_version */ 'ST-DEVELOPER v16.7',
/* originating_system */ 'Solid Edge',
/* authorisation */ 'Unknown');

FILE_SCHEMA (('AUTOMOTIVE_DESIGN {1 0 10303 214 3 1 1}'));
ENDSEC;

DATA;
#10=PROPERTY_DEFINITION_REPRESENTATION(#14,#12);
#11=PROPERTY_DEFINITION_REPRESENTATION(#15,#13);
#12=REPRESENTATION('',(#16),#12900);
#13=REPRESENTATION('',(#17),#12900);
#14=PROPERTY_DEFINITION('pmi validation property','',#12905);
#15=PROPERTY_DEFINITION('pmi validation property','',#12905);
#16=VALUE_REPRESENTATION_ITEM('number of annotations',COUNT_MEASURE(0.));
#17=VALUE_REPRESENTATION_ITEM('number of views',COUNT_MEASURE(0.));
#18=SHAPE_REPRESENTATION_RELATIONSHIP('','',#7518,#19);
#19=ADVANCED_BREP_SHAPE_REPRESENTATION('',(#7516),#12900);
#20=ORIENTED_CLOSED_SHELL('',*,#7496,.F.);
#21=ORIENTED_CLOSED_SHELL('',*,#7497,.F.);
#22=ORIENTED_CLOSED_SHELL('',*,#7498,.F.);
#23=ORIENTED_CLOSED_SHELL('',*,#7499,.F.);
#24=ORIENTED_CLOSED_SHELL('',*,#7500,.F.);
#25=ORIENTED_CLOSED_SHELL('',*,#7501,.F.);
#26=ORIENTED_CLOSED_SHELL('',*,#7502,.F.);
#27=ORIENTED_CLOSED_SHELL('',*,#7503,.F.);
#28=ORIENTED_CLOSED_SHELL('',*,#7504,.F.);
#29=ORIENTED_CLOSED_SHELL('',*,#7505,.F.);
#30=ORIENTED_CLOSED_SHELL('',*,#7506,.F.);
#31=ORIENTED_CLOSED_SHELL('',*,#7507,.F.);
#32=ORIENTED_CLOSED_SHELL('',*,#7508,.F.);
#33=ORIENTED_CLOSED_SHELL('',*,#7509,.F.);
#34=ORIENTED_CLOSED_SHELL('',*,#7510,.F.);
#35=ORIENTED_CLOSED_SHELL('',*,#7511,.F.);
#36=ORIENTED_CLOSED_SHELL('',*,#7512,.F.);
#37=ORIENTED_CLOSED_SHELL('',*,#7513,.F.);
#38=ORIENTED_CLOSED_SHELL('',*,#7514,.F.);
#39=ORIENTED_CLOSED_SHELL('',*,#7515,.F.);
#40=B_SPLINE_SURFACE_WITH_KNOTS('',3,1,((#9629,#9630),(#9631,#9632),(#9633,
#9634),(#9635,#9636),(#9637,#9638),(#9639,#9640)),
 .SURF_OF_LINEAR_EXTRUSION.,.F.,.F.,.F.,(4,1,1,4),(2,2),(0.142049266206909,
0.253166730793003,0.30872546308605,0.364284195379096),(0.,1.),
 .UNSPECIFIED.);
#41=B_SPLINE_SURFACE_WITH_KNOTS('',3,1,((#9659,#9660),(#9661,#9662),(#9663,
#9664),(#9665,#9666),(#9667,#9668),(#9669,#9670)),
 .SURF_OF_LINEAR_EXTRUSION.,.F.,.F.,.F.,(4,1,1,4),(2,2),(0.372931020104094,
0.398635069934066,0.424339119764037,0.475747219423981),(0.,1.),
 .UNSPECIFIED.);
#42=B_SPLINE_SURFACE_WITH_KNOTS('',3,1,((#9689,#9690),(#9691,#9692),(#9693,
#9694),(#9695,#9696),(#9697,#9698),(#9699,#9700),(#9701,#9702),(#9703,#9704),
(#9705,#9706),(#9707,#9708)),.SURF_OF_LINEAR_EXTRUSION.,.F.,.F.,.F.,(4,
1,1,1,1,1,1,4),(2,2),(0.49310622111489,0.541278816995983,0.589451412877076,
0.637624008758169,0.685796604639262,0.733969200520355,0.782141796401448,
0.878486988163634),(0.,1.),.UNSPECIFIED.);
#43=B_SPLINE_SURFACE_WITH_KNOTS('',3,1,((#9782,#9783),(#9784,#9785),(#9786,
#9787),(#9788,#9789),(#9790,#9791),(#9792,#9793),(#9794,#9795)),
 .SURF_OF_LINEAR_EXTRUSION.,.F.,.F.,.F.,(4,1,1,1,4),(2,2),(0.,0.0427348342367987,
0.0854696684735974,0.128204502710396,0.170939336947195),(0.,1.),
 .UNSPECIFIED.);
#44=B_SPLINE_SURFACE_WITH_KNOTS('',3,1,((#9831,#9832),(#9833,#9834),(#9835,
#9836),(#9837,#9838),(#9839,#9840),(#9841,#9842),(#9843,#9844),(#9845,#9846),
(#9847,#9848),(#9849,#9850),(#9851,#9852),(#9853,#9854)),
 .SURF_OF_LINEAR_EXTRUSION.,.F.,.F.,.F.,(4,1,1,1,1,1,1,1,1,4),(2,2),(0.196394809676992,
0.252870414285275,0.281108216589417,0.309346018893559,0.337583821197701,
0.365821623501842,0.422297228110126,0.478772832718409,0.535248437326693,
0.64819964654326),(0.,1.),.UNSPECIFIED.);
#45=B_SPLINE_SURFACE_WITH_KNOTS('',3,1,((#9889,#9890),(#9891,#9892),(#9893,
#9894),(#9895,#9896),(#9897,#9898),(#9899,#9900),(#9901,#9902),(#9903,#9904),
(#9905,#9906),(#9907,#9908),(#9909,#9910),(#9911,#9912),(#9913,#9914),(#9915,
#9916),(#9917,#9918),(#9919,#9920),(#9921,#9922)),
 .SURF_OF_LINEAR_EXTRUSION.,.T.,.F.,.F.,(1,1,1,1,1,1,1,1,1,1,1,1,1,1,1,
1,1,1,1,1,1),(2,2),(-0.227249755635847,-0.156115578192221,-0.0849814007485954,
0.,0.0885772121561585,0.177154424312317,0.26007438865476,0.330899783251918,
0.401725177849075,0.448468817675921,0.495212457502768,0.58661865015016,
0.678024842797551,0.725387543580852,0.772750244364153,0.843884421807779,
0.915018599251405,1.,1.08857721215616,1.17715442431232,1.26007438865476),
(0.,1.),.UNSPECIFIED.);
#46=B_SPLINE_SURFACE_WITH_KNOTS('',3,1,((#9983,#9984),(#9985,#9986),(#9987,
#9988),(#9989,#9990),(#9991,#9992),(#9993,#9994),(#9995,#9996),(#9997,#9998),
(#9999,#10000),(#10001,#10002),(#10003,#10004),(#10005,#10006),(#10007,
#10008),(#10009,#10010),(#10011,#10012),(#10013,#10014),(#10015,#10016),
(#10017,#10018),(#10019,#10020)),.SURF_OF_LINEAR_EXTRUSION.,.T.,.F.,.F.,
(1,1,1,1,1,1,1,1,1,1,1,1,1,1,1,1,1,1,1,1,1,1,1),(2,2),(-0.207812443654859,
-0.162844485306944,-0.0814222426534721,0.,0.0406571006211243,0.0813142012422487,
0.16404388597851,0.246773570714771,0.29180702423888,0.336840477762988,0.413823984883102,
0.490807492003217,0.535741202174908,0.580674912346598,0.663947255171912,
0.747219597997226,0.792187556345141,0.837155514693056,0.918577757346528,
1.,1.04065710062112,1.08131420124225,1.16404388597851),(0.,1.),
 .UNSPECIFIED.);
#47=B_SPLINE_SURFACE_WITH_KNOTS('',3,1,((#10083,#10084),(#10085,#10086),
(#10087,#10088),(#10089,#10090),(#10091,#10092),(#10093,#10094),(#10095,
#10096),(#10097,#10098),(#10099,#10100),(#10101,#10102)),
 .SURF_OF_LINEAR_EXTRUSION.,.F.,.F.,.F.,(4,1,1,1,1,1,1,4),(2,2),(0.753016380919246,
0.783889333304341,0.814762285689435,0.845635238074529,0.861071714267076,
0.876508190459623,0.938254095229812,1.),(0.,1.),.UNSPECIFIED.);
#48=B_SPLINE_SURFACE_WITH_KNOTS('',3,1,((#10141,#10142),(#10143,#10144),
(#10145,#10146),(#10147,#10148),(#10149,#10150),(#10151,#10152),(#10153,
#10154),(#10155,#10156),(#10157,#10158),(#10159,#10160)),
 .SURF_OF_LINEAR_EXTRUSION.,.F.,.F.,.F.,(4,1,1,1,1,1,1,4),(2,2),(0.0177723080470753,
0.0719128326855633,0.0989830950048073,0.126053357324051,0.153123619643295,
0.180193881962539,0.207264144281783,0.234334406601027),(0.,1.),
 .UNSPECIFIED.);
#49=B_SPLINE_SURFACE_WITH_KNOTS('',3,1,((#10243,#10244),(#10245,#10246),
(#10247,#10248),(#10249,#10250),(#10251,#10252),(#10253,#10254),(#10255,
#10256),(#10257,#10258),(#10259,#10260),(#10261,#10262),(#10263,#10264)),
 .SURF_OF_LINEAR_EXTRUSION.,.F.,.F.,.F.,(4,1,1,1,1,1,1,1,4),(2,2),(0.692982848705283,
0.731359992617122,0.750548564573042,0.769737136528962,0.808114280440802,
0.846491424352641,0.884868568264481,0.923245712176321,1.),(0.,1.),
 .UNSPECIFIED.);
#50=B_SPLINE_SURFACE_WITH_KNOTS('',3,1,((#10303,#10304),(#10305,#10306),
(#10307,#10308),(#10309,#10310),(#10311,#10312),(#10313,#10314),(#10315,
#10316),(#10317,#10318),(#10319,#10320)),.SURF_OF_LINEAR_EXTRUSION.,.F.,
 .F.,.F.,(4,1,1,1,1,1,4),(2,2),(0.0204047503403945,0.0663051720935625,0.11220559384673,
0.158106015599898,0.16958112103819,0.181056226476482,0.204006437353066),
(0.,1.),.UNSPECIFIED.);
#51=B_SPLINE_SURFACE_WITH_KNOTS('',3,1,((#10338,#10339),(#10340,#10341),
(#10342,#10343),(#10344,#10345),(#10346,#10347)),
 .SURF_OF_LINEAR_EXTRUSION.,.F.,.F.,.F.,(4,1,4),(2,2),(0.204006437353066,
0.237381519841831,0.270756602330596),(0.,1.),.UNSPECIFIED.);
#52=B_SPLINE_SURFACE_WITH_KNOTS('',3,1,((#10589,#10590),(#10591,#10592),
(#10593,#10594),(#10595,#10596),(#10597,#10598),(#10599,#10600),(#10601,
#10602),(#10603,#10604),(#10605,#10606),(#10607,#10608),(#10609,#10610)),
 .SURF_OF_LINEAR_EXTRUSION.,.F.,.F.,.F.,(4,1,1,1,1,1,1,1,4),(2,2),(0.,0.0435857824375515,
0.0871715648751031,0.108964456093879,0.130757347312655,0.174343129750206,
0.217928912187758,0.261514694625309,0.348686259500412),(0.,1.),
 .UNSPECIFIED.);
#53=B_SPLINE_SURFACE_WITH_KNOTS('',3,1,((#10640,#10641),(#10642,#10643),
(#10644,#10645),(#10646,#10647),(#10648,#10649),(#10650,#10651),(#10652,
#10653),(#10654,#10655)),.SURF_OF_LINEAR_EXTRUSION.,.F.,.F.,.F.,(4,1,1,
1,1,4),(2,2),(0.348686259500412,0.391049699143738,0.4122314189654,0.433413138787063,
0.475776578430389,0.518140018073714),(0.,1.),.UNSPECIFIED.);
#54=B_SPLINE_SURFACE_WITH_KNOTS('',3,1,((#10697,#10698),(#10699,#10700),
(#10701,#10702),(#10703,#10704),(#10705,#10706),(#10707,#10708),(#10709,
#10710),(#10711,#10712),(#10713,#10714),(#10715,#10716),(#10717,#10718),
(#10719,#10720)),.SURF_OF_LINEAR_EXTRUSION.,.F.,.F.,.F.,(4,1,1,1,1,1,1,
1,1,4),(2,2),(0.544251422814122,0.582183932952808,0.620116443091494,0.639082698160837,
0.65804895323018,0.677015208299523,0.695981463368866,0.733913973507552,
0.771846483646238,0.84771150392361),(0.,1.),.UNSPECIFIED.);
#55=B_SPLINE_SURFACE_WITH_KNOTS('',3,1,((#10744,#10745),(#10746,#10747),
(#10748,#10749),(#10750,#10751),(#10752,#10753),(#10754,#10755)),
 .SURF_OF_LINEAR_EXTRUSION.,.F.,.F.,.F.,(4,1,1,4),(2,2),(0.84771150392361,
0.878959056249192,0.910206608574773,0.972701713225937),(0.,1.),
 .UNSPECIFIED.);
#56=B_SPLINE_SURFACE_WITH_KNOTS('',3,1,((#10772,#10773),(#10774,#10775),
(#10776,#10777),(#10778,#10779),(#10780,#10781),(#10782,#10783),(#10784,
#10785),(#10786,#10787),(#10788,#10789),(#10790,#10791)),
 .SURF_OF_LINEAR_EXTRUSION.,.F.,.F.,.F.,(4,1,1,1,1,1,1,4),(2,2),(0.753033111146332,
0.783903972253041,0.814774833359749,0.845645694466458,0.861081125019812,
0.876516555573166,0.938258277786583,1.),(0.,1.),.UNSPECIFIED.);
#57=B_SPLINE_SURFACE_WITH_KNOTS('',3,1,((#10830,#10831),(#10832,#10833),
(#10834,#10835),(#10836,#10837),(#10838,#10839),(#10840,#10841),(#10842,
#10843),(#10844,#10845),(#10846,#10847),(#10848,#10849)),
 .SURF_OF_LINEAR_EXTRUSION.,.F.,.F.,.F.,(4,1,1,1,1,1,1,4),(2,2),(0.0177783728885911,
0.0719256215484994,0.0989992458784536,0.126072870208408,0.153146494538362,
0.180220118868316,0.20729374319827,0.234367367528224),(0.,1.),
 .UNSPECIFIED.);
#58=B_SPLINE_SURFACE_WITH_KNOTS('',3,1,((#10947,#10948),(#10949,#10950),
(#10951,#10952),(#10953,#10954)),.SURF_OF_LINEAR_EXTRUSION.,.F.,.F.,.F.,
(4,4),(2,2),(0.,0.0624895929899083),(0.,1.),.PIECEWISE_BEZIER_KNOTS.);
#59=B_SPLINE_SURFACE_WITH_KNOTS('',3,1,((#10972,#10973),(#10974,#10975),
(#10976,#10977),(#10978,#10979),(#10980,#10981),(#10982,#10983),(#10984,
#10985),(#10986,#10987),(#10988,#10989),(#10990,#10991),(#10992,#10993),
(#10994,#10995),(#10996,#10997),(#10998,#10999),(#11000,#11001),(#11002,
#11003),(#11004,#11005),(#11006,#11007)),.SURF_OF_LINEAR_EXTRUSION.,.F.,
 .F.,.F.,(4,1,1,1,1,1,1,1,1,1,1,1,1,1,1,4),(2,2),(0.0624895929899083,0.100302516294983,
0.138115439600057,0.175928362905131,0.213741286210205,0.251554209515279,
0.270460671167816,0.289367132820354,0.364992979430502,0.402805902735576,
0.44061882604065,0.478431749345725,0.516244672650799,0.554057595955873,
0.591870519260947,0.667496365871096),(0.,1.),.UNSPECIFIED.);
#60=B_SPLINE_SURFACE_WITH_KNOTS('',3,1,((#11064,#11065),(#11066,#11067),
(#11068,#11069),(#11070,#11071),(#11072,#11073),(#11074,#11075),(#11076,
#11077),(#11078,#11079),(#11080,#11081),(#11082,#11083),(#11084,#11085),
(#11086,#11087),(#11088,#11089),(#11090,#11091),(#11092,#11093),(#11094,
#11095),(#11096,#11097)),.SURF_OF_LINEAR_EXTRUSION.,.F.,.F.,.F.,(4,1,1,
1,1,1,1,1,1,1,1,1,1,1,4),(2,2),(0.300886531029335,0.388275714650668,0.431970306461334,
0.475664898272001,0.519359490082667,0.563054081893334,0.650443265514667,
0.737832449136,0.781527040946667,0.825221632757334,0.847068928662667,0.868916224568,
0.890763520473334,0.912610816378667,1.),(0.,1.),.UNSPECIFIED.);
#61=B_SPLINE_SURFACE_WITH_KNOTS('',3,1,((#11136,#11137),(#11138,#11139),
(#11140,#11141),(#11142,#11143),(#11144,#11145),(#11146,#11147),(#11148,
#11149),(#11150,#11151),(#11152,#11153)),.SURF_OF_LINEAR_EXTRUSION.,.F.,
 .F.,.F.,(4,1,1,1,1,1,4),(2,2),(0.667496365871096,0.743005672925143,0.818514979979189,
0.856269633506213,0.894024287033236,0.93177894056026,0.969533594087283),
(0.,1.),.UNSPECIFIED.);
#62=B_SPLINE_SURFACE_WITH_KNOTS('',3,1,((#11170,#11171),(#11172,#11173),
(#11174,#11175),(#11176,#11177),(#11178,#11179),(#11180,#11181),(#11182,
#11183),(#11184,#11185),(#11186,#11187),(#11188,#11189),(#11190,#11191),
(#11192,#11193),(#11194,#11195),(#11196,#11197),(#11198,#11199),(#11200,
#11201),(#11202,#11203),(#11204,#11205)),.SURF_OF_LINEAR_EXTRUSION.,.F.,
 .F.,.F.,(4,1,1,1,1,1,1,1,1,1,1,1,1,1,1,4),(2,2),(0.363371332358403,0.403160624086003,
0.442949915813603,0.482739207541203,0.522528499268803,0.562317790996402,
0.602107082724002,0.641896374451602,0.681685666179202,0.721474957906801,
0.761264249634401,0.840842833089601,0.880632124817201,0.9204214165448,0.9602107082724,
1.),(0.,1.),.UNSPECIFIED.);
#63=B_SPLINE_SURFACE_WITH_KNOTS('',3,1,((#11278,#11279),(#11280,#11281),
(#11282,#11283),(#11284,#11285),(#11286,#11287),(#11288,#11289),(#11290,
#11291),(#11292,#11293),(#11294,#11295)),.SURF_OF_LINEAR_EXTRUSION.,.F.,
 .F.,.F.,(4,1,1,1,1,1,4),(2,2),(0.127698154970769,0.180145259031997,0.206368811062611,
0.232592363093225,0.258815915123838,0.285039467154452,0.33748657121568),
(0.,1.),.UNSPECIFIED.);
#64=B_SPLINE_SURFACE_WITH_KNOTS('',3,1,((#11346,#11347),(#11348,#11349),
(#11350,#11351),(#11352,#11353),(#11354,#11355),(#11356,#11357),(#11358,
#11359),(#11360,#11361)),.SURF_OF_LINEAR_EXTRUSION.,.F.,.F.,.F.,(4,1,1,
1,1,4),(2,2),(0.,0.148461474561405,0.29692294912281,0.445384423684216,0.519615160964918,
0.593845898245621),(0.,1.),.UNSPECIFIED.);
#65=B_SPLINE_SURFACE_WITH_KNOTS('',3,1,((#11401,#11402),(#11403,#11404),
(#11405,#11406),(#11407,#11408),(#11409,#11410),(#11411,#11412),(#11413,
#11414),(#11415,#11416),(#11417,#11418),(#11419,#11420),(#11421,#11422),
(#11423,#11424)),.SURF_OF_LINEAR_EXTRUSION.,.F.,.F.,.F.,(4,1,1,1,1,1,1,
1,1,4),(2,2),(0.556644027795166,0.667483020846375,0.778322013897583,0.833741510423187,
0.889161006948792,0.916870755211594,0.944580503474396,0.958435377605797,
0.972290251737198,1.),(0.,1.),.UNSPECIFIED.);
#66=B_SPLINE_SURFACE_WITH_KNOTS('',3,1,((#11463,#11464),(#11465,#11466),
(#11467,#11468),(#11469,#11470),(#11471,#11472),(#11473,#11474),(#11475,
#11476),(#11477,#11478),(#11479,#11480),(#11481,#11482),(#11483,#11484),
(#11485,#11486),(#11487,#11488)),.SURF_OF_LINEAR_EXTRUSION.,.F.,.F.,.F.,
(4,1,1,1,1,1,1,1,1,1,4),(2,2),(0.0314050765796055,0.0933387710430817,0.12430561827482,
0.155272465506558,0.170755889122427,0.186239312738296,0.217206159970034,
0.27913985443351,0.341073548896987,0.403007243360463,0.526874632287415),
(0.,1.),.UNSPECIFIED.);
#67=B_SPLINE_SURFACE_WITH_KNOTS('',3,1,((#11573,#11574),(#11575,#11576),
(#11577,#11578),(#11579,#11580),(#11581,#11582),(#11583,#11584),(#11585,
#11586),(#11587,#11588),(#11589,#11590),(#11591,#11592),(#11593,#11594),
(#11595,#11596),(#11597,#11598),(#11599,#11600),(#11601,#11602),(#11603,
#11604),(#11605,#11606)),.SURF_OF_LINEAR_EXTRUSION.,.T.,.F.,.F.,(1,1,1,
1,1,1,1,1,1,1,1,1,1,1,1,1,1,1,1,1,1),(2,2),(-0.226895572503747,-0.15565581955532,
-0.084416066606893,0.,0.0888512017965883,0.177702403593177,0.259997024632039,
0.330943339194754,0.401889653757468,0.448626239922564,0.495362826087659,
0.587021495034817,0.678680163981975,0.725892295739114,0.773104427496253,
0.84434418044468,0.915583933393107,1.,1.08885120179659,1.17770240359318,
1.25999702463204),(0.,1.),.UNSPECIFIED.);
#68=B_SPLINE_SURFACE_WITH_KNOTS('',3,1,((#11667,#11668),(#11669,#11670),
(#11671,#11672),(#11673,#11674),(#11675,#11676),(#11677,#11678),(#11679,
#11680),(#11681,#11682),(#11683,#11684),(#11685,#11686),(#11687,#11688),
(#11689,#11690),(#11691,#11692),(#11693,#11694),(#11695,#11696),(#11697,
#11698),(#11699,#11700),(#11701,#11702),(#11703,#11704)),
 .SURF_OF_LINEAR_EXTRUSION.,.T.,.F.,.F.,(1,1,1,1,1,1,1,1,1,1,1,1,1,1,1,
1,1,1,1,1,1,1,1),(2,2),(-0.207813750892504,-0.162930188080373,-0.0814650940401866,
0.,0.0407306256311603,0.0814612512623206,0.164080773565142,0.246700295867963,
0.291902594329516,0.337104892791069,0.414132537060768,0.491160181330467,
0.536137669082091,0.581115156833716,0.664208921564541,0.747302686295366,
0.792186249107496,0.837069811919627,0.918534905959813,1.,1.04073062563116,
1.08146125126232,1.16408077356514),(0.,1.),.UNSPECIFIED.);
#69=B_SPLINE_SURFACE_WITH_KNOTS('',3,1,((#11767,#11768),(#11769,#11770),
(#11771,#11772),(#11773,#11774),(#11775,#11776),(#11777,#11778),(#11779,
#11780),(#11781,#11782),(#11783,#11784),(#11785,#11786),(#11787,#11788),
(#11789,#11790),(#11791,#11792),(#11793,#11794),(#11795,#11796),(#11797,
#11798),(#11799,#11800),(#11801,#11802)),.SURF_OF_LINEAR_EXTRUSION.,.F.,
 .F.,.F.,(4,1,1,1,1,1,1,1,1,1,1,1,1,1,1,4),(2,2),(0.363274913671008,0.40307023156657,
0.442865549462132,0.482660867357694,0.522456185253256,0.562251503148818,
0.60204682104438,0.641842138939942,0.681637456835504,0.721432774731066,
0.761228092626628,0.840818728417752,0.880614046313314,0.920409364208876,
0.960204682104438,1.),(0.,1.),.UNSPECIFIED.);
#70=B_SPLINE_SURFACE_WITH_KNOTS('',3,1,((#11873,#11874),(#11875,#11876),
(#11877,#11878),(#11879,#11880),(#11881,#11882),(#11883,#11884),(#11885,
#11886),(#11887,#11888),(#11889,#11890)),.SURF_OF_LINEAR_EXTRUSION.,.F.,
 .F.,.F.,(4,1,1,1,1,1,4),(2,2),(0.12771093829452,0.180130094049392,0.206339671926829,
0.232549249804265,0.258758827681701,0.284968405559138,0.33738756131401),
(0.,1.),.UNSPECIFIED.);
#71=B_SPLINE_SURFACE_WITH_KNOTS('',3,1,((#11941,#11942),(#11943,#11944),
(#11945,#11946),(#11947,#11948),(#11949,#11950),(#11951,#11952),(#11953,
#11954),(#11955,#11956)),.SURF_OF_LINEAR_EXTRUSION.,.F.,.F.,.F.,(4,1,1,
1,1,4),(2,2),(0.,0.148303243939374,0.296606487878747,0.444909731818121,
0.519061353787808,0.593212975757495),(0.,1.),.UNSPECIFIED.);
#72=B_SPLINE_SURFACE_WITH_KNOTS('',3,1,((#12011,#12012),(#12013,#12014),
(#12015,#12016),(#12017,#12018),(#12019,#12020),(#12021,#12022)),
 .SURF_OF_LINEAR_EXTRUSION.,.F.,.F.,.F.,(4,1,1,4),(2,2),(0.,0.0298692593559223,
0.0597385187118447,0.119477037423689),(0.,1.),.UNSPECIFIED.);
#73=B_SPLINE_SURFACE_WITH_KNOTS('',3,1,((#12154,#12155),(#12156,#12157),
(#12158,#12159),(#12160,#12161),(#12162,#12163),(#12164,#12165),(#12166,
#12167),(#12168,#12169),(#12170,#12171)),.SURF_OF_LINEAR_EXTRUSION.,.F.,
 .F.,.F.,(4,1,1,1,1,1,4),(2,2),(0.762480266319886,0.809227392020436,0.832600954870711,
0.855974517720986,0.902721643421537,0.926095206271812,0.949468769122087),
(0.,1.),.UNSPECIFIED.);
#74=B_SPLINE_SURFACE_WITH_KNOTS('',3,1,((#12221,#12222),(#12223,#12224),
(#12225,#12226),(#12227,#12228),(#12229,#12230),(#12231,#12232)),
 .SURF_OF_LINEAR_EXTRUSION.,.F.,.F.,.F.,(4,1,1,4),(2,2),(0.,0.0298672281801201,
0.0597344563602402,0.11946891272048),(0.,1.),.UNSPECIFIED.);
#75=B_SPLINE_SURFACE_WITH_KNOTS('',3,1,((#12364,#12365),(#12366,#12367),
(#12368,#12369),(#12370,#12371),(#12372,#12373),(#12374,#12375),(#12376,
#12377),(#12378,#12379),(#12380,#12381)),.SURF_OF_LINEAR_EXTRUSION.,.F.,
 .F.,.F.,(4,1,1,1,1,1,4),(2,2),(0.762428415972739,0.809189363318985,0.832569836992108,
0.855950310665231,0.902711258011477,0.9260917316846,0.949472205357723),
(0.,1.),.UNSPECIFIED.);
#76=B_SPLINE_SURFACE_WITH_KNOTS('',3,1,((#12416,#12417),(#12418,#12419),
(#12420,#12421),(#12422,#12423),(#12424,#12425),(#12426,#12427),(#12428,
#12429),(#12430,#12431),(#12432,#12433),(#12434,#12435),(#12436,#12437),
(#12438,#12439)),.SURF_OF_LINEAR_EXTRUSION.,.F.,.F.,.F.,(4,1,1,1,1,1,1,
1,1,4),(2,2),(0.556866334546925,0.667649750910194,0.778433167273463,0.833824875455097,
0.889216583636731,0.916912437727548,0.944608291818366,0.958456218863774,
0.972304145909183,1.),(0.,1.),.UNSPECIFIED.);
#77=B_SPLINE_SURFACE_WITH_KNOTS('',3,1,((#12478,#12479),(#12480,#12481),
(#12482,#12483),(#12484,#12485),(#12486,#12487),(#12488,#12489),(#12490,
#12491),(#12492,#12493),(#12494,#12495),(#12496,#12497),(#12498,#12499),
(#12500,#12501),(#12502,#12503)),.SURF_OF_LINEAR_EXTRUSION.,.F.,.F.,.F.,
(4,1,1,1,1,1,1,1,1,1,4),(2,2),(0.0314132122939677,0.0933318115195391,0.124291111132325,
0.155250410745111,0.170730060551503,0.186209710357896,0.217169009970682,
0.279087609196254,0.341006208421825,0.402924807647396,0.526762006098539),
(0.,1.),.UNSPECIFIED.);
#78=B_SPLINE_SURFACE_WITH_KNOTS('',3,1,((#12538,#12539),(#12540,#12541),
(#12542,#12543),(#12544,#12545),(#12546,#12547),(#12548,#12549),(#12550,
#12551),(#12552,#12553),(#12554,#12555),(#12556,#12557),(#12558,#12559),
(#12560,#12561),(#12562,#12563),(#12564,#12565),(#12566,#12567),(#12568,
#12569),(#12570,#12571),(#12572,#12573)),.SURF_OF_LINEAR_EXTRUSION.,.F.,
 .F.,.F.,(4,1,1,1,1,1,1,1,1,1,1,1,1,1,1,4),(2,2),(0.363537933186666,0.403316812362499,
0.443095691538333,0.482874570714166,0.522653449889999,0.562432329065833,
0.602211208241666,0.6419900874175,0.681768966593333,0.721547845769166,0.761326724945,
0.840884483296666,0.8806633624725,0.920442241648333,0.960221120824167,1.),
(0.,1.),.UNSPECIFIED.);
#79=B_SPLINE_SURFACE_WITH_KNOTS('',3,1,((#12646,#12647),(#12648,#12649),
(#12650,#12651),(#12652,#12653),(#12654,#12655),(#12656,#12657),(#12658,
#12659),(#12660,#12661),(#12662,#12663)),.SURF_OF_LINEAR_EXTRUSION.,.F.,
 .F.,.F.,(4,1,1,1,1,1,4),(2,2),(0.127899698441315,0.180342418442418,0.206563778442969,
0.23278513844352,0.259006498444072,0.285227858444623,0.337670578445725),
(0.,1.),.UNSPECIFIED.);
#80=B_SPLINE_SURFACE_WITH_KNOTS('',3,1,((#12714,#12715),(#12716,#12717),
(#12718,#12719),(#12720,#12721),(#12722,#12723),(#12724,#12725),(#12726,
#12727),(#12728,#12729)),.SURF_OF_LINEAR_EXTRUSION.,.F.,.F.,.F.,(4,1,1,
1,1,4),(2,2),(0.,0.148250271381495,0.29650054276299,0.444750814144486,0.518875949835233,
0.593001085525981),(0.,1.),.UNSPECIFIED.);
#81=B_SPLINE_SURFACE_WITH_KNOTS('',3,1,((#12798,#12799),(#12800,#12801),
(#12802,#12803),(#12804,#12805),(#12806,#12807),(#12808,#12809)),
 .SURF_OF_LINEAR_EXTRUSION.,.F.,.F.,.F.,(4,1,1,4),(2,2),(0.0299767253652346,
0.0907490001178501,0.121135137494158,0.151521274870466),(0.,1.),
 .UNSPECIFIED.);
#82=B_SPLINE_SURFACE_WITH_KNOTS('',3,1,((#12863,#12864),(#12865,#12866),
(#12867,#12868),(#12869,#12870),(#12871,#12872),(#12873,#12874),(#12875,
#12876)),.SURF_OF_LINEAR_EXTRUSION.,.F.,.F.,.F.,(4,1,1,1,4),(2,2),(0.795339581010163,
0.839606632477554,0.883873683944945,0.928140735412336,0.972407786879727),
(0.,1.),.UNSPECIFIED.);
#83=TOROIDAL_SURFACE('',#7594,4.26,0.2);
#84=TOROIDAL_SURFACE('',#7601,4.26,0.2);
#85=TOROIDAL_SURFACE('',#7603,4.26,0.2);
#86=TOROIDAL_SURFACE('',#7609,4.26,0.2);
#87=DRAUGHTING_PRE_DEFINED_COLOUR('black');
#88=DRAUGHTING_PRE_DEFINED_COLOUR('white');
#89=CYLINDRICAL_SURFACE('',#7530,0.31782462271593);
#90=CYLINDRICAL_SURFACE('',#7533,0.459847751441159);
#91=CYLINDRICAL_SURFACE('',#7536,0.31782462271593);
#92=CYLINDRICAL_SURFACE('',#7539,0.459847751441159);
#93=CYLINDRICAL_SURFACE('',#7564,4.46);
#94=CYLINDRICAL_SURFACE('',#7566,4.46);
#95=CYLINDRICAL_SURFACE('',#7568,4.46);
#96=CYLINDRICAL_SURFACE('',#7570,4.46);
#97=CYLINDRICAL_SURFACE('',#7581,3.375);
#98=CYLINDRICAL_SURFACE('',#7582,3.375);
#99=CYLINDRICAL_SURFACE('',#7583,3.375);
#100=CYLINDRICAL_SURFACE('',#7584,3.375);
#101=CYLINDRICAL_SURFACE('',#7597,0.2);
#102=CYLINDRICAL_SURFACE('',#7599,0.2);
#103=CYLINDRICAL_SURFACE('',#7605,0.2);
#104=CYLINDRICAL_SURFACE('',#7607,0.2);
#105=CYLINDRICAL_SURFACE('',#7616,0.4);
#106=CYLINDRICAL_SURFACE('',#7617,0.4);
#107=CYLINDRICAL_SURFACE('',#7618,0.4);
#108=CYLINDRICAL_SURFACE('',#7623,1.);
#109=CIRCLE('',#7524,0.4);
#110=CIRCLE('',#7525,1.);
#111=CIRCLE('',#7526,0.4);
#112=CIRCLE('',#7527,0.4);
#113=CIRCLE('',#7531,0.31782462271593);
#114=CIRCLE('',#7532,0.31782462271593);
#115=CIRCLE('',#7534,0.459847751441159);
#116=CIRCLE('',#7535,0.459847751441159);
#117=CIRCLE('',#7537,0.31782462271593);
#118=CIRCLE('',#7538,0.31782462271593);
#119=CIRCLE('',#7540,0.459847751441159);
#120=CIRCLE('',#7541,0.459847751441159);
#121=CIRCLE('',#7544,4.46);
#122=CIRCLE('',#7545,4.46);
#123=CIRCLE('',#7546,4.46);
#124=CIRCLE('',#7547,4.46);
#125=CIRCLE('',#7548,3.375);
#126=CIRCLE('',#7549,3.375);
#127=CIRCLE('',#7550,3.375);
#128=CIRCLE('',#7551,3.375);
#129=CIRCLE('',#7556,1.);
#130=CIRCLE('',#7557,0.4);
#131=CIRCLE('',#7558,0.4);
#132=CIRCLE('',#7559,4.26);
#133=CIRCLE('',#7560,4.26);
#134=CIRCLE('',#7561,4.26);
#135=CIRCLE('',#7562,4.26);
#136=CIRCLE('',#7563,0.4);
#137=CIRCLE('',#7565,4.46);
#138=CIRCLE('',#7567,4.46);
#139=CIRCLE('',#7569,4.46);
#140=CIRCLE('',#7571,4.46);
#141=CIRCLE('',#7577,3.375);
#142=CIRCLE('',#7578,3.375);
#143=CIRCLE('',#7579,3.375);
#144=CIRCLE('',#7580,3.375);
#145=CIRCLE('',#7595,0.2);
#146=CIRCLE('',#7596,0.2);
#147=CIRCLE('',#7598,0.2);
#148=CIRCLE('',#7600,0.2);
#149=CIRCLE('',#7602,0.2);
#150=CIRCLE('',#7604,0.2);
#151=CIRCLE('',#7606,0.2);
#152=CIRCLE('',#7608,0.2);
#153=B_SPLINE_CURVE_WITH_KNOTS('',3,(#8930,#8931,#8932,#8933,#8934,#8935,
#8936,#8937,#8938),.UNSPECIFIED.,.F.,.F.,(4,3,2,4),(0.142049266206909,0.317811572659304,
0.344687306280388,0.364284195379096),.UNSPECIFIED.);
#154=B_SPLINE_CURVE_WITH_KNOTS('',3,(#8942,#8943,#8944,#8945,#8946,#8947,
#8948,#8949,#8950),.UNSPECIFIED.,.F.,.F.,(4,3,2,4),(0.372931020104094,0.383156109516178,
0.414019812818779,0.475747219423981),.UNSPECIFIED.);
#155=B_SPLINE_CURVE_WITH_KNOTS('',3,(#8954,#8955,#8956,#8957,#8958,#8959,
#8960,#8961,#8962,#8963,#8964,#8965,#8966,#8967),.UNSPECIFIED.,.F.,.F.,
(4,2,3,2,3,4),(0.49310622111489,0.580507854952807,0.632449397347912,0.682295400219391,
0.707958688826489,0.878486988163634),.UNSPECIFIED.);
#156=B_SPLINE_CURVE_WITH_KNOTS('',1,(#9575,#9576),.UNSPECIFIED.,.F.,.F.,
(2,2),(0.624948724710569,1.),.UNSPECIFIED.);
#157=B_SPLINE_CURVE_WITH_KNOTS('',1,(#9580,#9581),.UNSPECIFIED.,.F.,.F.,
(2,2),(0.,0.0272253395940987),.UNSPECIFIED.);
#158=B_SPLINE_CURVE_WITH_KNOTS('',1,(#9585,#9586),.UNSPECIFIED.,.F.,.F.,
(2,2),(0.0272253395940987,0.354200544074228),.UNSPECIFIED.);
#159=B_SPLINE_CURVE_WITH_KNOTS('',1,(#9590,#9591),.UNSPECIFIED.,.F.,.F.,
(2,2),(0.354200544074228,0.43136864604966),.UNSPECIFIED.);
#160=B_SPLINE_CURVE_WITH_KNOTS('',1,(#9595,#9596),.UNSPECIFIED.,.F.,.F.,
(2,2),(0.43136864604966,0.463805513101719),.UNSPECIFIED.);
#161=B_SPLINE_CURVE_WITH_KNOTS('',1,(#9600,#9601),.UNSPECIFIED.,.F.,.F.,
(2,2),(0.463805513101719,0.600041844652738),.UNSPECIFIED.);
#162=B_SPLINE_CURVE_WITH_KNOTS('',1,(#9603,#9604),.UNSPECIFIED.,.F.,.F.,
(2,2),(0.600041844652738,0.624948724710569),.UNSPECIFIED.);
#163=B_SPLINE_CURVE_WITH_KNOTS('',3,(#9611,#9612,#9613,#9614),
 .UNSPECIFIED.,.F.,.F.,(4,4),(0.98226768644477,1.),.UNSPECIFIED.);
#164=B_SPLINE_CURVE_WITH_KNOTS('',3,(#9618,#9619,#9620,#9621),
 .UNSPECIFIED.,.F.,.F.,(4,4),(0.,0.125059474547412),.UNSPECIFIED.);
#165=B_SPLINE_CURVE_WITH_KNOTS('',3,(#9625,#9626,#9627,#9628),
 .UNSPECIFIED.,.F.,.F.,(4,4),(0.125059474547412,0.142049266206909),
 .UNSPECIFIED.);
#166=B_SPLINE_CURVE_WITH_KNOTS('',3,(#9643,#9644,#9645,#9646,#9647,#9648,
#9649,#9650,#9651),.UNSPECIFIED.,.F.,.F.,(4,3,2,4),(0.142049266206909,0.317811572659304,
0.344687306280388,0.364284195379096),.UNSPECIFIED.);
#167=B_SPLINE_CURVE_WITH_KNOTS('',3,(#9655,#9656,#9657,#9658),
 .UNSPECIFIED.,.F.,.F.,(4,4),(0.364284195379096,0.372931020104094),
 .UNSPECIFIED.);
#168=B_SPLINE_CURVE_WITH_KNOTS('',3,(#9673,#9674,#9675,#9676,#9677,#9678,
#9679,#9680,#9681),.UNSPECIFIED.,.F.,.F.,(4,3,2,4),(0.372931020104094,0.383156109516178,
0.414019812818779,0.475747219423981),.UNSPECIFIED.);
#169=B_SPLINE_CURVE_WITH_KNOTS('',3,(#9685,#9686,#9687,#9688),
 .UNSPECIFIED.,.F.,.F.,(4,4),(0.475747219423981,0.49310622111489),
 .UNSPECIFIED.);
#170=B_SPLINE_CURVE_WITH_KNOTS('',3,(#9711,#9712,#9713,#9714,#9715,#9716,
#9717,#9718,#9719,#9720,#9721,#9722,#9723,#9724),.UNSPECIFIED.,.F.,.F.,
(4,2,3,2,3,4),(0.49310622111489,0.580507854952807,0.632449397347912,0.682295400219391,
0.707958688826489,0.878486988163634),.UNSPECIFIED.);
#171=B_SPLINE_CURVE_WITH_KNOTS('',3,(#9726,#9727,#9728,#9729),
 .UNSPECIFIED.,.F.,.F.,(4,4),(0.878486988163634,0.98226768644477),
 .UNSPECIFIED.);
#172=B_SPLINE_CURVE_WITH_KNOTS('',1,(#9736,#9737),.UNSPECIFIED.,.F.,.F.,
(2,2),(0.624948724710569,1.),.UNSPECIFIED.);
#173=B_SPLINE_CURVE_WITH_KNOTS('',1,(#9741,#9742),.UNSPECIFIED.,.F.,.F.,
(2,2),(0.,0.0272253395940987),.UNSPECIFIED.);
#174=B_SPLINE_CURVE_WITH_KNOTS('',1,(#9746,#9747),.UNSPECIFIED.,.F.,.F.,
(2,2),(0.0272253395940987,0.354200544074228),.UNSPECIFIED.);
#175=B_SPLINE_CURVE_WITH_KNOTS('',1,(#9751,#9752),.UNSPECIFIED.,.F.,.F.,
(2,2),(0.354200544074228,0.43136864604966),.UNSPECIFIED.);
#176=B_SPLINE_CURVE_WITH_KNOTS('',1,(#9756,#9757),.UNSPECIFIED.,.F.,.F.,
(2,2),(0.43136864604966,0.463805513101719),.UNSPECIFIED.);
#177=B_SPLINE_CURVE_WITH_KNOTS('',1,(#9761,#9762),.UNSPECIFIED.,.F.,.F.,
(2,2),(0.463805513101719,0.600041844652738),.UNSPECIFIED.);
#178=B_SPLINE_CURVE_WITH_KNOTS('',1,(#9764,#9765),.UNSPECIFIED.,.F.,.F.,
(2,2),(0.600041844652738,0.624948724710569),.UNSPECIFIED.);
#179=B_SPLINE_CURVE_WITH_KNOTS('',3,(#9768,#9769,#9770,#9771),
 .UNSPECIFIED.,.F.,.F.,(4,4),(0.674513168915634,1.),.UNSPECIFIED.);
#180=B_SPLINE_CURVE_WITH_KNOTS('',3,(#9776,#9777,#9778,#9779),
 .UNSPECIFIED.,.F.,.F.,(4,4),(0.674513168915634,1.),.UNSPECIFIED.);
#181=B_SPLINE_CURVE_WITH_KNOTS('',3,(#9796,#9797,#9798,#9799,#9800,#9801,
#9802,#9803,#9804,#9805),.UNSPECIFIED.,.F.,.F.,(4,3,3,4),(0.,0.0348644567263704,
0.0702341177788569,0.170939336947195),.UNSPECIFIED.);
#182=B_SPLINE_CURVE_WITH_KNOTS('',3,(#9809,#9810,#9811,#9812,#9813,#9814,
#9815,#9816,#9817,#9818),.UNSPECIFIED.,.F.,.F.,(4,3,3,4),(0.,0.0348644567263704,
0.0702341177788569,0.170939336947195),.UNSPECIFIED.);
#183=B_SPLINE_CURVE_WITH_KNOTS('',3,(#9820,#9821,#9822,#9823),
 .UNSPECIFIED.,.F.,.F.,(4,4),(0.170939336947195,0.196394809676992),
 .UNSPECIFIED.);
#184=B_SPLINE_CURVE_WITH_KNOTS('',3,(#9827,#9828,#9829,#9830),
 .UNSPECIFIED.,.F.,.F.,(4,4),(0.170939336947195,0.196394809676992),
 .UNSPECIFIED.);
#185=B_SPLINE_CURVE_WITH_KNOTS('',3,(#9855,#9856,#9857,#9858,#9859,#9860,
#9861,#9862,#9863,#9864),.UNSPECIFIED.,.F.,.F.,(4,3,3,4),(0.196394809676992,
0.283343840124836,0.331293311884668,0.64819964654326),.UNSPECIFIED.);
#186=B_SPLINE_CURVE_WITH_KNOTS('',3,(#9868,#9869,#9870,#9871,#9872,#9873,
#9874,#9875,#9876,#9877),.UNSPECIFIED.,.F.,.F.,(4,3,3,4),(0.196394809676992,
0.283343840124836,0.331293311884668,0.64819964654326),.UNSPECIFIED.);
#187=B_SPLINE_CURVE_WITH_KNOTS('',3,(#9879,#9880,#9881,#9882),
 .UNSPECIFIED.,.F.,.F.,(4,4),(0.64819964654326,0.674513168915634),
 .UNSPECIFIED.);
#188=B_SPLINE_CURVE_WITH_KNOTS('',3,(#9883,#9884,#9885,#9886),
 .UNSPECIFIED.,.F.,.F.,(4,4),(0.64819964654326,0.674513168915634),
 .UNSPECIFIED.);
#189=B_SPLINE_CURVE_WITH_KNOTS('',3,(#9923,#9924,#9925,#9926,#9927,#9928,
#9929,#9930,#9931,#9932,#9933,#9934,#9935,#9936,#9937,#9938,#9939,#9940,
#9941,#9942,#9943,#9944,#9945,#9946,#9947,#9948,#9949,#9950,#9951),
 .UNSPECIFIED.,.T.,.F.,(4,3,3,2,3,3,3,3,2,3,4),(0.,0.186478341381386,0.264438597304363,
0.342717371974515,0.409180482543513,0.500132840642436,0.687646547286751,
0.777735791815027,0.843263544133958,0.922506407403365,1.),.UNSPECIFIED.);
#190=B_SPLINE_CURVE_WITH_KNOTS('',3,(#9953,#9954,#9955,#9956,#9957,#9958,
#9959,#9960,#9961,#9962,#9963,#9964,#9965,#9966,#9967,#9968,#9969,#9970,
#9971,#9972,#9973,#9974,#9975,#9976,#9977,#9978,#9979,#9980,#9981),
 .UNSPECIFIED.,.T.,.F.,(4,3,3,2,3,3,3,3,2,3,4),(0.,0.186478341381386,0.264438597304363,
0.342717371974515,0.409180482543513,0.500132840642436,0.687646547286751,
0.777735791815027,0.843263544133958,0.922506407403365,1.),.UNSPECIFIED.);
#191=B_SPLINE_CURVE_WITH_KNOTS('',3,(#10021,#10022,#10023,#10024,#10025,
#10026,#10027,#10028,#10029,#10030,#10031,#10032,#10033,#10034,#10035,#10036,
#10037,#10038,#10039,#10040,#10041,#10042,#10043,#10044,#10045,#10046,#10047,
#10048,#10049),.UNSPECIFIED.,.T.,.F.,(4,3,2,3,3,3,3,2,3,3,4),(0.,0.0855938960444723,
0.170537927313109,0.255481958581746,0.341580841291842,0.498911019068492,
0.585404776575197,0.671817181192761,0.755985107768311,0.841888983992836,
1.),.UNSPECIFIED.);
#192=B_SPLINE_CURVE_WITH_KNOTS('',3,(#10051,#10052,#10053,#10054,#10055,
#10056,#10057,#10058,#10059,#10060,#10061,#10062,#10063,#10064,#10065,#10066,
#10067,#10068,#10069,#10070,#10071,#10072,#10073,#10074,#10075,#10076,#10077,
#10078,#10079),.UNSPECIFIED.,.T.,.F.,(4,3,2,3,3,3,3,2,3,3,4),(0.,0.0855938960444723,
0.170537927313109,0.255481958581746,0.341580841291842,0.498911019068492,
0.585404776575197,0.671817181192761,0.755985107768311,0.841888983992836,
1.),.UNSPECIFIED.);
#193=B_SPLINE_CURVE_WITH_KNOTS('',3,(#10103,#10104,#10105,#10106,#10107,
#10108,#10109,#10110,#10111,#10112),.UNSPECIFIED.,.F.,.F.,(4,3,3,4),(0.753016380919246,
0.790299592365828,0.855503408486822,1.),.UNSPECIFIED.);
#194=B_SPLINE_CURVE_WITH_KNOTS('',3,(#10117,#10118,#10119,#10120,#10121,
#10122,#10123,#10124,#10125,#10126),.UNSPECIFIED.,.F.,.F.,(4,3,3,4),(0.753016380919246,
0.790299592365828,0.855503408486822,1.),.UNSPECIFIED.);
#195=B_SPLINE_CURVE_WITH_KNOTS('',3,(#10130,#10131,#10132,#10133),
 .UNSPECIFIED.,.F.,.F.,(4,4),(0.,0.0177723080470753),.UNSPECIFIED.);
#196=B_SPLINE_CURVE_WITH_KNOTS('',3,(#10137,#10138,#10139,#10140),
 .UNSPECIFIED.,.F.,.F.,(4,4),(0.,0.0177723080470753),.UNSPECIFIED.);
#197=B_SPLINE_CURVE_WITH_KNOTS('',3,(#10161,#10162,#10163,#10164,#10165,
#10166,#10167,#10168,#10169,#10170),.UNSPECIFIED.,.F.,.F.,(4,3,3,4),(0.0177723080470753,
0.154734986366384,0.201301094904833,0.234334406601027),.UNSPECIFIED.);
#198=B_SPLINE_CURVE_WITH_KNOTS('',3,(#10174,#10175,#10176,#10177,#10178,
#10179,#10180,#10181,#10182,#10183),.UNSPECIFIED.,.F.,.F.,(4,3,3,4),(0.0177723080470753,
0.154734986366384,0.201301094904833,0.234334406601027),.UNSPECIFIED.);
#199=B_SPLINE_CURVE_WITH_KNOTS('',3,(#10185,#10186,#10187,#10188),
 .UNSPECIFIED.,.F.,.F.,(4,4),(0.234334406601027,0.39969414234338),
 .UNSPECIFIED.);
#200=B_SPLINE_CURVE_WITH_KNOTS('',3,(#10192,#10193,#10194,#10195),
 .UNSPECIFIED.,.F.,.F.,(4,4),(0.234334406601027,0.39969414234338),
 .UNSPECIFIED.);
#201=B_SPLINE_CURVE_WITH_KNOTS('',3,(#10197,#10198,#10199,#10200),
 .UNSPECIFIED.,.F.,.F.,(4,4),(0.39969414234338,0.417852804913218),
 .UNSPECIFIED.);
#202=B_SPLINE_CURVE_WITH_KNOTS('',3,(#10204,#10205,#10206,#10207),
 .UNSPECIFIED.,.F.,.F.,(4,4),(0.39969414234338,0.417852804913218),
 .UNSPECIFIED.);
#203=B_SPLINE_CURVE_WITH_KNOTS('',3,(#10209,#10210,#10211,#10212),
 .UNSPECIFIED.,.F.,.F.,(4,4),(0.417852804913218,0.667437826617798),
 .UNSPECIFIED.);
#204=B_SPLINE_CURVE_WITH_KNOTS('',3,(#10216,#10217,#10218,#10219),
 .UNSPECIFIED.,.F.,.F.,(4,4),(0.417852804913218,0.667437826617798),
 .UNSPECIFIED.);
#205=B_SPLINE_CURVE_WITH_KNOTS('',3,(#10221,#10222,#10223,#10224),
 .UNSPECIFIED.,.F.,.F.,(4,4),(0.667437826617798,0.685597516697189),
 .UNSPECIFIED.);
#206=B_SPLINE_CURVE_WITH_KNOTS('',3,(#10228,#10229,#10230,#10231),
 .UNSPECIFIED.,.F.,.F.,(4,4),(0.667437826617798,0.685597516697189),
 .UNSPECIFIED.);
#207=B_SPLINE_CURVE_WITH_KNOTS('',3,(#10233,#10234,#10235,#10236),
 .UNSPECIFIED.,.F.,.F.,(4,4),(0.685597516697189,0.753016380919246),
 .UNSPECIFIED.);
#208=B_SPLINE_CURVE_WITH_KNOTS('',3,(#10237,#10238,#10239,#10240),
 .UNSPECIFIED.,.F.,.F.,(4,4),(0.685597516697189,0.753016380919246),
 .UNSPECIFIED.);
#209=B_SPLINE_CURVE_WITH_KNOTS('',3,(#10265,#10266,#10267,#10268,#10269,
#10270,#10271,#10272,#10273,#10274),.UNSPECIFIED.,.F.,.F.,(4,3,3,4),(0.692982848705283,
0.756663608009371,0.832725892813908,1.),.UNSPECIFIED.);
#210=B_SPLINE_CURVE_WITH_KNOTS('',3,(#10279,#10280,#10281,#10282,#10283,
#10284,#10285,#10286,#10287,#10288),.UNSPECIFIED.,.F.,.F.,(4,3,3,4),(0.692982848705283,
0.756663608009371,0.832725892813908,1.),.UNSPECIFIED.);
#211=B_SPLINE_CURVE_WITH_KNOTS('',3,(#10292,#10293,#10294,#10295),
 .UNSPECIFIED.,.F.,.F.,(4,4),(0.,0.0204047503403945),.UNSPECIFIED.);
#212=B_SPLINE_CURVE_WITH_KNOTS('',3,(#10299,#10300,#10301,#10302),
 .UNSPECIFIED.,.F.,.F.,(4,4),(0.,0.0204047503403945),.UNSPECIFIED.);
#213=B_SPLINE_CURVE_WITH_KNOTS('',3,(#10321,#10322,#10323,#10324,#10325,
#10326,#10327),.UNSPECIFIED.,.F.,.F.,(4,3,4),(0.0204047503403945,0.175570544137681,
0.204006437353066),.UNSPECIFIED.);
#214=B_SPLINE_CURVE_WITH_KNOTS('',3,(#10331,#10332,#10333,#10334,#10335,
#10336,#10337),.UNSPECIFIED.,.F.,.F.,(4,3,4),(0.0204047503403945,0.175570544137681,
0.204006437353066),.UNSPECIFIED.);
#215=B_SPLINE_CURVE_WITH_KNOTS('',3,(#10348,#10349,#10350,#10351,#10352,
#10353,#10354),.UNSPECIFIED.,.F.,.F.,(4,3,4),(0.204006437353066,0.226806168070449,
0.270756602330596),.UNSPECIFIED.);
#216=B_SPLINE_CURVE_WITH_KNOTS('',3,(#10358,#10359,#10360,#10361,#10362,
#10363,#10364),.UNSPECIFIED.,.F.,.F.,(4,3,4),(0.204006437353066,0.226806168070449,
0.270756602330596),.UNSPECIFIED.);
#217=B_SPLINE_CURVE_WITH_KNOTS('',3,(#10366,#10367,#10368,#10369),
 .UNSPECIFIED.,.F.,.F.,(4,4),(0.270756602330596,0.460677740114268),
 .UNSPECIFIED.);
#218=B_SPLINE_CURVE_WITH_KNOTS('',3,(#10373,#10374,#10375,#10376),
 .UNSPECIFIED.,.F.,.F.,(4,4),(0.270756602330596,0.460677740114268),
 .UNSPECIFIED.);
#219=B_SPLINE_CURVE_WITH_KNOTS('',3,(#10378,#10379,#10380,#10381),
 .UNSPECIFIED.,.F.,.F.,(4,4),(0.460677740114268,0.481311592426903),
 .UNSPECIFIED.);
#220=B_SPLINE_CURVE_WITH_KNOTS('',3,(#10385,#10386,#10387,#10388),
 .UNSPECIFIED.,.F.,.F.,(4,4),(0.460677740114268,0.481311592426903),
 .UNSPECIFIED.);
#221=B_SPLINE_CURVE_WITH_KNOTS('',3,(#10390,#10391,#10392,#10393),
 .UNSPECIFIED.,.F.,.F.,(4,4),(0.481311592426903,0.692982848705283),
 .UNSPECIFIED.);
#222=B_SPLINE_CURVE_WITH_KNOTS('',3,(#10394,#10395,#10396,#10397),
 .UNSPECIFIED.,.F.,.F.,(4,4),(0.481311592426903,0.692982848705283),
 .UNSPECIFIED.);
#223=B_SPLINE_CURVE_WITH_KNOTS('',1,(#10401,#10402),.UNSPECIFIED.,.F.,.F.,
(2,2),(0.834041476075045,1.),.UNSPECIFIED.);
#224=B_SPLINE_CURVE_WITH_KNOTS('',1,(#10407,#10408),.UNSPECIFIED.,.F.,.F.,
(2,2),(0.834041476075045,1.),.UNSPECIFIED.);
#225=B_SPLINE_CURVE_WITH_KNOTS('',1,(#10412,#10413),.UNSPECIFIED.,.F.,.F.,
(2,2),(0.,0.0121839720037641),.UNSPECIFIED.);
#226=B_SPLINE_CURVE_WITH_KNOTS('',1,(#10417,#10418),.UNSPECIFIED.,.F.,.F.,
(2,2),(0.,0.0121839720037641),.UNSPECIFIED.);
#227=B_SPLINE_CURVE_WITH_KNOTS('',1,(#10420,#10421),.UNSPECIFIED.,.F.,.F.,
(2,2),(0.0121839720037641,0.146207664045169),.UNSPECIFIED.);
#228=B_SPLINE_CURVE_WITH_KNOTS('',1,(#10425,#10426),.UNSPECIFIED.,.F.,.F.,
(2,2),(0.0121839720037641,0.146207664045169),.UNSPECIFIED.);
#229=B_SPLINE_CURVE_WITH_KNOTS('',1,(#10428,#10429),.UNSPECIFIED.,.F.,.F.,
(2,2),(0.146207664045169,0.225934829495056),.UNSPECIFIED.);
#230=B_SPLINE_CURVE_WITH_KNOTS('',1,(#10433,#10434),.UNSPECIFIED.,.F.,.F.,
(2,2),(0.146207664045169,0.225934829495056),.UNSPECIFIED.);
#231=B_SPLINE_CURVE_WITH_KNOTS('',1,(#10436,#10437),.UNSPECIFIED.,.F.,.F.,
(2,2),(0.225934829495056,0.233886474381723),.UNSPECIFIED.);
#232=B_SPLINE_CURVE_WITH_KNOTS('',1,(#10441,#10442),.UNSPECIFIED.,.F.,.F.,
(2,2),(0.225934829495056,0.233886474381723),.UNSPECIFIED.);
#233=B_SPLINE_CURVE_WITH_KNOTS('',1,(#10444,#10445),.UNSPECIFIED.,.F.,.F.,
(2,2),(0.233886474381723,0.313385648678228),.UNSPECIFIED.);
#234=B_SPLINE_CURVE_WITH_KNOTS('',1,(#10449,#10450),.UNSPECIFIED.,.F.,.F.,
(2,2),(0.233886474381723,0.313385648678228),.UNSPECIFIED.);
#235=B_SPLINE_CURVE_WITH_KNOTS('',1,(#10452,#10453),.UNSPECIFIED.,.F.,.F.,
(2,2),(0.313385648678228,0.447281088382751),.UNSPECIFIED.);
#236=B_SPLINE_CURVE_WITH_KNOTS('',1,(#10457,#10458),.UNSPECIFIED.,.F.,.F.,
(2,2),(0.313385648678228,0.447281088382751),.UNSPECIFIED.);
#237=B_SPLINE_CURVE_WITH_KNOTS('',1,(#10460,#10461),.UNSPECIFIED.,.F.,.F.,
(2,2),(0.447281088382751,0.459593312723397),.UNSPECIFIED.);
#238=B_SPLINE_CURVE_WITH_KNOTS('',1,(#10465,#10466),.UNSPECIFIED.,.F.,.F.,
(2,2),(0.447281088382751,0.459593312723397),.UNSPECIFIED.);
#239=B_SPLINE_CURVE_WITH_KNOTS('',1,(#10468,#10469),.UNSPECIFIED.,.F.,.F.,
(2,2),(0.459593312723397,0.625551836648352),.UNSPECIFIED.);
#240=B_SPLINE_CURVE_WITH_KNOTS('',1,(#10473,#10474),.UNSPECIFIED.,.F.,.F.,
(2,2),(0.459593312723397,0.625551836648352),.UNSPECIFIED.);
#241=B_SPLINE_CURVE_WITH_KNOTS('',1,(#10476,#10477),.UNSPECIFIED.,.F.,.F.,
(2,2),(0.625551836648352,0.636838042293943),.UNSPECIFIED.);
#242=B_SPLINE_CURVE_WITH_KNOTS('',1,(#10481,#10482),.UNSPECIFIED.,.F.,.F.,
(2,2),(0.625551836648352,0.636838042293943),.UNSPECIFIED.);
#243=B_SPLINE_CURVE_WITH_KNOTS('',1,(#10484,#10485),.UNSPECIFIED.,.F.,.F.,
(2,2),(0.636838042293943,0.729881731763654),.UNSPECIFIED.);
#244=B_SPLINE_CURVE_WITH_KNOTS('',1,(#10489,#10490),.UNSPECIFIED.,.F.,.F.,
(2,2),(0.636838042293943,0.729881731763654),.UNSPECIFIED.);
#245=B_SPLINE_CURVE_WITH_KNOTS('',1,(#10492,#10493),.UNSPECIFIED.,.F.,.F.,
(2,2),(0.729881731763654,0.822369808756911),.UNSPECIFIED.);
#246=B_SPLINE_CURVE_WITH_KNOTS('',1,(#10497,#10498),.UNSPECIFIED.,.F.,.F.,
(2,2),(0.729881731763654,0.822369808756911),.UNSPECIFIED.);
#247=B_SPLINE_CURVE_WITH_KNOTS('',1,(#10500,#10501),.UNSPECIFIED.,.F.,.F.,
(2,2),(0.822369808756911,0.834041476075045),.UNSPECIFIED.);
#248=B_SPLINE_CURVE_WITH_KNOTS('',1,(#10502,#10503),.UNSPECIFIED.,.F.,.F.,
(2,2),(0.822369808756911,0.834041476075045),.UNSPECIFIED.);
#249=B_SPLINE_CURVE_WITH_KNOTS('',1,(#10507,#10508),.UNSPECIFIED.,.F.,.F.,
(2,2),(0.704741379310345,1.),.UNSPECIFIED.);
#250=B_SPLINE_CURVE_WITH_KNOTS('',1,(#10513,#10514),.UNSPECIFIED.,.F.,.F.,
(2,2),(0.704741379310345,1.),.UNSPECIFIED.);
#251=B_SPLINE_CURVE_WITH_KNOTS('',1,(#10518,#10519),.UNSPECIFIED.,.F.,.F.,
(2,2),(0.,0.204741379310345),.UNSPECIFIED.);
#252=B_SPLINE_CURVE_WITH_KNOTS('',1,(#10523,#10524),.UNSPECIFIED.,.F.,.F.,
(2,2),(0.,0.204741379310345),.UNSPECIFIED.);
#253=B_SPLINE_CURVE_WITH_KNOTS('',1,(#10526,#10527),.UNSPECIFIED.,.F.,.F.,
(2,2),(0.204741379310345,0.5),.UNSPECIFIED.);
#254=B_SPLINE_CURVE_WITH_KNOTS('',1,(#10531,#10532),.UNSPECIFIED.,.F.,.F.,
(2,2),(0.204741379310345,0.5),.UNSPECIFIED.);
#255=B_SPLINE_CURVE_WITH_KNOTS('',1,(#10534,#10535),.UNSPECIFIED.,.F.,.F.,
(2,2),(0.5,0.704741379310345),.UNSPECIFIED.);
#256=B_SPLINE_CURVE_WITH_KNOTS('',1,(#10536,#10537),.UNSPECIFIED.,.F.,.F.,
(2,2),(0.5,0.704741379310345),.UNSPECIFIED.);
#257=B_SPLINE_CURVE_WITH_KNOTS('',1,(#10541,#10542),.UNSPECIFIED.,.F.,.F.,
(2,2),(0.545893719806763,1.),.UNSPECIFIED.);
#258=B_SPLINE_CURVE_WITH_KNOTS('',1,(#10547,#10548),.UNSPECIFIED.,.F.,.F.,
(2,2),(0.545893719806763,1.),.UNSPECIFIED.);
#259=B_SPLINE_CURVE_WITH_KNOTS('',1,(#10552,#10553),.UNSPECIFIED.,.F.,.F.,
(2,2),(0.,0.0458937198067634),.UNSPECIFIED.);
#260=B_SPLINE_CURVE_WITH_KNOTS('',1,(#10557,#10558),.UNSPECIFIED.,.F.,.F.,
(2,2),(0.,0.0458937198067634),.UNSPECIFIED.);
#261=B_SPLINE_CURVE_WITH_KNOTS('',1,(#10560,#10561),.UNSPECIFIED.,.F.,.F.,
(2,2),(0.0458937198067634,0.5),.UNSPECIFIED.);
#262=B_SPLINE_CURVE_WITH_KNOTS('',1,(#10565,#10566),.UNSPECIFIED.,.F.,.F.,
(2,2),(0.0458937198067634,0.5),.UNSPECIFIED.);
#263=B_SPLINE_CURVE_WITH_KNOTS('',1,(#10568,#10569),.UNSPECIFIED.,.F.,.F.,
(2,2),(0.5,0.545893719806763),.UNSPECIFIED.);
#264=B_SPLINE_CURVE_WITH_KNOTS('',1,(#10570,#10571),.UNSPECIFIED.,.F.,.F.,
(2,2),(0.5,0.545893719806763),.UNSPECIFIED.);
#265=B_SPLINE_CURVE_WITH_KNOTS('',3,(#10575,#10576,#10577,#10578),
 .UNSPECIFIED.,.F.,.F.,(4,4),(0.972701713225937,1.),.UNSPECIFIED.);
#266=B_SPLINE_CURVE_WITH_KNOTS('',3,(#10583,#10584,#10585,#10586),
 .UNSPECIFIED.,.F.,.F.,(4,4),(0.972701713225937,1.),.UNSPECIFIED.);
#267=B_SPLINE_CURVE_WITH_KNOTS('',3,(#10611,#10612,#10613,#10614,#10615,
#10616,#10617,#10618,#10619,#10620,#10621,#10622,#10623),.UNSPECIFIED.,
 .F.,.F.,(4,3,3,3,4),(0.,0.093763680658738,0.132592717803764,0.171525096095063,
0.348686259500412),.UNSPECIFIED.);
#268=B_SPLINE_CURVE_WITH_KNOTS('',3,(#10627,#10628,#10629,#10630,#10631,
#10632,#10633,#10634,#10635,#10636,#10637,#10638,#10639),.UNSPECIFIED.,
 .F.,.F.,(4,3,3,3,4),(0.,0.093763680658738,0.132592717803764,0.171525096095063,
0.348686259500412),.UNSPECIFIED.);
#269=B_SPLINE_CURVE_WITH_KNOTS('',3,(#10656,#10657,#10658,#10659,#10660,
#10661,#10662,#10663,#10664,#10665,#10666,#10667,#10668),.UNSPECIFIED.,
 .F.,.F.,(4,3,3,3,4),(0.348686259500412,0.362785948494707,0.411960100745092,
0.43921589088717,0.518140018073714),.UNSPECIFIED.);
#270=B_SPLINE_CURVE_WITH_KNOTS('',3,(#10672,#10673,#10674,#10675,#10676,
#10677,#10678,#10679,#10680,#10681,#10682,#10683,#10684),.UNSPECIFIED.,
 .F.,.F.,(4,3,3,3,4),(0.348686259500412,0.362785948494707,0.411960100745092,
0.43921589088717,0.518140018073714),.UNSPECIFIED.);
#271=B_SPLINE_CURVE_WITH_KNOTS('',3,(#10686,#10687,#10688,#10689),
 .UNSPECIFIED.,.F.,.F.,(4,4),(0.518140018073714,0.544251422814122),
 .UNSPECIFIED.);
#272=B_SPLINE_CURVE_WITH_KNOTS('',3,(#10693,#10694,#10695,#10696),
 .UNSPECIFIED.,.F.,.F.,(4,4),(0.518140018073714,0.544251422814122),
 .UNSPECIFIED.);
#273=B_SPLINE_CURVE_WITH_KNOTS('',3,(#10721,#10722,#10723,#10724,#10725,
#10726,#10727,#10728,#10729,#10730),.UNSPECIFIED.,.F.,.F.,(4,3,3,4),(0.544251422814122,
0.627333165169966,0.676207050060475,0.84771150392361),.UNSPECIFIED.);
#274=B_SPLINE_CURVE_WITH_KNOTS('',3,(#10734,#10735,#10736,#10737,#10738,
#10739,#10740,#10741,#10742,#10743),.UNSPECIFIED.,.F.,.F.,(4,3,3,4),(0.544251422814122,
0.627333165169966,0.676207050060475,0.84771150392361),.UNSPECIFIED.);
#275=B_SPLINE_CURVE_WITH_KNOTS('',3,(#10756,#10757,#10758,#10759,#10760,
#10761,#10762),.UNSPECIFIED.,.F.,.F.,(4,3,4),(0.84771150392361,0.888433088836438,
0.972701713225937),.UNSPECIFIED.);
#276=B_SPLINE_CURVE_WITH_KNOTS('',3,(#10763,#10764,#10765,#10766,#10767,
#10768,#10769),.UNSPECIFIED.,.F.,.F.,(4,3,4),(0.84771150392361,0.888433088836438,
0.972701713225937),.UNSPECIFIED.);
#277=B_SPLINE_CURVE_WITH_KNOTS('',3,(#10792,#10793,#10794,#10795,#10796,
#10797,#10798,#10799,#10800,#10801),.UNSPECIFIED.,.F.,.F.,(4,3,3,4),(0.753033111146332,
0.790329045575659,0.855647341871983,1.),.UNSPECIFIED.);
#278=B_SPLINE_CURVE_WITH_KNOTS('',3,(#10806,#10807,#10808,#10809,#10810,
#10811,#10812,#10813,#10814,#10815),.UNSPECIFIED.,.F.,.F.,(4,3,3,4),(0.753033111146332,
0.790329045575659,0.855647341871983,1.),.UNSPECIFIED.);
#279=B_SPLINE_CURVE_WITH_KNOTS('',3,(#10819,#10820,#10821,#10822),
 .UNSPECIFIED.,.F.,.F.,(4,4),(0.,0.0177783728885911),.UNSPECIFIED.);
#280=B_SPLINE_CURVE_WITH_KNOTS('',3,(#10826,#10827,#10828,#10829),
 .UNSPECIFIED.,.F.,.F.,(4,4),(0.,0.0177783728885911),.UNSPECIFIED.);
#281=B_SPLINE_CURVE_WITH_KNOTS('',3,(#10850,#10851,#10852,#10853,#10854,
#10855,#10856,#10857,#10858,#10859),.UNSPECIFIED.,.F.,.F.,(4,3,3,4),(0.0177783728885911,
0.154594546857314,0.201129539953902,0.234367367528224),.UNSPECIFIED.);
#282=B_SPLINE_CURVE_WITH_KNOTS('',3,(#10863,#10864,#10865,#10866,#10867,
#10868,#10869,#10870,#10871,#10872),.UNSPECIFIED.,.F.,.F.,(4,3,3,4),(0.0177783728885911,
0.154594546857314,0.201129539953902,0.234367367528224),.UNSPECIFIED.);
#283=B_SPLINE_CURVE_WITH_KNOTS('',3,(#10874,#10875,#10876,#10877),
 .UNSPECIFIED.,.F.,.F.,(4,4),(0.234367367528224,0.399783532665551),
 .UNSPECIFIED.);
#284=B_SPLINE_CURVE_WITH_KNOTS('',3,(#10881,#10882,#10883,#10884),
 .UNSPECIFIED.,.F.,.F.,(4,4),(0.234367367528224,0.399783532665551),
 .UNSPECIFIED.);
#285=B_SPLINE_CURVE_WITH_KNOTS('',3,(#10886,#10887,#10888,#10889),
 .UNSPECIFIED.,.F.,.F.,(4,4),(0.399783532665551,0.417755148737713),
 .UNSPECIFIED.);
#286=B_SPLINE_CURVE_WITH_KNOTS('',3,(#10893,#10894,#10895,#10896),
 .UNSPECIFIED.,.F.,.F.,(4,4),(0.399783532665551,0.417755148737713),
 .UNSPECIFIED.);
#287=B_SPLINE_CURVE_WITH_KNOTS('',3,(#10898,#10899,#10900,#10901),
 .UNSPECIFIED.,.F.,.F.,(4,4),(0.417755148737713,0.667425341912276),
 .UNSPECIFIED.);
#288=B_SPLINE_CURVE_WITH_KNOTS('',3,(#10905,#10906,#10907,#10908),
 .UNSPECIFIED.,.F.,.F.,(4,4),(0.417755148737713,0.667425341912276),
 .UNSPECIFIED.);
#289=B_SPLINE_CURVE_WITH_KNOTS('',3,(#10910,#10911,#10912,#10913),
 .UNSPECIFIED.,.F.,.F.,(4,4),(0.667425341912276,0.685397996896257),
 .UNSPECIFIED.);
#290=B_SPLINE_CURVE_WITH_KNOTS('',3,(#10917,#10918,#10919,#10920),
 .UNSPECIFIED.,.F.,.F.,(4,4),(0.667425341912276,0.685397996896257),
 .UNSPECIFIED.);
#291=B_SPLINE_CURVE_WITH_KNOTS('',3,(#10922,#10923,#10924,#10925),
 .UNSPECIFIED.,.F.,.F.,(4,4),(0.685397996896257,0.753033111146332),
 .UNSPECIFIED.);
#292=B_SPLINE_CURVE_WITH_KNOTS('',3,(#10926,#10927,#10928,#10929),
 .UNSPECIFIED.,.F.,.F.,(4,4),(0.685397996896257,0.753033111146332),
 .UNSPECIFIED.);
#293=B_SPLINE_CURVE_WITH_KNOTS('',3,(#10933,#10934,#10935,#10936),
 .UNSPECIFIED.,.F.,.F.,(4,4),(0.969533594087283,1.),.UNSPECIFIED.);
#294=B_SPLINE_CURVE_WITH_KNOTS('',3,(#10941,#10942,#10943,#10944),
 .UNSPECIFIED.,.F.,.F.,(4,4),(0.969533594087283,1.),.UNSPECIFIED.);
#295=B_SPLINE_CURVE_WITH_KNOTS('',3,(#10955,#10956,#10957,#10958,#10959,
#10960,#10961),.UNSPECIFIED.,.F.,.F.,(4,3,4),(0.,0.0178824556444206,0.0624895929899083),
 .UNSPECIFIED.);
#296=B_SPLINE_CURVE_WITH_KNOTS('',3,(#10965,#10966,#10967,#10968,#10969,
#10970,#10971),.UNSPECIFIED.,.F.,.F.,(4,3,4),(0.,0.0178824556444206,0.0624895929899083),
 .UNSPECIFIED.);
#297=B_SPLINE_CURVE_WITH_KNOTS('',3,(#11008,#11009,#11010,#11011,#11012,
#11013,#11014,#11015,#11016,#11017,#11018,#11019,#11020,#11021,#11022,#11023,
#11024,#11025,#11026),.UNSPECIFIED.,.F.,.F.,(4,3,3,3,3,3,4),(0.0624895929899083,
0.12232633618326,0.17332445042846,0.263674228623641,0.446141507513936,0.560863945176586,
0.667496365871096),.UNSPECIFIED.);
#298=B_SPLINE_CURVE_WITH_KNOTS('',3,(#11030,#11031,#11032,#11033,#11034,
#11035,#11036,#11037,#11038,#11039,#11040,#11041,#11042,#11043,#11044,#11045,
#11046,#11047,#11048),.UNSPECIFIED.,.F.,.F.,(4,3,3,3,3,3,4),(0.0624895929899083,
0.12232633618326,0.17332445042846,0.263674228623641,0.446141507513936,0.560863945176586,
0.667496365871096),.UNSPECIFIED.);
#299=B_SPLINE_CURVE_WITH_KNOTS('',3,(#11050,#11051,#11052,#11053),
 .UNSPECIFIED.,.F.,.F.,(4,4),(0.,0.300886531029335),.UNSPECIFIED.);
#300=B_SPLINE_CURVE_WITH_KNOTS('',3,(#11058,#11059,#11060,#11061),
 .UNSPECIFIED.,.F.,.F.,(4,4),(0.,0.300886531029335),.UNSPECIFIED.);
#301=B_SPLINE_CURVE_WITH_KNOTS('',3,(#11098,#11099,#11100,#11101,#11102,
#11103,#11104,#11105,#11106,#11107,#11108,#11109,#11110,#11111,#11112,#11113,
#11114,#11115,#11116),.UNSPECIFIED.,.F.,.F.,(4,3,3,3,3,3,4),(0.300886531029335,
0.412644385411659,0.504537359199239,0.772947248784137,0.840369073455594,
0.886218449612444,1.),.UNSPECIFIED.);
#302=B_SPLINE_CURVE_WITH_KNOTS('',3,(#11117,#11118,#11119,#11120,#11121,
#11122,#11123,#11124,#11125,#11126,#11127,#11128,#11129,#11130,#11131,#11132,
#11133,#11134,#11135),.UNSPECIFIED.,.F.,.F.,(4,3,3,3,3,3,4),(0.300886531029335,
0.412644385411659,0.504537359199239,0.772947248784137,0.840369073455594,
0.886218449612444,1.),.UNSPECIFIED.);
#303=B_SPLINE_CURVE_WITH_KNOTS('',3,(#11154,#11155,#11156,#11157,#11158,
#11159,#11160),.UNSPECIFIED.,.F.,.F.,(4,3,4),(0.667496365871096,0.902286385350621,
0.969533594087283),.UNSPECIFIED.);
#304=B_SPLINE_CURVE_WITH_KNOTS('',3,(#11161,#11162,#11163,#11164,#11165,
#11166,#11167),.UNSPECIFIED.,.F.,.F.,(4,3,4),(0.667496365871096,0.902286385350621,
0.969533594087283),.UNSPECIFIED.);
#305=B_SPLINE_CURVE_WITH_KNOTS('',3,(#11206,#11207,#11208,#11209,#11210,
#11211,#11212,#11213,#11214,#11215,#11216,#11217,#11218,#11219,#11220,#11221,
#11222,#11223,#11224,#11225,#11226,#11227,#11228,#11229,#11230,#11231,#11232),
 .UNSPECIFIED.,.F.,.F.,(4,3,3,3,3,3,2,3,3,4),(0.363371332358403,0.457131689386491,
0.514842554420666,0.555263346199066,0.685832844227803,0.747483189704286,
0.809223801916884,0.86936076186422,0.929247460015467,1.),.UNSPECIFIED.);
#306=B_SPLINE_CURVE_WITH_KNOTS('',3,(#11237,#11238,#11239,#11240,#11241,
#11242,#11243,#11244,#11245,#11246,#11247,#11248,#11249,#11250,#11251,#11252,
#11253,#11254,#11255,#11256,#11257,#11258,#11259,#11260,#11261,#11262,#11263),
 .UNSPECIFIED.,.F.,.F.,(4,3,3,3,3,3,2,3,3,4),(0.363371332358403,0.457131689386491,
0.514842554420666,0.555263346199066,0.685832844227803,0.747483189704286,
0.809223801916884,0.86936076186422,0.929247460015467,1.),.UNSPECIFIED.);
#307=B_SPLINE_CURVE_WITH_KNOTS('',3,(#11267,#11268,#11269,#11270),
 .UNSPECIFIED.,.F.,.F.,(4,4),(0.,0.127698154970769),.UNSPECIFIED.);
#308=B_SPLINE_CURVE_WITH_KNOTS('',3,(#11274,#11275,#11276,#11277),
 .UNSPECIFIED.,.F.,.F.,(4,4),(0.,0.127698154970769),.UNSPECIFIED.);
#309=B_SPLINE_CURVE_WITH_KNOTS('',3,(#11296,#11297,#11298,#11299,#11300,
#11301,#11302,#11303,#11304,#11305),.UNSPECIFIED.,.F.,.F.,(4,3,3,4),(0.127698154970769,
0.188095930970457,0.255229957558323,0.33748657121568),.UNSPECIFIED.);
#310=B_SPLINE_CURVE_WITH_KNOTS('',3,(#11309,#11310,#11311,#11312,#11313,
#11314,#11315,#11316,#11317,#11318),.UNSPECIFIED.,.F.,.F.,(4,3,3,4),(0.127698154970769,
0.188095930970457,0.255229957558323,0.33748657121568),.UNSPECIFIED.);
#311=B_SPLINE_CURVE_WITH_KNOTS('',3,(#11320,#11321,#11322,#11323),
 .UNSPECIFIED.,.F.,.F.,(4,4),(0.593845898245621,0.886442628693163),
 .UNSPECIFIED.);
#312=B_SPLINE_CURVE_WITH_KNOTS('',3,(#11328,#11329,#11330,#11331),
 .UNSPECIFIED.,.F.,.F.,(4,4),(0.593845898245621,0.886442628693163),
 .UNSPECIFIED.);
#313=B_SPLINE_CURVE_WITH_KNOTS('',3,(#11335,#11336,#11337,#11338),
 .UNSPECIFIED.,.F.,.F.,(4,4),(0.886442628693163,1.),.UNSPECIFIED.);
#314=B_SPLINE_CURVE_WITH_KNOTS('',3,(#11342,#11343,#11344,#11345),
 .UNSPECIFIED.,.F.,.F.,(4,4),(0.886442628693163,1.),.UNSPECIFIED.);
#315=B_SPLINE_CURVE_WITH_KNOTS('',3,(#11362,#11363,#11364,#11365,#11366,
#11367,#11368,#11369,#11370,#11371,#11372,#11373,#11374,#11375),
 .UNSPECIFIED.,.F.,.F.,(4,2,2,3,3,4),(0.,0.119424132711952,0.238848265423905,
0.340246113952921,0.479366288814014,0.593845898245621),.UNSPECIFIED.);
#316=B_SPLINE_CURVE_WITH_KNOTS('',3,(#11376,#11377,#11378,#11379,#11380,
#11381,#11382,#11383,#11384,#11385,#11386,#11387,#11388,#11389),
 .UNSPECIFIED.,.F.,.F.,(4,2,2,3,3,4),(0.,0.119424132711952,0.238848265423905,
0.340246113952921,0.479366288814014,0.593845898245621),.UNSPECIFIED.);
#317=B_SPLINE_CURVE_WITH_KNOTS('',3,(#11391,#11392,#11393,#11394),
 .UNSPECIFIED.,.F.,.F.,(4,4),(0.33748657121568,0.363371332358403),
 .UNSPECIFIED.);
#318=B_SPLINE_CURVE_WITH_KNOTS('',3,(#11395,#11396,#11397,#11398),
 .UNSPECIFIED.,.F.,.F.,(4,4),(0.33748657121568,0.363371332358403),
 .UNSPECIFIED.);
#319=B_SPLINE_CURVE_WITH_KNOTS('',3,(#11425,#11426,#11427,#11428,#11429,
#11430,#11431,#11432,#11433,#11434),.UNSPECIFIED.,.F.,.F.,(4,3,3,4),(0.556644027795166,
0.918783817103742,0.958624217235383,1.),.UNSPECIFIED.);
#320=B_SPLINE_CURVE_WITH_KNOTS('',3,(#11439,#11440,#11441,#11442,#11443,
#11444,#11445,#11446,#11447,#11448),.UNSPECIFIED.,.F.,.F.,(4,3,3,4),(0.556644027795166,
0.918783817103742,0.958624217235383,1.),.UNSPECIFIED.);
#321=B_SPLINE_CURVE_WITH_KNOTS('',3,(#11452,#11453,#11454,#11455),
 .UNSPECIFIED.,.F.,.F.,(4,4),(0.,0.0314050765796055),.UNSPECIFIED.);
#322=B_SPLINE_CURVE_WITH_KNOTS('',3,(#11459,#11460,#11461,#11462),
 .UNSPECIFIED.,.F.,.F.,(4,4),(0.,0.0314050765796055),.UNSPECIFIED.);
#323=B_SPLINE_CURVE_WITH_KNOTS('',3,(#11489,#11490,#11491,#11492,#11493,
#11494,#11495,#11496,#11497,#11498),.UNSPECIFIED.,.F.,.F.,(4,3,3,4),(0.0314050765796055,
0.116723078157545,0.163459979609706,0.526874632287415),.UNSPECIFIED.);
#324=B_SPLINE_CURVE_WITH_KNOTS('',3,(#11502,#11503,#11504,#11505,#11506,
#11507,#11508,#11509,#11510,#11511),.UNSPECIFIED.,.F.,.F.,(4,3,3,4),(0.0314050765796055,
0.116723078157545,0.163459979609706,0.526874632287415),.UNSPECIFIED.);
#325=B_SPLINE_CURVE_WITH_KNOTS('',3,(#11513,#11514,#11515,#11516),
 .UNSPECIFIED.,.F.,.F.,(4,4),(0.526874632287415,0.556644027795166),
 .UNSPECIFIED.);
#326=B_SPLINE_CURVE_WITH_KNOTS('',3,(#11517,#11518,#11519,#11520),
 .UNSPECIFIED.,.F.,.F.,(4,4),(0.526874632287415,0.556644027795166),
 .UNSPECIFIED.);
#327=B_SPLINE_CURVE_WITH_KNOTS('',1,(#11524,#11525),.UNSPECIFIED.,.F.,.F.,
(2,2),(0.973684210526316,1.),.UNSPECIFIED.);
#328=B_SPLINE_CURVE_WITH_KNOTS('',1,(#11530,#11531),.UNSPECIFIED.,.F.,.F.,
(2,2),(0.973684210526316,1.),.UNSPECIFIED.);
#329=B_SPLINE_CURVE_WITH_KNOTS('',1,(#11535,#11536),.UNSPECIFIED.,.F.,.F.,
(2,2),(0.,0.129862700228833),.UNSPECIFIED.);
#330=B_SPLINE_CURVE_WITH_KNOTS('',1,(#11540,#11541),.UNSPECIFIED.,.F.,.F.,
(2,2),(0.,0.129862700228833),.UNSPECIFIED.);
#331=B_SPLINE_CURVE_WITH_KNOTS('',1,(#11543,#11544),.UNSPECIFIED.,.F.,.F.,
(2,2),(0.129862700228833,0.5),.UNSPECIFIED.);
#332=B_SPLINE_CURVE_WITH_KNOTS('',1,(#11548,#11549),.UNSPECIFIED.,.F.,.F.,
(2,2),(0.129862700228833,0.5),.UNSPECIFIED.);
#333=B_SPLINE_CURVE_WITH_KNOTS('',1,(#11551,#11552),.UNSPECIFIED.,.F.,.F.,
(2,2),(0.5,0.526315789473684),.UNSPECIFIED.);
#334=B_SPLINE_CURVE_WITH_KNOTS('',1,(#11556,#11557),.UNSPECIFIED.,.F.,.F.,
(2,2),(0.5,0.526315789473684),.UNSPECIFIED.);
#335=B_SPLINE_CURVE_WITH_KNOTS('',1,(#11559,#11560),.UNSPECIFIED.,.F.,.F.,
(2,2),(0.526315789473684,0.870137299771167),.UNSPECIFIED.);
#336=B_SPLINE_CURVE_WITH_KNOTS('',1,(#11564,#11565),.UNSPECIFIED.,.F.,.F.,
(2,2),(0.526315789473684,0.870137299771167),.UNSPECIFIED.);
#337=B_SPLINE_CURVE_WITH_KNOTS('',1,(#11567,#11568),.UNSPECIFIED.,.F.,.F.,
(2,2),(0.870137299771167,0.973684210526316),.UNSPECIFIED.);
#338=B_SPLINE_CURVE_WITH_KNOTS('',1,(#11569,#11570),.UNSPECIFIED.,.F.,.F.,
(2,2),(0.870137299771167,0.973684210526316),.UNSPECIFIED.);
#339=B_SPLINE_CURVE_WITH_KNOTS('',3,(#11607,#11608,#11609,#11610,#11611,
#11612,#11613,#11614,#11615,#11616,#11617,#11618,#11619,#11620,#11621,#11622,
#11623,#11624,#11625,#11626,#11627,#11628,#11629,#11630,#11631,#11632,#11633,
#11634,#11635),.UNSPECIFIED.,.T.,.F.,(4,3,3,2,3,3,3,3,2,3,4),(0.,0.187055161677028,
0.264328320476189,0.343571170154917,0.409357686869333,0.500282466736617,
0.688328444923781,0.778074125575952,0.842865259890486,0.923082854756099,
1.),.UNSPECIFIED.);
#340=B_SPLINE_CURVE_WITH_KNOTS('',3,(#11637,#11638,#11639,#11640,#11641,
#11642,#11643,#11644,#11645,#11646,#11647,#11648,#11649,#11650,#11651,#11652,
#11653,#11654,#11655,#11656,#11657,#11658,#11659,#11660,#11661,#11662,#11663,
#11664,#11665),.UNSPECIFIED.,.T.,.F.,(4,3,3,2,3,3,3,3,2,3,4),(0.,0.187055161677028,
0.264328320476189,0.343571170154917,0.409357686869333,0.500282466736617,
0.688328444923781,0.778074125575952,0.842865259890486,0.923082854756099,
1.),.UNSPECIFIED.);
#341=B_SPLINE_CURVE_WITH_KNOTS('',3,(#11705,#11706,#11707,#11708,#11709,
#11710,#11711,#11712,#11713,#11714,#11715,#11716,#11717,#11718,#11719,#11720,
#11721,#11722,#11723,#11724,#11725,#11726,#11727,#11728,#11729,#11730,#11731,
#11732,#11733),.UNSPECIFIED.,.T.,.F.,(4,3,2,3,3,3,3,2,3,3,4),(0.,0.0857486855392849,
0.171703875961966,0.255397087689312,0.341863029471233,0.499268354411487,
0.585849629228624,0.671505722196354,0.756049398372295,0.841794397478798,
1.),.UNSPECIFIED.);
#342=B_SPLINE_CURVE_WITH_KNOTS('',3,(#11735,#11736,#11737,#11738,#11739,
#11740,#11741,#11742,#11743,#11744,#11745,#11746,#11747,#11748,#11749,#11750,
#11751,#11752,#11753,#11754,#11755,#11756,#11757,#11758,#11759,#11760,#11761,
#11762,#11763),.UNSPECIFIED.,.T.,.F.,(4,3,2,3,3,3,3,2,3,3,4),(0.,0.0857486855392849,
0.171703875961966,0.255397087689312,0.341863029471233,0.499268354411487,
0.585849629228624,0.671505722196354,0.756049398372295,0.841794397478798,
1.),.UNSPECIFIED.);
#343=B_SPLINE_CURVE_WITH_KNOTS('',3,(#11803,#11804,#11805,#11806,#11807,
#11808,#11809,#11810,#11811,#11812,#11813,#11814,#11815,#11816,#11817,#11818,
#11819,#11820,#11821,#11822,#11823,#11824,#11825,#11826,#11827,#11828),
 .UNSPECIFIED.,.F.,.F.,(4,3,3,3,3,2,2,3,3,4),(0.363274913671008,0.45704465665302,
0.514761298878509,0.555471010784356,0.685767569236206,0.747509042862052,
0.809250516487898,0.869388315474111,0.929262382698065,1.),.UNSPECIFIED.);
#344=B_SPLINE_CURVE_WITH_KNOTS('',3,(#11833,#11834,#11835,#11836,#11837,
#11838,#11839,#11840,#11841,#11842,#11843,#11844,#11845,#11846,#11847,#11848,
#11849,#11850,#11851,#11852,#11853,#11854,#11855,#11856,#11857,#11858),
 .UNSPECIFIED.,.F.,.F.,(4,3,3,3,3,2,2,3,3,4),(0.363274913671008,0.45704465665302,
0.514761298878509,0.555471010784356,0.685767569236206,0.747509042862052,
0.809250516487898,0.869388315474111,0.929262382698065,1.),.UNSPECIFIED.);
#345=B_SPLINE_CURVE_WITH_KNOTS('',3,(#11862,#11863,#11864,#11865),
 .UNSPECIFIED.,.F.,.F.,(4,4),(0.,0.12771093829452),.UNSPECIFIED.);
#346=B_SPLINE_CURVE_WITH_KNOTS('',3,(#11869,#11870,#11871,#11872),
 .UNSPECIFIED.,.F.,.F.,(4,4),(0.,0.12771093829452),.UNSPECIFIED.);
#347=B_SPLINE_CURVE_WITH_KNOTS('',3,(#11891,#11892,#11893,#11894,#11895,
#11896,#11897,#11898,#11899,#11900),.UNSPECIFIED.,.F.,.F.,(4,3,3,4),(0.12771093829452,
0.188114760460846,0.254835671020031,0.33738756131401),.UNSPECIFIED.);
#348=B_SPLINE_CURVE_WITH_KNOTS('',3,(#11904,#11905,#11906,#11907,#11908,
#11909,#11910,#11911,#11912,#11913),.UNSPECIFIED.,.F.,.F.,(4,3,3,4),(0.12771093829452,
0.188114760460846,0.254835671020031,0.33738756131401),.UNSPECIFIED.);
#349=B_SPLINE_CURVE_WITH_KNOTS('',3,(#11915,#11916,#11917,#11918),
 .UNSPECIFIED.,.F.,.F.,(4,4),(0.593212975757495,0.886265668732198),
 .UNSPECIFIED.);
#350=B_SPLINE_CURVE_WITH_KNOTS('',3,(#11923,#11924,#11925,#11926),
 .UNSPECIFIED.,.F.,.F.,(4,4),(0.593212975757495,0.886265668732198),
 .UNSPECIFIED.);
#351=B_SPLINE_CURVE_WITH_KNOTS('',3,(#11930,#11931,#11932,#11933),
 .UNSPECIFIED.,.F.,.F.,(4,4),(0.886265668732198,1.),.UNSPECIFIED.);
#352=B_SPLINE_CURVE_WITH_KNOTS('',3,(#11937,#11938,#11939,#11940),
 .UNSPECIFIED.,.F.,.F.,(4,4),(0.886265668732198,1.),.UNSPECIFIED.);
#353=B_SPLINE_CURVE_WITH_KNOTS('',3,(#11957,#11958,#11959,#11960,#11961,
#11962,#11963,#11964,#11965,#11966,#11967,#11968,#11969,#11970),
 .UNSPECIFIED.,.F.,.F.,(4,2,2,3,3,4),(0.,0.119339007382235,0.238678014764469,
0.340003587070136,0.478620297009765,0.593212975757495),.UNSPECIFIED.);
#354=B_SPLINE_CURVE_WITH_KNOTS('',3,(#11971,#11972,#11973,#11974,#11975,
#11976,#11977,#11978,#11979,#11980,#11981,#11982,#11983,#11984),
 .UNSPECIFIED.,.F.,.F.,(4,2,2,3,3,4),(0.,0.119339007382235,0.238678014764469,
0.340003587070136,0.478620297009765,0.593212975757495),.UNSPECIFIED.);
#355=B_SPLINE_CURVE_WITH_KNOTS('',3,(#11986,#11987,#11988,#11989),
 .UNSPECIFIED.,.F.,.F.,(4,4),(0.33738756131401,0.363274913671008),
 .UNSPECIFIED.);
#356=B_SPLINE_CURVE_WITH_KNOTS('',3,(#11990,#11991,#11992,#11993),
 .UNSPECIFIED.,.F.,.F.,(4,4),(0.33738756131401,0.363274913671008),
 .UNSPECIFIED.);
#357=B_SPLINE_CURVE_WITH_KNOTS('',3,(#11997,#11998,#11999,#12000),
 .UNSPECIFIED.,.F.,.F.,(4,4),(0.973531260016331,1.),.UNSPECIFIED.);
#358=B_SPLINE_CURVE_WITH_KNOTS('',3,(#12005,#12006,#12007,#12008),
 .UNSPECIFIED.,.F.,.F.,(4,4),(0.973531260016331,1.),.UNSPECIFIED.);
#359=B_SPLINE_CURVE_WITH_KNOTS('',3,(#12023,#12024,#12025,#12026,#12027,
#12028,#12029,#12030,#12031,#12032),.UNSPECIFIED.,.F.,.F.,(4,3,3,4),(0.,
0.0331736027180413,0.0553076389448514,0.119477037423689),.UNSPECIFIED.);
#360=B_SPLINE_CURVE_WITH_KNOTS('',3,(#12036,#12037,#12038,#12039,#12040,
#12041,#12042,#12043,#12044,#12045),.UNSPECIFIED.,.F.,.F.,(4,3,3,4),(0.,
0.0331736027180413,0.0553076389448514,0.119477037423689),.UNSPECIFIED.);
#361=B_SPLINE_CURVE_WITH_KNOTS('',3,(#12047,#12048,#12049,#12050),
 .UNSPECIFIED.,.F.,.F.,(4,4),(0.119477037423689,0.174553405470515),
 .UNSPECIFIED.);
#362=B_SPLINE_CURVE_WITH_KNOTS('',3,(#12054,#12055,#12056,#12057),
 .UNSPECIFIED.,.F.,.F.,(4,4),(0.119477037423689,0.174553405470515),
 .UNSPECIFIED.);
#363=B_SPLINE_CURVE_WITH_KNOTS('',3,(#12059,#12060,#12061,#12062),
 .UNSPECIFIED.,.F.,.F.,(4,4),(0.174553405470515,0.19861589636476),
 .UNSPECIFIED.);
#364=B_SPLINE_CURVE_WITH_KNOTS('',3,(#12066,#12067,#12068,#12069),
 .UNSPECIFIED.,.F.,.F.,(4,4),(0.174553405470515,0.19861589636476),
 .UNSPECIFIED.);
#365=B_SPLINE_CURVE_WITH_KNOTS('',3,(#12071,#12072,#12073,#12074),
 .UNSPECIFIED.,.F.,.F.,(4,4),(0.19861589636476,0.253692264411586),
 .UNSPECIFIED.);
#366=B_SPLINE_CURVE_WITH_KNOTS('',3,(#12078,#12079,#12080,#12081),
 .UNSPECIFIED.,.F.,.F.,(4,4),(0.19861589636476,0.253692264411586),
 .UNSPECIFIED.);
#367=B_SPLINE_CURVE_WITH_KNOTS('',3,(#12083,#12084,#12085,#12086),
 .UNSPECIFIED.,.F.,.F.,(4,4),(0.253692264411586,0.449133162674837),
 .UNSPECIFIED.);
#368=B_SPLINE_CURVE_WITH_KNOTS('',3,(#12090,#12091,#12092,#12093),
 .UNSPECIFIED.,.F.,.F.,(4,4),(0.253692264411586,0.449133162674837),
 .UNSPECIFIED.);
#369=B_SPLINE_CURVE_WITH_KNOTS('',3,(#12095,#12096,#12097,#12098),
 .UNSPECIFIED.,.F.,.F.,(4,4),(0.449133162674837,0.473463014579017),
 .UNSPECIFIED.);
#370=B_SPLINE_CURVE_WITH_KNOTS('',3,(#12102,#12103,#12104,#12105),
 .UNSPECIFIED.,.F.,.F.,(4,4),(0.449133162674837,0.473463014579017),
 .UNSPECIFIED.);
#371=B_SPLINE_CURVE_WITH_KNOTS('',3,(#12107,#12108,#12109,#12110),
 .UNSPECIFIED.,.F.,.F.,(4,4),(0.473463014579017,0.668903912842269),
 .UNSPECIFIED.);
#372=B_SPLINE_CURVE_WITH_KNOTS('',3,(#12114,#12115,#12116,#12117),
 .UNSPECIFIED.,.F.,.F.,(4,4),(0.473463014579017,0.668903912842269),
 .UNSPECIFIED.);
#373=B_SPLINE_CURVE_WITH_KNOTS('',3,(#12119,#12120,#12121,#12122),
 .UNSPECIFIED.,.F.,.F.,(4,4),(0.668903912842269,0.703660844133955),
 .UNSPECIFIED.);
#374=B_SPLINE_CURVE_WITH_KNOTS('',3,(#12126,#12127,#12128,#12129),
 .UNSPECIFIED.,.F.,.F.,(4,4),(0.668903912842269,0.703660844133955),
 .UNSPECIFIED.);
#375=B_SPLINE_CURVE_WITH_KNOTS('',3,(#12131,#12132,#12133,#12134),
 .UNSPECIFIED.,.F.,.F.,(4,4),(0.703660844133955,0.727723335028199),
 .UNSPECIFIED.);
#376=B_SPLINE_CURVE_WITH_KNOTS('',3,(#12138,#12139,#12140,#12141),
 .UNSPECIFIED.,.F.,.F.,(4,4),(0.703660844133955,0.727723335028199),
 .UNSPECIFIED.);
#377=B_SPLINE_CURVE_WITH_KNOTS('',3,(#12143,#12144,#12145,#12146),
 .UNSPECIFIED.,.F.,.F.,(4,4),(0.727723335028199,0.762480266319886),
 .UNSPECIFIED.);
#378=B_SPLINE_CURVE_WITH_KNOTS('',3,(#12150,#12151,#12152,#12153),
 .UNSPECIFIED.,.F.,.F.,(4,4),(0.727723335028199,0.762480266319886),
 .UNSPECIFIED.);
#379=B_SPLINE_CURVE_WITH_KNOTS('',3,(#12172,#12173,#12174,#12175,#12176,
#12177,#12178,#12179,#12180,#12181),.UNSPECIFIED.,.F.,.F.,(4,3,3,4),(0.762480266319886,
0.836004544052299,0.916316003890017,0.949468769122087),.UNSPECIFIED.);
#380=B_SPLINE_CURVE_WITH_KNOTS('',3,(#12185,#12186,#12187,#12188,#12189,
#12190,#12191,#12192,#12193,#12194),.UNSPECIFIED.,.F.,.F.,(4,3,3,4),(0.762480266319886,
0.836004544052299,0.916316003890017,0.949468769122087),.UNSPECIFIED.);
#381=B_SPLINE_CURVE_WITH_KNOTS('',3,(#12196,#12197,#12198,#12199),
 .UNSPECIFIED.,.F.,.F.,(4,4),(0.949468769122087,0.973531260016331),
 .UNSPECIFIED.);
#382=B_SPLINE_CURVE_WITH_KNOTS('',3,(#12200,#12201,#12202,#12203),
 .UNSPECIFIED.,.F.,.F.,(4,4),(0.949468769122087,0.973531260016331),
 .UNSPECIFIED.);
#383=B_SPLINE_CURVE_WITH_KNOTS('',3,(#12207,#12208,#12209,#12210),
 .UNSPECIFIED.,.F.,.F.,(4,4),(0.973533059949283,1.),.UNSPECIFIED.);
#384=B_SPLINE_CURVE_WITH_KNOTS('',3,(#12215,#12216,#12217,#12218),
 .UNSPECIFIED.,.F.,.F.,(4,4),(0.973533059949283,1.),.UNSPECIFIED.);
#385=B_SPLINE_CURVE_WITH_KNOTS('',3,(#12233,#12234,#12235,#12236,#12237,
#12238,#12239,#12240,#12241,#12242),.UNSPECIFIED.,.F.,.F.,(4,3,3,4),(0.,
0.0331713468395707,0.0553038779028863,0.11946891272048),.UNSPECIFIED.);
#386=B_SPLINE_CURVE_WITH_KNOTS('',3,(#12246,#12247,#12248,#12249,#12250,
#12251,#12252,#12253,#12254,#12255),.UNSPECIFIED.,.F.,.F.,(4,3,3,4),(0.,
0.0331713468395707,0.0553038779028863,0.11946891272048),.UNSPECIFIED.);
#387=B_SPLINE_CURVE_WITH_KNOTS('',3,(#12257,#12258,#12259,#12260),
 .UNSPECIFIED.,.F.,.F.,(4,4),(0.11946891272048,0.174541535452275),
 .UNSPECIFIED.);
#388=B_SPLINE_CURVE_WITH_KNOTS('',3,(#12264,#12265,#12266,#12267),
 .UNSPECIFIED.,.F.,.F.,(4,4),(0.11946891272048,0.174541535452275),
 .UNSPECIFIED.);
#389=B_SPLINE_CURVE_WITH_KNOTS('',3,(#12269,#12270,#12271,#12272),
 .UNSPECIFIED.,.F.,.F.,(4,4),(0.174541535452275,0.198602390043836),
 .UNSPECIFIED.);
#390=B_SPLINE_CURVE_WITH_KNOTS('',3,(#12276,#12277,#12278,#12279),
 .UNSPECIFIED.,.F.,.F.,(4,4),(0.174541535452275,0.198602390043836),
 .UNSPECIFIED.);
#391=B_SPLINE_CURVE_WITH_KNOTS('',3,(#12281,#12282,#12283,#12284),
 .UNSPECIFIED.,.F.,.F.,(4,4),(0.198602390043836,0.25367501277563),
 .UNSPECIFIED.);
#392=B_SPLINE_CURVE_WITH_KNOTS('',3,(#12288,#12289,#12290,#12291),
 .UNSPECIFIED.,.F.,.F.,(4,4),(0.198602390043836,0.25367501277563),
 .UNSPECIFIED.);
#393=B_SPLINE_CURVE_WITH_KNOTS('',3,(#12293,#12294,#12295,#12296),
 .UNSPECIFIED.,.F.,.F.,(4,4),(0.25367501277563,0.449102620624861),
 .UNSPECIFIED.);
#394=B_SPLINE_CURVE_WITH_KNOTS('',3,(#12300,#12301,#12302,#12303),
 .UNSPECIFIED.,.F.,.F.,(4,4),(0.25367501277563,0.449102620624861),
 .UNSPECIFIED.);
#395=B_SPLINE_CURVE_WITH_KNOTS('',3,(#12305,#12306,#12307,#12308),
 .UNSPECIFIED.,.F.,.F.,(4,4),(0.449102620624861,0.473430818045217),
 .UNSPECIFIED.);
#396=B_SPLINE_CURVE_WITH_KNOTS('',3,(#12312,#12313,#12314,#12315),
 .UNSPECIFIED.,.F.,.F.,(4,4),(0.449102620624861,0.473430818045217),
 .UNSPECIFIED.);
#397=B_SPLINE_CURVE_WITH_KNOTS('',3,(#12317,#12318,#12319,#12320),
 .UNSPECIFIED.,.F.,.F.,(4,4),(0.473430818045217,0.668858425894448),
 .UNSPECIFIED.);
#398=B_SPLINE_CURVE_WITH_KNOTS('',3,(#12324,#12325,#12326,#12327),
 .UNSPECIFIED.,.F.,.F.,(4,4),(0.473430818045217,0.668858425894448),
 .UNSPECIFIED.);
#399=B_SPLINE_CURVE_WITH_KNOTS('',3,(#12329,#12330,#12331,#12332),
 .UNSPECIFIED.,.F.,.F.,(4,4),(0.668858425894448,0.703612993637813),
 .UNSPECIFIED.);
#400=B_SPLINE_CURVE_WITH_KNOTS('',3,(#12336,#12337,#12338,#12339),
 .UNSPECIFIED.,.F.,.F.,(4,4),(0.668858425894448,0.703612993637813),
 .UNSPECIFIED.);
#401=B_SPLINE_CURVE_WITH_KNOTS('',3,(#12341,#12342,#12343,#12344),
 .UNSPECIFIED.,.F.,.F.,(4,4),(0.703612993637813,0.727673848229374),
 .UNSPECIFIED.);
#402=B_SPLINE_CURVE_WITH_KNOTS('',3,(#12348,#12349,#12350,#12351),
 .UNSPECIFIED.,.F.,.F.,(4,4),(0.703612993637813,0.727673848229374),
 .UNSPECIFIED.);
#403=B_SPLINE_CURVE_WITH_KNOTS('',3,(#12353,#12354,#12355,#12356),
 .UNSPECIFIED.,.F.,.F.,(4,4),(0.727673848229374,0.762428415972739),
 .UNSPECIFIED.);
#404=B_SPLINE_CURVE_WITH_KNOTS('',3,(#12360,#12361,#12362,#12363),
 .UNSPECIFIED.,.F.,.F.,(4,4),(0.727673848229374,0.762428415972739),
 .UNSPECIFIED.);
#405=B_SPLINE_CURVE_WITH_KNOTS('',3,(#12382,#12383,#12384,#12385,#12386,
#12387,#12388,#12389,#12390,#12391),.UNSPECIFIED.,.F.,.F.,(4,3,3,4),(0.762428415972739,
0.835947693891397,0.916321694587128,0.949472205357723),.UNSPECIFIED.);
#406=B_SPLINE_CURVE_WITH_KNOTS('',3,(#12395,#12396,#12397,#12398,#12399,
#12400,#12401,#12402,#12403,#12404),.UNSPECIFIED.,.F.,.F.,(4,3,3,4),(0.762428415972739,
0.835947693891397,0.916321694587128,0.949472205357723),.UNSPECIFIED.);
#407=B_SPLINE_CURVE_WITH_KNOTS('',3,(#12406,#12407,#12408,#12409),
 .UNSPECIFIED.,.F.,.F.,(4,4),(0.949472205357723,0.973533059949283),
 .UNSPECIFIED.);
#408=B_SPLINE_CURVE_WITH_KNOTS('',3,(#12410,#12411,#12412,#12413),
 .UNSPECIFIED.,.F.,.F.,(4,4),(0.949472205357723,0.973533059949283),
 .UNSPECIFIED.);
#409=B_SPLINE_CURVE_WITH_KNOTS('',3,(#12440,#12441,#12442,#12443,#12444,
#12445,#12446,#12447,#12448,#12449),.UNSPECIFIED.,.F.,.F.,(4,3,3,4),(0.556866334546925,
0.919099938811738,0.958605258305514,1.),.UNSPECIFIED.);
#410=B_SPLINE_CURVE_WITH_KNOTS('',3,(#12454,#12455,#12456,#12457,#12458,
#12459,#12460,#12461,#12462,#12463),.UNSPECIFIED.,.F.,.F.,(4,3,3,4),(0.556866334546925,
0.919099938811738,0.958605258305514,1.),.UNSPECIFIED.);
#411=B_SPLINE_CURVE_WITH_KNOTS('',3,(#12467,#12468,#12469,#12470),
 .UNSPECIFIED.,.F.,.F.,(4,4),(0.,0.0314132122939677),.UNSPECIFIED.);
#412=B_SPLINE_CURVE_WITH_KNOTS('',3,(#12474,#12475,#12476,#12477),
 .UNSPECIFIED.,.F.,.F.,(4,4),(0.,0.0314132122939677),.UNSPECIFIED.);
#413=B_SPLINE_CURVE_WITH_KNOTS('',3,(#12504,#12505,#12506,#12507,#12508,
#12509,#12510,#12511,#12512,#12513),.UNSPECIFIED.,.F.,.F.,(4,3,3,4),(0.0314132122939677,
0.116824932974843,0.163253177580571,0.526762006098539),.UNSPECIFIED.);
#414=B_SPLINE_CURVE_WITH_KNOTS('',3,(#12517,#12518,#12519,#12520,#12521,
#12522,#12523,#12524,#12525,#12526),.UNSPECIFIED.,.F.,.F.,(4,3,3,4),(0.0314132122939677,
0.116824932974843,0.163253177580571,0.526762006098539),.UNSPECIFIED.);
#415=B_SPLINE_CURVE_WITH_KNOTS('',3,(#12528,#12529,#12530,#12531),
 .UNSPECIFIED.,.F.,.F.,(4,4),(0.526762006098539,0.556866334546925),
 .UNSPECIFIED.);
#416=B_SPLINE_CURVE_WITH_KNOTS('',3,(#12532,#12533,#12534,#12535),
 .UNSPECIFIED.,.F.,.F.,(4,4),(0.526762006098539,0.556866334546925),
 .UNSPECIFIED.);
#417=B_SPLINE_CURVE_WITH_KNOTS('',3,(#12574,#12575,#12576,#12577,#12578,
#12579,#12580,#12581,#12582,#12583,#12584,#12585,#12586,#12587,#12588,#12589,
#12590,#12591,#12592,#12593,#12594,#12595,#12596,#12597,#12598,#12599,#12600),
 .UNSPECIFIED.,.F.,.F.,(4,3,3,3,3,3,2,3,3,4),(0.363537933186666,0.457522655412081,
0.515194712342195,0.555872467783286,0.686066745546252,0.74783505952527,
0.809407372392514,0.869380404406065,0.929316869406448,1.),.UNSPECIFIED.);
#418=B_SPLINE_CURVE_WITH_KNOTS('',3,(#12605,#12606,#12607,#12608,#12609,
#12610,#12611,#12612,#12613,#12614,#12615,#12616,#12617,#12618,#12619,#12620,
#12621,#12622,#12623,#12624,#12625,#12626,#12627,#12628,#12629,#12630,#12631),
 .UNSPECIFIED.,.F.,.F.,(4,3,3,3,3,3,2,3,3,4),(0.363537933186666,0.457522655412081,
0.515194712342195,0.555872467783286,0.686066745546252,0.74783505952527,
0.809407372392514,0.869380404406065,0.929316869406448,1.),.UNSPECIFIED.);
#419=B_SPLINE_CURVE_WITH_KNOTS('',3,(#12635,#12636,#12637,#12638),
 .UNSPECIFIED.,.F.,.F.,(4,4),(0.,0.127899698441315),.UNSPECIFIED.);
#420=B_SPLINE_CURVE_WITH_KNOTS('',3,(#12642,#12643,#12644,#12645),
 .UNSPECIFIED.,.F.,.F.,(4,4),(0.,0.127899698441315),.UNSPECIFIED.);
#421=B_SPLINE_CURVE_WITH_KNOTS('',3,(#12664,#12665,#12666,#12667,#12668,
#12669,#12670,#12671,#12672,#12673),.UNSPECIFIED.,.F.,.F.,(4,3,3,4),(0.127899698441315,
0.188256859503509,0.255182458327394,0.337670578445725),.UNSPECIFIED.);
#422=B_SPLINE_CURVE_WITH_KNOTS('',3,(#12677,#12678,#12679,#12680,#12681,
#12682,#12683,#12684,#12685,#12686),.UNSPECIFIED.,.F.,.F.,(4,3,3,4),(0.127899698441315,
0.188256859503509,0.255182458327394,0.337670578445725),.UNSPECIFIED.);
#423=B_SPLINE_CURVE_WITH_KNOTS('',3,(#12688,#12689,#12690,#12691),
 .UNSPECIFIED.,.F.,.F.,(4,4),(0.593001085525981,0.886206425953183),
 .UNSPECIFIED.);
#424=B_SPLINE_CURVE_WITH_KNOTS('',3,(#12696,#12697,#12698,#12699),
 .UNSPECIFIED.,.F.,.F.,(4,4),(0.593001085525981,0.886206425953183),
 .UNSPECIFIED.);
#425=B_SPLINE_CURVE_WITH_KNOTS('',3,(#12703,#12704,#12705,#12706),
 .UNSPECIFIED.,.F.,.F.,(4,4),(0.886206425953183,1.),.UNSPECIFIED.);
#426=B_SPLINE_CURVE_WITH_KNOTS('',3,(#12710,#12711,#12712,#12713),
 .UNSPECIFIED.,.F.,.F.,(4,4),(0.886206425953183,1.),.UNSPECIFIED.);
#427=B_SPLINE_CURVE_WITH_KNOTS('',3,(#12730,#12731,#12732,#12733,#12734,
#12735,#12736,#12737,#12738,#12739,#12740,#12741,#12742,#12743,#12744),
 .UNSPECIFIED.,.F.,.F.,(4,3,2,3,3,4),(0.,0.119631775529044,0.238492789780437,
0.339412518861809,0.478467155588732,0.593001085525981),.UNSPECIFIED.);
#428=B_SPLINE_CURVE_WITH_KNOTS('',3,(#12745,#12746,#12747,#12748,#12749,
#12750,#12751,#12752,#12753,#12754,#12755,#12756,#12757,#12758,#12759),
 .UNSPECIFIED.,.F.,.F.,(4,3,2,3,3,4),(0.,0.119631775529044,0.238492789780437,
0.339412518861809,0.478467155588732,0.593001085525981),.UNSPECIFIED.);
#429=B_SPLINE_CURVE_WITH_KNOTS('',3,(#12761,#12762,#12763,#12764),
 .UNSPECIFIED.,.F.,.F.,(4,4),(0.337670578445725,0.363537933186666),
 .UNSPECIFIED.);
#430=B_SPLINE_CURVE_WITH_KNOTS('',3,(#12765,#12766,#12767,#12768),
 .UNSPECIFIED.,.F.,.F.,(4,4),(0.337670578445725,0.363537933186666),
 .UNSPECIFIED.);
#431=B_SPLINE_CURVE_WITH_KNOTS('',3,(#12772,#12773,#12774,#12775),
 .UNSPECIFIED.,.F.,.F.,(4,4),(0.972407786879727,1.),.UNSPECIFIED.);
#432=B_SPLINE_CURVE_WITH_KNOTS('',3,(#12780,#12781,#12782,#12783),
 .UNSPECIFIED.,.F.,.F.,(4,4),(0.972407786879727,1.),.UNSPECIFIED.);
#433=B_SPLINE_CURVE_WITH_KNOTS('',3,(#12787,#12788,#12789,#12790),
 .UNSPECIFIED.,.F.,.F.,(4,4),(0.,0.0299767253652346),.UNSPECIFIED.);
#434=B_SPLINE_CURVE_WITH_KNOTS('',3,(#12794,#12795,#12796,#12797),
 .UNSPECIFIED.,.F.,.F.,(4,4),(0.,0.0299767253652346),.UNSPECIFIED.);
#435=B_SPLINE_CURVE_WITH_KNOTS('',3,(#12810,#12811,#12812,#12813,#12814,
#12815,#12816),.UNSPECIFIED.,.F.,.F.,(4,3,4),(0.0299767253652346,0.124610350963039,
0.151521274870466),.UNSPECIFIED.);
#436=B_SPLINE_CURVE_WITH_KNOTS('',3,(#12820,#12821,#12822,#12823,#12824,
#12825,#12826),.UNSPECIFIED.,.F.,.F.,(4,3,4),(0.0299767253652346,0.124610350963039,
0.151521274870466),.UNSPECIFIED.);
#437=B_SPLINE_CURVE_WITH_KNOTS('',3,(#12828,#12829,#12830,#12831),
 .UNSPECIFIED.,.F.,.F.,(4,4),(0.151521274870466,0.442431768755811),
 .UNSPECIFIED.);
#438=B_SPLINE_CURVE_WITH_KNOTS('',3,(#12835,#12836,#12837,#12838),
 .UNSPECIFIED.,.F.,.F.,(4,4),(0.151521274870466,0.442431768755811),
 .UNSPECIFIED.);
#439=B_SPLINE_CURVE_WITH_KNOTS('',3,(#12840,#12841,#12842,#12843),
 .UNSPECIFIED.,.F.,.F.,(4,4),(0.442431768755811,0.474452361759584),
 .UNSPECIFIED.);
#440=B_SPLINE_CURVE_WITH_KNOTS('',3,(#12847,#12848,#12849,#12850),
 .UNSPECIFIED.,.F.,.F.,(4,4),(0.442431768755811,0.474452361759584),
 .UNSPECIFIED.);
#441=B_SPLINE_CURVE_WITH_KNOTS('',3,(#12852,#12853,#12854,#12855),
 .UNSPECIFIED.,.F.,.F.,(4,4),(0.474452361759584,0.795339581010163),
 .UNSPECIFIED.);
#442=B_SPLINE_CURVE_WITH_KNOTS('',3,(#12859,#12860,#12861,#12862),
 .UNSPECIFIED.,.F.,.F.,(4,4),(0.474452361759584,0.795339581010163),
 .UNSPECIFIED.);
#443=B_SPLINE_CURVE_WITH_KNOTS('',3,(#12877,#12878,#12879,#12880,#12881,
#12882,#12883,#12884,#12885,#12886),.UNSPECIFIED.,.F.,.F.,(4,3,3,4),(0.795339581010163,
0.842348536696554,0.926436610914225,0.972407786879727),.UNSPECIFIED.);
#444=B_SPLINE_CURVE_WITH_KNOTS('',3,(#12887,#12888,#12889,#12890,#12891,
#12892,#12893,#12894,#12895,#12896),.UNSPECIFIED.,.F.,.F.,(4,3,3,4),(0.795339581010163,
0.842348536696554,0.926436610914225,0.972407786879727),.UNSPECIFIED.);
#445=ORIENTED_EDGE('',*,*,#1985,.T.);
#446=ORIENTED_EDGE('',*,*,#1986,.T.);
#447=ORIENTED_EDGE('',*,*,#1987,.F.);
#448=ORIENTED_EDGE('',*,*,#1988,.F.);
#449=ORIENTED_EDGE('',*,*,#1989,.F.);
#450=ORIENTED_EDGE('',*,*,#1990,.T.);
#451=ORIENTED_EDGE('',*,*,#1991,.T.);
#452=ORIENTED_EDGE('',*,*,#1992,.T.);
#453=ORIENTED_EDGE('',*,*,#1993,.F.);
#454=ORIENTED_EDGE('',*,*,#1994,.T.);
#455=ORIENTED_EDGE('',*,*,#1995,.F.);
#456=ORIENTED_EDGE('',*,*,#1996,.T.);
#457=ORIENTED_EDGE('',*,*,#1997,.F.);
#458=ORIENTED_EDGE('',*,*,#1998,.F.);
#459=ORIENTED_EDGE('',*,*,#1999,.F.);
#460=ORIENTED_EDGE('',*,*,#2000,.F.);
#461=ORIENTED_EDGE('',*,*,#2001,.F.);
#462=ORIENTED_EDGE('',*,*,#2002,.F.);
#463=ORIENTED_EDGE('',*,*,#2003,.F.);
#464=ORIENTED_EDGE('',*,*,#2004,.F.);
#465=ORIENTED_EDGE('',*,*,#2005,.F.);
#466=ORIENTED_EDGE('',*,*,#2006,.F.);
#467=ORIENTED_EDGE('',*,*,#2007,.F.);
#468=ORIENTED_EDGE('',*,*,#2008,.F.);
#469=ORIENTED_EDGE('',*,*,#2009,.F.);
#470=ORIENTED_EDGE('',*,*,#2010,.F.);
#471=ORIENTED_EDGE('',*,*,#2011,.F.);
#472=ORIENTED_EDGE('',*,*,#2012,.F.);
#473=ORIENTED_EDGE('',*,*,#2013,.F.);
#474=ORIENTED_EDGE('',*,*,#2014,.F.);
#475=ORIENTED_EDGE('',*,*,#2015,.F.);
#476=ORIENTED_EDGE('',*,*,#2016,.F.);
#477=ORIENTED_EDGE('',*,*,#2017,.F.);
#478=ORIENTED_EDGE('',*,*,#2018,.F.);
#479=ORIENTED_EDGE('',*,*,#2019,.F.);
#480=ORIENTED_EDGE('',*,*,#2020,.F.);
#481=ORIENTED_EDGE('',*,*,#2021,.F.);
#482=ORIENTED_EDGE('',*,*,#2022,.T.);
#483=ORIENTED_EDGE('',*,*,#2023,.F.);
#484=ORIENTED_EDGE('',*,*,#2024,.T.);
#485=ORIENTED_EDGE('',*,*,#2025,.F.);
#486=ORIENTED_EDGE('',*,*,#2026,.T.);
#487=ORIENTED_EDGE('',*,*,#1995,.T.);
#488=ORIENTED_EDGE('',*,*,#2027,.T.);
#489=ORIENTED_EDGE('',*,*,#2028,.T.);
#490=ORIENTED_EDGE('',*,*,#2029,.T.);
#491=ORIENTED_EDGE('',*,*,#2030,.F.);
#492=ORIENTED_EDGE('',*,*,#2031,.F.);
#493=ORIENTED_EDGE('',*,*,#2032,.F.);
#494=ORIENTED_EDGE('',*,*,#2033,.T.);
#495=ORIENTED_EDGE('',*,*,#2034,.F.);
#496=ORIENTED_EDGE('',*,*,#2035,.F.);
#497=ORIENTED_EDGE('',*,*,#2036,.F.);
#498=ORIENTED_EDGE('',*,*,#2037,.T.);
#499=ORIENTED_EDGE('',*,*,#2038,.F.);
#500=ORIENTED_EDGE('',*,*,#2039,.F.);
#501=ORIENTED_EDGE('',*,*,#2040,.F.);
#502=ORIENTED_EDGE('',*,*,#2041,.F.);
#503=ORIENTED_EDGE('',*,*,#2042,.F.);
#504=ORIENTED_EDGE('',*,*,#2043,.F.);
#505=ORIENTED_EDGE('',*,*,#2044,.F.);
#506=ORIENTED_EDGE('',*,*,#2045,.F.);
#507=ORIENTED_EDGE('',*,*,#2046,.F.);
#508=ORIENTED_EDGE('',*,*,#2047,.F.);
#509=ORIENTED_EDGE('',*,*,#2048,.F.);
#510=ORIENTED_EDGE('',*,*,#2049,.F.);
#511=ORIENTED_EDGE('',*,*,#2050,.F.);
#512=ORIENTED_EDGE('',*,*,#2051,.F.);
#513=ORIENTED_EDGE('',*,*,#2052,.F.);
#514=ORIENTED_EDGE('',*,*,#2053,.F.);
#515=ORIENTED_EDGE('',*,*,#2054,.F.);
#516=ORIENTED_EDGE('',*,*,#2055,.F.);
#517=ORIENTED_EDGE('',*,*,#2056,.F.);
#518=ORIENTED_EDGE('',*,*,#2057,.F.);
#519=ORIENTED_EDGE('',*,*,#2058,.F.);
#520=ORIENTED_EDGE('',*,*,#2059,.F.);
#521=ORIENTED_EDGE('',*,*,#2060,.F.);
#522=ORIENTED_EDGE('',*,*,#2061,.F.);
#523=ORIENTED_EDGE('',*,*,#2062,.F.);
#524=ORIENTED_EDGE('',*,*,#2063,.F.);
#525=ORIENTED_EDGE('',*,*,#2064,.F.);
#526=ORIENTED_EDGE('',*,*,#2065,.F.);
#527=ORIENTED_EDGE('',*,*,#2066,.F.);
#528=ORIENTED_EDGE('',*,*,#2067,.F.);
#529=ORIENTED_EDGE('',*,*,#2068,.F.);
#530=ORIENTED_EDGE('',*,*,#2069,.F.);
#531=ORIENTED_EDGE('',*,*,#2070,.F.);
#532=ORIENTED_EDGE('',*,*,#2071,.F.);
#533=ORIENTED_EDGE('',*,*,#2072,.F.);
#534=ORIENTED_EDGE('',*,*,#2073,.F.);
#535=ORIENTED_EDGE('',*,*,#2074,.F.);
#536=ORIENTED_EDGE('',*,*,#2075,.F.);
#537=ORIENTED_EDGE('',*,*,#2076,.F.);
#538=ORIENTED_EDGE('',*,*,#2077,.F.);
#539=ORIENTED_EDGE('',*,*,#2078,.F.);
#540=ORIENTED_EDGE('',*,*,#2079,.F.);
#541=ORIENTED_EDGE('',*,*,#2080,.F.);
#542=ORIENTED_EDGE('',*,*,#2081,.F.);
#543=ORIENTED_EDGE('',*,*,#2082,.F.);
#544=ORIENTED_EDGE('',*,*,#2083,.F.);
#545=ORIENTED_EDGE('',*,*,#2084,.F.);
#546=ORIENTED_EDGE('',*,*,#2085,.F.);
#547=ORIENTED_EDGE('',*,*,#2086,.F.);
#548=ORIENTED_EDGE('',*,*,#2087,.T.);
#549=ORIENTED_EDGE('',*,*,#2036,.T.);
#550=ORIENTED_EDGE('',*,*,#2021,.T.);
#551=ORIENTED_EDGE('',*,*,#2088,.F.);
#552=ORIENTED_EDGE('',*,*,#2089,.T.);
#553=ORIENTED_EDGE('',*,*,#2090,.T.);
#554=ORIENTED_EDGE('',*,*,#2082,.T.);
#555=ORIENTED_EDGE('',*,*,#2091,.F.);
#556=ORIENTED_EDGE('',*,*,#2092,.T.);
#557=ORIENTED_EDGE('',*,*,#2093,.T.);
#558=ORIENTED_EDGE('',*,*,#2078,.T.);
#559=ORIENTED_EDGE('',*,*,#2094,.F.);
#560=ORIENTED_EDGE('',*,*,#2095,.T.);
#561=ORIENTED_EDGE('',*,*,#2096,.T.);
#562=ORIENTED_EDGE('',*,*,#2074,.T.);
#563=ORIENTED_EDGE('',*,*,#2097,.F.);
#564=ORIENTED_EDGE('',*,*,#2098,.T.);
#565=ORIENTED_EDGE('',*,*,#2099,.T.);
#566=ORIENTED_EDGE('',*,*,#2070,.T.);
#567=ORIENTED_EDGE('',*,*,#2100,.F.);
#568=ORIENTED_EDGE('',*,*,#2101,.T.);
#569=ORIENTED_EDGE('',*,*,#2102,.T.);
#570=ORIENTED_EDGE('',*,*,#2066,.T.);
#571=ORIENTED_EDGE('',*,*,#2103,.F.);
#572=ORIENTED_EDGE('',*,*,#2104,.T.);
#573=ORIENTED_EDGE('',*,*,#2105,.T.);
#574=ORIENTED_EDGE('',*,*,#2062,.T.);
#575=ORIENTED_EDGE('',*,*,#2106,.F.);
#576=ORIENTED_EDGE('',*,*,#2107,.T.);
#577=ORIENTED_EDGE('',*,*,#2108,.T.);
#578=ORIENTED_EDGE('',*,*,#2058,.T.);
#579=ORIENTED_EDGE('',*,*,#2109,.F.);
#580=ORIENTED_EDGE('',*,*,#2110,.T.);
#581=ORIENTED_EDGE('',*,*,#2111,.T.);
#582=ORIENTED_EDGE('',*,*,#2054,.T.);
#583=ORIENTED_EDGE('',*,*,#2112,.F.);
#584=ORIENTED_EDGE('',*,*,#2113,.T.);
#585=ORIENTED_EDGE('',*,*,#2114,.T.);
#586=ORIENTED_EDGE('',*,*,#2050,.T.);
#587=ORIENTED_EDGE('',*,*,#2115,.F.);
#588=ORIENTED_EDGE('',*,*,#2116,.T.);
#589=ORIENTED_EDGE('',*,*,#2117,.T.);
#590=ORIENTED_EDGE('',*,*,#2046,.T.);
#591=ORIENTED_EDGE('',*,*,#2118,.F.);
#592=ORIENTED_EDGE('',*,*,#2119,.T.);
#593=ORIENTED_EDGE('',*,*,#2120,.T.);
#594=ORIENTED_EDGE('',*,*,#2042,.T.);
#595=ORIENTED_EDGE('',*,*,#2121,.F.);
#596=ORIENTED_EDGE('',*,*,#2122,.T.);
#597=ORIENTED_EDGE('',*,*,#2123,.T.);
#598=ORIENTED_EDGE('',*,*,#2038,.T.);
#599=ORIENTED_EDGE('',*,*,#2124,.T.);
#600=ORIENTED_EDGE('',*,*,#2125,.F.);
#601=ORIENTED_EDGE('',*,*,#2126,.T.);
#602=ORIENTED_EDGE('',*,*,#2127,.F.);
#603=ORIENTED_EDGE('',*,*,#2128,.T.);
#604=ORIENTED_EDGE('',*,*,#1987,.T.);
#605=ORIENTED_EDGE('',*,*,#2129,.F.);
#606=ORIENTED_EDGE('',*,*,#2029,.F.);
#607=ORIENTED_EDGE('',*,*,#2130,.T.);
#608=ORIENTED_EDGE('',*,*,#2131,.T.);
#609=ORIENTED_EDGE('',*,*,#2132,.F.);
#610=ORIENTED_EDGE('',*,*,#2133,.F.);
#611=ORIENTED_EDGE('',*,*,#1989,.T.);
#612=ORIENTED_EDGE('',*,*,#2134,.T.);
#613=ORIENTED_EDGE('',*,*,#2135,.F.);
#614=ORIENTED_EDGE('',*,*,#2136,.F.);
#615=ORIENTED_EDGE('',*,*,#2137,.T.);
#616=ORIENTED_EDGE('',*,*,#2138,.T.);
#617=ORIENTED_EDGE('',*,*,#2033,.F.);
#618=ORIENTED_EDGE('',*,*,#2131,.F.);
#619=ORIENTED_EDGE('',*,*,#2139,.T.);
#620=ORIENTED_EDGE('',*,*,#2127,.T.);
#621=ORIENTED_EDGE('',*,*,#2140,.F.);
#622=ORIENTED_EDGE('',*,*,#2141,.T.);
#623=ORIENTED_EDGE('',*,*,#2142,.F.);
#624=ORIENTED_EDGE('',*,*,#2143,.T.);
#625=ORIENTED_EDGE('',*,*,#2144,.T.);
#626=ORIENTED_EDGE('',*,*,#2145,.T.);
#627=ORIENTED_EDGE('',*,*,#2146,.T.);
#628=ORIENTED_EDGE('',*,*,#2147,.T.);
#629=ORIENTED_EDGE('',*,*,#2148,.T.);
#630=ORIENTED_EDGE('',*,*,#2137,.F.);
#631=ORIENTED_EDGE('',*,*,#2149,.T.);
#632=ORIENTED_EDGE('',*,*,#2135,.T.);
#633=ORIENTED_EDGE('',*,*,#2150,.F.);
#634=ORIENTED_EDGE('',*,*,#2145,.F.);
#635=ORIENTED_EDGE('',*,*,#2151,.T.);
#636=ORIENTED_EDGE('',*,*,#2152,.T.);
#637=ORIENTED_EDGE('',*,*,#2153,.T.);
#638=ORIENTED_EDGE('',*,*,#2141,.F.);
#639=ORIENTED_EDGE('',*,*,#2154,.T.);
#640=ORIENTED_EDGE('',*,*,#2155,.F.);
#641=ORIENTED_EDGE('',*,*,#2156,.T.);
#642=ORIENTED_EDGE('',*,*,#2157,.F.);
#643=ORIENTED_EDGE('',*,*,#2158,.T.);
#644=ORIENTED_EDGE('',*,*,#2159,.F.);
#645=ORIENTED_EDGE('',*,*,#2160,.T.);
#646=ORIENTED_EDGE('',*,*,#2161,.T.);
#647=ORIENTED_EDGE('',*,*,#2162,.T.);
#648=ORIENTED_EDGE('',*,*,#2163,.T.);
#649=ORIENTED_EDGE('',*,*,#2164,.T.);
#650=ORIENTED_EDGE('',*,*,#2165,.T.);
#651=ORIENTED_EDGE('',*,*,#2166,.T.);
#652=ORIENTED_EDGE('',*,*,#2167,.T.);
#653=ORIENTED_EDGE('',*,*,#2168,.T.);
#654=ORIENTED_EDGE('',*,*,#2169,.T.);
#655=ORIENTED_EDGE('',*,*,#2170,.T.);
#656=ORIENTED_EDGE('',*,*,#2171,.T.);
#657=ORIENTED_EDGE('',*,*,#2172,.T.);
#658=ORIENTED_EDGE('',*,*,#2173,.T.);
#659=ORIENTED_EDGE('',*,*,#2174,.T.);
#660=ORIENTED_EDGE('',*,*,#2175,.T.);
#661=ORIENTED_EDGE('',*,*,#2159,.T.);
#662=ORIENTED_EDGE('',*,*,#2176,.T.);
#663=ORIENTED_EDGE('',*,*,#2177,.T.);
#664=ORIENTED_EDGE('',*,*,#2178,.T.);
#665=ORIENTED_EDGE('',*,*,#2157,.T.);
#666=ORIENTED_EDGE('',*,*,#2179,.T.);
#667=ORIENTED_EDGE('',*,*,#2180,.T.);
#668=ORIENTED_EDGE('',*,*,#2181,.T.);
#669=ORIENTED_EDGE('',*,*,#2155,.T.);
#670=ORIENTED_EDGE('',*,*,#2182,.T.);
#671=ORIENTED_EDGE('',*,*,#2183,.T.);
#672=ORIENTED_EDGE('',*,*,#2184,.T.);
#673=ORIENTED_EDGE('',*,*,#2185,.T.);
#674=ORIENTED_EDGE('',*,*,#2125,.T.);
#675=ORIENTED_EDGE('',*,*,#2186,.T.);
#676=ORIENTED_EDGE('',*,*,#2086,.T.);
#677=ORIENTED_EDGE('',*,*,#2187,.T.);
#678=ORIENTED_EDGE('',*,*,#2188,.T.);
#679=ORIENTED_EDGE('',*,*,#2189,.T.);
#680=ORIENTED_EDGE('',*,*,#2190,.T.);
#681=ORIENTED_EDGE('',*,*,#2191,.T.);
#682=ORIENTED_EDGE('',*,*,#2192,.T.);
#683=ORIENTED_EDGE('',*,*,#2193,.T.);
#684=ORIENTED_EDGE('',*,*,#2194,.T.);
#685=ORIENTED_EDGE('',*,*,#2195,.T.);
#686=ORIENTED_EDGE('',*,*,#2196,.T.);
#687=ORIENTED_EDGE('',*,*,#2197,.T.);
#688=ORIENTED_EDGE('',*,*,#2198,.F.);
#689=ORIENTED_EDGE('',*,*,#2199,.F.);
#690=ORIENTED_EDGE('',*,*,#1993,.T.);
#691=ORIENTED_EDGE('',*,*,#2200,.T.);
#692=ORIENTED_EDGE('',*,*,#2148,.F.);
#693=ORIENTED_EDGE('',*,*,#2201,.T.);
#694=ORIENTED_EDGE('',*,*,#2179,.F.);
#695=ORIENTED_EDGE('',*,*,#2154,.F.);
#696=ORIENTED_EDGE('',*,*,#2175,.F.);
#697=ORIENTED_EDGE('',*,*,#2202,.T.);
#698=ORIENTED_EDGE('',*,*,#2146,.F.);
#699=ORIENTED_EDGE('',*,*,#2160,.F.);
#700=ORIENTED_EDGE('',*,*,#2178,.F.);
#701=ORIENTED_EDGE('',*,*,#2203,.T.);
#702=ORIENTED_EDGE('',*,*,#2173,.F.);
#703=ORIENTED_EDGE('',*,*,#2158,.F.);
#704=ORIENTED_EDGE('',*,*,#2181,.F.);
#705=ORIENTED_EDGE('',*,*,#2204,.T.);
#706=ORIENTED_EDGE('',*,*,#2176,.F.);
#707=ORIENTED_EDGE('',*,*,#2156,.F.);
#708=ORIENTED_EDGE('',*,*,#2205,.T.);
#709=ORIENTED_EDGE('',*,*,#2206,.T.);
#710=ORIENTED_EDGE('',*,*,#2165,.F.);
#711=ORIENTED_EDGE('',*,*,#2207,.T.);
#712=ORIENTED_EDGE('',*,*,#2167,.F.);
#713=ORIENTED_EDGE('',*,*,#2208,.T.);
#714=ORIENTED_EDGE('',*,*,#2209,.T.);
#715=ORIENTED_EDGE('',*,*,#2210,.T.);
#716=ORIENTED_EDGE('',*,*,#2211,.T.);
#717=ORIENTED_EDGE('',*,*,#2212,.T.);
#718=ORIENTED_EDGE('',*,*,#2169,.F.);
#719=ORIENTED_EDGE('',*,*,#2213,.T.);
#720=ORIENTED_EDGE('',*,*,#2171,.F.);
#721=ORIENTED_EDGE('',*,*,#2214,.T.);
#722=ORIENTED_EDGE('',*,*,#2215,.T.);
#723=ORIENTED_EDGE('',*,*,#2216,.T.);
#724=ORIENTED_EDGE('',*,*,#2215,.F.);
#725=ORIENTED_EDGE('',*,*,#2217,.T.);
#726=ORIENTED_EDGE('',*,*,#2211,.F.);
#727=ORIENTED_EDGE('',*,*,#2218,.T.);
#728=ORIENTED_EDGE('',*,*,#2209,.F.);
#729=ORIENTED_EDGE('',*,*,#2219,.T.);
#730=ORIENTED_EDGE('',*,*,#2205,.F.);
#731=ORIENTED_EDGE('',*,*,#2220,.T.);
#732=ORIENTED_EDGE('',*,*,#2220,.F.);
#733=ORIENTED_EDGE('',*,*,#2207,.F.);
#734=ORIENTED_EDGE('',*,*,#2172,.F.);
#735=ORIENTED_EDGE('',*,*,#2216,.F.);
#736=ORIENTED_EDGE('',*,*,#2218,.F.);
#737=ORIENTED_EDGE('',*,*,#2213,.F.);
#738=ORIENTED_EDGE('',*,*,#2168,.F.);
#739=ORIENTED_EDGE('',*,*,#2210,.F.);
#740=ORIENTED_EDGE('',*,*,#2219,.F.);
#741=ORIENTED_EDGE('',*,*,#2208,.F.);
#742=ORIENTED_EDGE('',*,*,#2166,.F.);
#743=ORIENTED_EDGE('',*,*,#2206,.F.);
#744=ORIENTED_EDGE('',*,*,#2217,.F.);
#745=ORIENTED_EDGE('',*,*,#2214,.F.);
#746=ORIENTED_EDGE('',*,*,#2170,.F.);
#747=ORIENTED_EDGE('',*,*,#2212,.F.);
#748=ORIENTED_EDGE('',*,*,#2162,.F.);
#749=ORIENTED_EDGE('',*,*,#2221,.F.);
#750=ORIENTED_EDGE('',*,*,#2222,.T.);
#751=ORIENTED_EDGE('',*,*,#2223,.T.);
#752=ORIENTED_EDGE('',*,*,#2163,.F.);
#753=ORIENTED_EDGE('',*,*,#2223,.F.);
#754=ORIENTED_EDGE('',*,*,#2224,.T.);
#755=ORIENTED_EDGE('',*,*,#2225,.T.);
#756=ORIENTED_EDGE('',*,*,#2164,.F.);
#757=ORIENTED_EDGE('',*,*,#2225,.F.);
#758=ORIENTED_EDGE('',*,*,#2226,.T.);
#759=ORIENTED_EDGE('',*,*,#2227,.T.);
#760=ORIENTED_EDGE('',*,*,#2161,.F.);
#761=ORIENTED_EDGE('',*,*,#2227,.F.);
#762=ORIENTED_EDGE('',*,*,#2228,.T.);
#763=ORIENTED_EDGE('',*,*,#2221,.T.);
#764=ORIENTED_EDGE('',*,*,#2222,.F.);
#765=ORIENTED_EDGE('',*,*,#2228,.F.);
#766=ORIENTED_EDGE('',*,*,#2226,.F.);
#767=ORIENTED_EDGE('',*,*,#2224,.F.);
#768=ORIENTED_EDGE('',*,*,#2151,.F.);
#769=ORIENTED_EDGE('',*,*,#2144,.F.);
#770=ORIENTED_EDGE('',*,*,#2229,.T.);
#771=ORIENTED_EDGE('',*,*,#2230,.T.);
#772=ORIENTED_EDGE('',*,*,#2152,.F.);
#773=ORIENTED_EDGE('',*,*,#2230,.F.);
#774=ORIENTED_EDGE('',*,*,#2231,.T.);
#775=ORIENTED_EDGE('',*,*,#2232,.T.);
#776=ORIENTED_EDGE('',*,*,#2153,.F.);
#777=ORIENTED_EDGE('',*,*,#2232,.F.);
#778=ORIENTED_EDGE('',*,*,#2233,.T.);
#779=ORIENTED_EDGE('',*,*,#2142,.T.);
#780=ORIENTED_EDGE('',*,*,#2229,.F.);
#781=ORIENTED_EDGE('',*,*,#2143,.F.);
#782=ORIENTED_EDGE('',*,*,#2233,.F.);
#783=ORIENTED_EDGE('',*,*,#2231,.F.);
#784=ORIENTED_EDGE('',*,*,#2234,.F.);
#785=ORIENTED_EDGE('',*,*,#2204,.F.);
#786=ORIENTED_EDGE('',*,*,#2235,.F.);
#787=ORIENTED_EDGE('',*,*,#2194,.F.);
#788=ORIENTED_EDGE('',*,*,#2235,.T.);
#789=ORIENTED_EDGE('',*,*,#2180,.F.);
#790=ORIENTED_EDGE('',*,*,#2236,.F.);
#791=ORIENTED_EDGE('',*,*,#2195,.F.);
#792=ORIENTED_EDGE('',*,*,#2234,.T.);
#793=ORIENTED_EDGE('',*,*,#2193,.F.);
#794=ORIENTED_EDGE('',*,*,#2237,.F.);
#795=ORIENTED_EDGE('',*,*,#2177,.F.);
#796=ORIENTED_EDGE('',*,*,#2236,.T.);
#797=ORIENTED_EDGE('',*,*,#2201,.F.);
#798=ORIENTED_EDGE('',*,*,#2238,.F.);
#799=ORIENTED_EDGE('',*,*,#2196,.F.);
#800=ORIENTED_EDGE('',*,*,#2237,.T.);
#801=ORIENTED_EDGE('',*,*,#2192,.F.);
#802=ORIENTED_EDGE('',*,*,#2239,.F.);
#803=ORIENTED_EDGE('',*,*,#2203,.F.);
#804=ORIENTED_EDGE('',*,*,#2238,.T.);
#805=ORIENTED_EDGE('',*,*,#2147,.F.);
#806=ORIENTED_EDGE('',*,*,#2240,.F.);
#807=ORIENTED_EDGE('',*,*,#2189,.F.);
#808=ORIENTED_EDGE('',*,*,#1991,.F.);
#809=ORIENTED_EDGE('',*,*,#2241,.F.);
#810=ORIENTED_EDGE('',*,*,#1985,.F.);
#811=ORIENTED_EDGE('',*,*,#2197,.F.);
#812=ORIENTED_EDGE('',*,*,#2239,.T.);
#813=ORIENTED_EDGE('',*,*,#2191,.F.);
#814=ORIENTED_EDGE('',*,*,#2242,.F.);
#815=ORIENTED_EDGE('',*,*,#2174,.F.);
#816=ORIENTED_EDGE('',*,*,#2240,.T.);
#817=ORIENTED_EDGE('',*,*,#2202,.F.);
#818=ORIENTED_EDGE('',*,*,#2242,.T.);
#819=ORIENTED_EDGE('',*,*,#2190,.F.);
#820=ORIENTED_EDGE('',*,*,#2134,.F.);
#821=ORIENTED_EDGE('',*,*,#1992,.F.);
#822=ORIENTED_EDGE('',*,*,#2188,.F.);
#823=ORIENTED_EDGE('',*,*,#2243,.T.);
#824=ORIENTED_EDGE('',*,*,#2034,.T.);
#825=ORIENTED_EDGE('',*,*,#2138,.F.);
#826=ORIENTED_EDGE('',*,*,#2150,.T.);
#827=ORIENTED_EDGE('',*,*,#2133,.T.);
#828=ORIENTED_EDGE('',*,*,#2149,.F.);
#829=ORIENTED_EDGE('',*,*,#2136,.T.);
#830=ORIENTED_EDGE('',*,*,#2032,.T.);
#831=ORIENTED_EDGE('',*,*,#2244,.F.);
#832=ORIENTED_EDGE('',*,*,#2245,.F.);
#833=ORIENTED_EDGE('',*,*,#1990,.F.);
#834=ORIENTED_EDGE('',*,*,#2129,.T.);
#835=ORIENTED_EDGE('',*,*,#1986,.F.);
#836=ORIENTED_EDGE('',*,*,#2246,.F.);
#837=ORIENTED_EDGE('',*,*,#2247,.T.);
#838=ORIENTED_EDGE('',*,*,#2030,.T.);
#839=ORIENTED_EDGE('',*,*,#2132,.T.);
#840=ORIENTED_EDGE('',*,*,#2140,.T.);
#841=ORIENTED_EDGE('',*,*,#2139,.F.);
#842=ORIENTED_EDGE('',*,*,#2130,.F.);
#843=ORIENTED_EDGE('',*,*,#2028,.F.);
#844=ORIENTED_EDGE('',*,*,#2248,.F.);
#845=ORIENTED_EDGE('',*,*,#2198,.T.);
#846=ORIENTED_EDGE('',*,*,#1988,.T.);
#847=ORIENTED_EDGE('',*,*,#2128,.F.);
#848=ORIENTED_EDGE('',*,*,#2025,.T.);
#849=ORIENTED_EDGE('',*,*,#2249,.T.);
#850=ORIENTED_EDGE('',*,*,#2182,.F.);
#851=ORIENTED_EDGE('',*,*,#2250,.T.);
#852=ORIENTED_EDGE('',*,*,#2184,.F.);
#853=ORIENTED_EDGE('',*,*,#2251,.T.);
#854=ORIENTED_EDGE('',*,*,#2023,.T.);
#855=ORIENTED_EDGE('',*,*,#2252,.T.);
#856=ORIENTED_EDGE('',*,*,#2186,.F.);
#857=ORIENTED_EDGE('',*,*,#2124,.F.);
#858=ORIENTED_EDGE('',*,*,#2037,.F.);
#859=ORIENTED_EDGE('',*,*,#2087,.F.);
#860=ORIENTED_EDGE('',*,*,#2200,.F.);
#861=ORIENTED_EDGE('',*,*,#1996,.F.);
#862=ORIENTED_EDGE('',*,*,#2026,.F.);
#863=ORIENTED_EDGE('',*,*,#2250,.F.);
#864=ORIENTED_EDGE('',*,*,#2185,.F.);
#865=ORIENTED_EDGE('',*,*,#2252,.F.);
#866=ORIENTED_EDGE('',*,*,#2022,.F.);
#867=ORIENTED_EDGE('',*,*,#2126,.F.);
#868=ORIENTED_EDGE('',*,*,#2035,.T.);
#869=ORIENTED_EDGE('',*,*,#2243,.F.);
#870=ORIENTED_EDGE('',*,*,#2187,.F.);
#871=ORIENTED_EDGE('',*,*,#2085,.T.);
#872=ORIENTED_EDGE('',*,*,#2027,.F.);
#873=ORIENTED_EDGE('',*,*,#1994,.F.);
#874=ORIENTED_EDGE('',*,*,#2199,.T.);
#875=ORIENTED_EDGE('',*,*,#2248,.T.);
#876=ORIENTED_EDGE('',*,*,#2241,.T.);
#877=ORIENTED_EDGE('',*,*,#2245,.T.);
#878=ORIENTED_EDGE('',*,*,#2253,.T.);
#879=ORIENTED_EDGE('',*,*,#2246,.T.);
#880=ORIENTED_EDGE('',*,*,#2031,.T.);
#881=ORIENTED_EDGE('',*,*,#2247,.F.);
#882=ORIENTED_EDGE('',*,*,#2253,.F.);
#883=ORIENTED_EDGE('',*,*,#2244,.T.);
#884=ORIENTED_EDGE('',*,*,#2183,.F.);
#885=ORIENTED_EDGE('',*,*,#2249,.F.);
#886=ORIENTED_EDGE('',*,*,#2024,.F.);
#887=ORIENTED_EDGE('',*,*,#2251,.F.);
#888=ORIENTED_EDGE('',*,*,#2254,.T.);
#889=ORIENTED_EDGE('',*,*,#2040,.T.);
#890=ORIENTED_EDGE('',*,*,#2255,.F.);
#891=ORIENTED_EDGE('',*,*,#2256,.T.);
#892=ORIENTED_EDGE('',*,*,#2121,.T.);
#893=ORIENTED_EDGE('',*,*,#2041,.T.);
#894=ORIENTED_EDGE('',*,*,#2254,.F.);
#895=ORIENTED_EDGE('',*,*,#2257,.T.);
#896=ORIENTED_EDGE('',*,*,#2255,.T.);
#897=ORIENTED_EDGE('',*,*,#2039,.T.);
#898=ORIENTED_EDGE('',*,*,#2123,.F.);
#899=ORIENTED_EDGE('',*,*,#2258,.T.);
#900=ORIENTED_EDGE('',*,*,#2256,.F.);
#901=ORIENTED_EDGE('',*,*,#2258,.F.);
#902=ORIENTED_EDGE('',*,*,#2122,.F.);
#903=ORIENTED_EDGE('',*,*,#2257,.F.);
#904=ORIENTED_EDGE('',*,*,#2259,.T.);
#905=ORIENTED_EDGE('',*,*,#2044,.T.);
#906=ORIENTED_EDGE('',*,*,#2260,.F.);
#907=ORIENTED_EDGE('',*,*,#2261,.T.);
#908=ORIENTED_EDGE('',*,*,#2118,.T.);
#909=ORIENTED_EDGE('',*,*,#2045,.T.);
#910=ORIENTED_EDGE('',*,*,#2259,.F.);
#911=ORIENTED_EDGE('',*,*,#2262,.T.);
#912=ORIENTED_EDGE('',*,*,#2260,.T.);
#913=ORIENTED_EDGE('',*,*,#2043,.T.);
#914=ORIENTED_EDGE('',*,*,#2120,.F.);
#915=ORIENTED_EDGE('',*,*,#2263,.T.);
#916=ORIENTED_EDGE('',*,*,#2261,.F.);
#917=ORIENTED_EDGE('',*,*,#2263,.F.);
#918=ORIENTED_EDGE('',*,*,#2119,.F.);
#919=ORIENTED_EDGE('',*,*,#2262,.F.);
#920=ORIENTED_EDGE('',*,*,#2264,.T.);
#921=ORIENTED_EDGE('',*,*,#2048,.T.);
#922=ORIENTED_EDGE('',*,*,#2265,.F.);
#923=ORIENTED_EDGE('',*,*,#2266,.T.);
#924=ORIENTED_EDGE('',*,*,#2115,.T.);
#925=ORIENTED_EDGE('',*,*,#2049,.T.);
#926=ORIENTED_EDGE('',*,*,#2264,.F.);
#927=ORIENTED_EDGE('',*,*,#2267,.T.);
#928=ORIENTED_EDGE('',*,*,#2265,.T.);
#929=ORIENTED_EDGE('',*,*,#2047,.T.);
#930=ORIENTED_EDGE('',*,*,#2117,.F.);
#931=ORIENTED_EDGE('',*,*,#2268,.T.);
#932=ORIENTED_EDGE('',*,*,#2266,.F.);
#933=ORIENTED_EDGE('',*,*,#2268,.F.);
#934=ORIENTED_EDGE('',*,*,#2116,.F.);
#935=ORIENTED_EDGE('',*,*,#2267,.F.);
#936=ORIENTED_EDGE('',*,*,#2269,.T.);
#937=ORIENTED_EDGE('',*,*,#2052,.T.);
#938=ORIENTED_EDGE('',*,*,#2270,.F.);
#939=ORIENTED_EDGE('',*,*,#2271,.T.);
#940=ORIENTED_EDGE('',*,*,#2112,.T.);
#941=ORIENTED_EDGE('',*,*,#2053,.T.);
#942=ORIENTED_EDGE('',*,*,#2269,.F.);
#943=ORIENTED_EDGE('',*,*,#2272,.T.);
#944=ORIENTED_EDGE('',*,*,#2270,.T.);
#945=ORIENTED_EDGE('',*,*,#2051,.T.);
#946=ORIENTED_EDGE('',*,*,#2114,.F.);
#947=ORIENTED_EDGE('',*,*,#2273,.T.);
#948=ORIENTED_EDGE('',*,*,#2271,.F.);
#949=ORIENTED_EDGE('',*,*,#2273,.F.);
#950=ORIENTED_EDGE('',*,*,#2113,.F.);
#951=ORIENTED_EDGE('',*,*,#2272,.F.);
#952=ORIENTED_EDGE('',*,*,#2274,.T.);
#953=ORIENTED_EDGE('',*,*,#2056,.T.);
#954=ORIENTED_EDGE('',*,*,#2275,.F.);
#955=ORIENTED_EDGE('',*,*,#2276,.T.);
#956=ORIENTED_EDGE('',*,*,#2109,.T.);
#957=ORIENTED_EDGE('',*,*,#2057,.T.);
#958=ORIENTED_EDGE('',*,*,#2274,.F.);
#959=ORIENTED_EDGE('',*,*,#2277,.T.);
#960=ORIENTED_EDGE('',*,*,#2275,.T.);
#961=ORIENTED_EDGE('',*,*,#2055,.T.);
#962=ORIENTED_EDGE('',*,*,#2111,.F.);
#963=ORIENTED_EDGE('',*,*,#2278,.T.);
#964=ORIENTED_EDGE('',*,*,#2276,.F.);
#965=ORIENTED_EDGE('',*,*,#2278,.F.);
#966=ORIENTED_EDGE('',*,*,#2110,.F.);
#967=ORIENTED_EDGE('',*,*,#2277,.F.);
#968=ORIENTED_EDGE('',*,*,#2279,.T.);
#969=ORIENTED_EDGE('',*,*,#2060,.T.);
#970=ORIENTED_EDGE('',*,*,#2280,.F.);
#971=ORIENTED_EDGE('',*,*,#2281,.T.);
#972=ORIENTED_EDGE('',*,*,#2106,.T.);
#973=ORIENTED_EDGE('',*,*,#2061,.T.);
#974=ORIENTED_EDGE('',*,*,#2279,.F.);
#975=ORIENTED_EDGE('',*,*,#2282,.T.);
#976=ORIENTED_EDGE('',*,*,#2280,.T.);
#977=ORIENTED_EDGE('',*,*,#2059,.T.);
#978=ORIENTED_EDGE('',*,*,#2108,.F.);
#979=ORIENTED_EDGE('',*,*,#2283,.T.);
#980=ORIENTED_EDGE('',*,*,#2281,.F.);
#981=ORIENTED_EDGE('',*,*,#2283,.F.);
#982=ORIENTED_EDGE('',*,*,#2107,.F.);
#983=ORIENTED_EDGE('',*,*,#2282,.F.);
#984=ORIENTED_EDGE('',*,*,#2284,.T.);
#985=ORIENTED_EDGE('',*,*,#2064,.T.);
#986=ORIENTED_EDGE('',*,*,#2285,.F.);
#987=ORIENTED_EDGE('',*,*,#2286,.T.);
#988=ORIENTED_EDGE('',*,*,#2103,.T.);
#989=ORIENTED_EDGE('',*,*,#2065,.T.);
#990=ORIENTED_EDGE('',*,*,#2284,.F.);
#991=ORIENTED_EDGE('',*,*,#2287,.T.);
#992=ORIENTED_EDGE('',*,*,#2285,.T.);
#993=ORIENTED_EDGE('',*,*,#2063,.T.);
#994=ORIENTED_EDGE('',*,*,#2105,.F.);
#995=ORIENTED_EDGE('',*,*,#2288,.T.);
#996=ORIENTED_EDGE('',*,*,#2286,.F.);
#997=ORIENTED_EDGE('',*,*,#2288,.F.);
#998=ORIENTED_EDGE('',*,*,#2104,.F.);
#999=ORIENTED_EDGE('',*,*,#2287,.F.);
#1000=ORIENTED_EDGE('',*,*,#2289,.T.);
#1001=ORIENTED_EDGE('',*,*,#2068,.T.);
#1002=ORIENTED_EDGE('',*,*,#2290,.F.);
#1003=ORIENTED_EDGE('',*,*,#2291,.T.);
#1004=ORIENTED_EDGE('',*,*,#2100,.T.);
#1005=ORIENTED_EDGE('',*,*,#2069,.T.);
#1006=ORIENTED_EDGE('',*,*,#2289,.F.);
#1007=ORIENTED_EDGE('',*,*,#2292,.T.);
#1008=ORIENTED_EDGE('',*,*,#2290,.T.);
#1009=ORIENTED_EDGE('',*,*,#2067,.T.);
#1010=ORIENTED_EDGE('',*,*,#2102,.F.);
#1011=ORIENTED_EDGE('',*,*,#2293,.T.);
#1012=ORIENTED_EDGE('',*,*,#2291,.F.);
#1013=ORIENTED_EDGE('',*,*,#2293,.F.);
#1014=ORIENTED_EDGE('',*,*,#2101,.F.);
#1015=ORIENTED_EDGE('',*,*,#2292,.F.);
#1016=ORIENTED_EDGE('',*,*,#2294,.T.);
#1017=ORIENTED_EDGE('',*,*,#2072,.T.);
#1018=ORIENTED_EDGE('',*,*,#2295,.F.);
#1019=ORIENTED_EDGE('',*,*,#2296,.T.);
#1020=ORIENTED_EDGE('',*,*,#2097,.T.);
#1021=ORIENTED_EDGE('',*,*,#2073,.T.);
#1022=ORIENTED_EDGE('',*,*,#2294,.F.);
#1023=ORIENTED_EDGE('',*,*,#2297,.T.);
#1024=ORIENTED_EDGE('',*,*,#2295,.T.);
#1025=ORIENTED_EDGE('',*,*,#2071,.T.);
#1026=ORIENTED_EDGE('',*,*,#2099,.F.);
#1027=ORIENTED_EDGE('',*,*,#2298,.T.);
#1028=ORIENTED_EDGE('',*,*,#2296,.F.);
#1029=ORIENTED_EDGE('',*,*,#2298,.F.);
#1030=ORIENTED_EDGE('',*,*,#2098,.F.);
#1031=ORIENTED_EDGE('',*,*,#2297,.F.);
#1032=ORIENTED_EDGE('',*,*,#2299,.T.);
#1033=ORIENTED_EDGE('',*,*,#2076,.T.);
#1034=ORIENTED_EDGE('',*,*,#2300,.F.);
#1035=ORIENTED_EDGE('',*,*,#2301,.T.);
#1036=ORIENTED_EDGE('',*,*,#2094,.T.);
#1037=ORIENTED_EDGE('',*,*,#2077,.T.);
#1038=ORIENTED_EDGE('',*,*,#2299,.F.);
#1039=ORIENTED_EDGE('',*,*,#2302,.T.);
#1040=ORIENTED_EDGE('',*,*,#2300,.T.);
#1041=ORIENTED_EDGE('',*,*,#2075,.T.);
#1042=ORIENTED_EDGE('',*,*,#2096,.F.);
#1043=ORIENTED_EDGE('',*,*,#2303,.T.);
#1044=ORIENTED_EDGE('',*,*,#2301,.F.);
#1045=ORIENTED_EDGE('',*,*,#2303,.F.);
#1046=ORIENTED_EDGE('',*,*,#2095,.F.);
#1047=ORIENTED_EDGE('',*,*,#2302,.F.);
#1048=ORIENTED_EDGE('',*,*,#2304,.T.);
#1049=ORIENTED_EDGE('',*,*,#2080,.T.);
#1050=ORIENTED_EDGE('',*,*,#2305,.F.);
#1051=ORIENTED_EDGE('',*,*,#2306,.T.);
#1052=ORIENTED_EDGE('',*,*,#2091,.T.);
#1053=ORIENTED_EDGE('',*,*,#2081,.T.);
#1054=ORIENTED_EDGE('',*,*,#2304,.F.);
#1055=ORIENTED_EDGE('',*,*,#2307,.T.);
#1056=ORIENTED_EDGE('',*,*,#2305,.T.);
#1057=ORIENTED_EDGE('',*,*,#2079,.T.);
#1058=ORIENTED_EDGE('',*,*,#2093,.F.);
#1059=ORIENTED_EDGE('',*,*,#2308,.T.);
#1060=ORIENTED_EDGE('',*,*,#2306,.F.);
#1061=ORIENTED_EDGE('',*,*,#2308,.F.);
#1062=ORIENTED_EDGE('',*,*,#2092,.F.);
#1063=ORIENTED_EDGE('',*,*,#2307,.F.);
#1064=ORIENTED_EDGE('',*,*,#2309,.T.);
#1065=ORIENTED_EDGE('',*,*,#2084,.T.);
#1066=ORIENTED_EDGE('',*,*,#2310,.F.);
#1067=ORIENTED_EDGE('',*,*,#2311,.T.);
#1068=ORIENTED_EDGE('',*,*,#2088,.T.);
#1069=ORIENTED_EDGE('',*,*,#2020,.T.);
#1070=ORIENTED_EDGE('',*,*,#2309,.F.);
#1071=ORIENTED_EDGE('',*,*,#2312,.T.);
#1072=ORIENTED_EDGE('',*,*,#2310,.T.);
#1073=ORIENTED_EDGE('',*,*,#2083,.T.);
#1074=ORIENTED_EDGE('',*,*,#2090,.F.);
#1075=ORIENTED_EDGE('',*,*,#2313,.T.);
#1076=ORIENTED_EDGE('',*,*,#2311,.F.);
#1077=ORIENTED_EDGE('',*,*,#2313,.F.);
#1078=ORIENTED_EDGE('',*,*,#2089,.F.);
#1079=ORIENTED_EDGE('',*,*,#2312,.F.);
#1080=ORIENTED_EDGE('',*,*,#2314,.T.);
#1081=ORIENTED_EDGE('',*,*,#2013,.T.);
#1082=ORIENTED_EDGE('',*,*,#2315,.F.);
#1083=ORIENTED_EDGE('',*,*,#2316,.T.);
#1084=ORIENTED_EDGE('',*,*,#2317,.T.);
#1085=ORIENTED_EDGE('',*,*,#2014,.T.);
#1086=ORIENTED_EDGE('',*,*,#2314,.F.);
#1087=ORIENTED_EDGE('',*,*,#2318,.T.);
#1088=ORIENTED_EDGE('',*,*,#2319,.T.);
#1089=ORIENTED_EDGE('',*,*,#2015,.T.);
#1090=ORIENTED_EDGE('',*,*,#2317,.F.);
#1091=ORIENTED_EDGE('',*,*,#2320,.T.);
#1092=ORIENTED_EDGE('',*,*,#2321,.T.);
#1093=ORIENTED_EDGE('',*,*,#2016,.T.);
#1094=ORIENTED_EDGE('',*,*,#2319,.F.);
#1095=ORIENTED_EDGE('',*,*,#2322,.T.);
#1096=ORIENTED_EDGE('',*,*,#2323,.T.);
#1097=ORIENTED_EDGE('',*,*,#2017,.T.);
#1098=ORIENTED_EDGE('',*,*,#2321,.F.);
#1099=ORIENTED_EDGE('',*,*,#2324,.T.);
#1100=ORIENTED_EDGE('',*,*,#2325,.T.);
#1101=ORIENTED_EDGE('',*,*,#2018,.T.);
#1102=ORIENTED_EDGE('',*,*,#2323,.F.);
#1103=ORIENTED_EDGE('',*,*,#2326,.T.);
#1104=ORIENTED_EDGE('',*,*,#2315,.T.);
#1105=ORIENTED_EDGE('',*,*,#2019,.T.);
#1106=ORIENTED_EDGE('',*,*,#2325,.F.);
#1107=ORIENTED_EDGE('',*,*,#2327,.T.);
#1108=ORIENTED_EDGE('',*,*,#2316,.F.);
#1109=ORIENTED_EDGE('',*,*,#2327,.F.);
#1110=ORIENTED_EDGE('',*,*,#2326,.F.);
#1111=ORIENTED_EDGE('',*,*,#2324,.F.);
#1112=ORIENTED_EDGE('',*,*,#2322,.F.);
#1113=ORIENTED_EDGE('',*,*,#2320,.F.);
#1114=ORIENTED_EDGE('',*,*,#2318,.F.);
#1115=ORIENTED_EDGE('',*,*,#2328,.T.);
#1116=ORIENTED_EDGE('',*,*,#2004,.T.);
#1117=ORIENTED_EDGE('',*,*,#2329,.F.);
#1118=ORIENTED_EDGE('',*,*,#2330,.T.);
#1119=ORIENTED_EDGE('',*,*,#2331,.T.);
#1120=ORIENTED_EDGE('',*,*,#2005,.T.);
#1121=ORIENTED_EDGE('',*,*,#2328,.F.);
#1122=ORIENTED_EDGE('',*,*,#2332,.T.);
#1123=ORIENTED_EDGE('',*,*,#2333,.T.);
#1124=ORIENTED_EDGE('',*,*,#2006,.T.);
#1125=ORIENTED_EDGE('',*,*,#2331,.F.);
#1126=ORIENTED_EDGE('',*,*,#2334,.T.);
#1127=ORIENTED_EDGE('',*,*,#2335,.T.);
#1128=ORIENTED_EDGE('',*,*,#2007,.T.);
#1129=ORIENTED_EDGE('',*,*,#2333,.F.);
#1130=ORIENTED_EDGE('',*,*,#2336,.T.);
#1131=ORIENTED_EDGE('',*,*,#2337,.T.);
#1132=ORIENTED_EDGE('',*,*,#2008,.T.);
#1133=ORIENTED_EDGE('',*,*,#2335,.F.);
#1134=ORIENTED_EDGE('',*,*,#2338,.T.);
#1135=ORIENTED_EDGE('',*,*,#2339,.T.);
#1136=ORIENTED_EDGE('',*,*,#2009,.T.);
#1137=ORIENTED_EDGE('',*,*,#2337,.F.);
#1138=ORIENTED_EDGE('',*,*,#2340,.T.);
#1139=ORIENTED_EDGE('',*,*,#2341,.T.);
#1140=ORIENTED_EDGE('',*,*,#2010,.T.);
#1141=ORIENTED_EDGE('',*,*,#2339,.F.);
#1142=ORIENTED_EDGE('',*,*,#2342,.T.);
#1143=ORIENTED_EDGE('',*,*,#2343,.T.);
#1144=ORIENTED_EDGE('',*,*,#2011,.T.);
#1145=ORIENTED_EDGE('',*,*,#2341,.F.);
#1146=ORIENTED_EDGE('',*,*,#2344,.T.);
#1147=ORIENTED_EDGE('',*,*,#2329,.T.);
#1148=ORIENTED_EDGE('',*,*,#2012,.T.);
#1149=ORIENTED_EDGE('',*,*,#2343,.F.);
#1150=ORIENTED_EDGE('',*,*,#2345,.T.);
#1151=ORIENTED_EDGE('',*,*,#2330,.F.);
#1152=ORIENTED_EDGE('',*,*,#2345,.F.);
#1153=ORIENTED_EDGE('',*,*,#2344,.F.);
#1154=ORIENTED_EDGE('',*,*,#2342,.F.);
#1155=ORIENTED_EDGE('',*,*,#2340,.F.);
#1156=ORIENTED_EDGE('',*,*,#2338,.F.);
#1157=ORIENTED_EDGE('',*,*,#2336,.F.);
#1158=ORIENTED_EDGE('',*,*,#2334,.F.);
#1159=ORIENTED_EDGE('',*,*,#2332,.F.);
#1160=ORIENTED_EDGE('',*,*,#2346,.T.);
#1161=ORIENTED_EDGE('',*,*,#1997,.T.);
#1162=ORIENTED_EDGE('',*,*,#2347,.F.);
#1163=ORIENTED_EDGE('',*,*,#2348,.T.);
#1164=ORIENTED_EDGE('',*,*,#2349,.T.);
#1165=ORIENTED_EDGE('',*,*,#1998,.T.);
#1166=ORIENTED_EDGE('',*,*,#2346,.F.);
#1167=ORIENTED_EDGE('',*,*,#2350,.T.);
#1168=ORIENTED_EDGE('',*,*,#2351,.T.);
#1169=ORIENTED_EDGE('',*,*,#1999,.T.);
#1170=ORIENTED_EDGE('',*,*,#2349,.F.);
#1171=ORIENTED_EDGE('',*,*,#2352,.T.);
#1172=ORIENTED_EDGE('',*,*,#2353,.T.);
#1173=ORIENTED_EDGE('',*,*,#2000,.T.);
#1174=ORIENTED_EDGE('',*,*,#2351,.F.);
#1175=ORIENTED_EDGE('',*,*,#2354,.T.);
#1176=ORIENTED_EDGE('',*,*,#2355,.T.);
#1177=ORIENTED_EDGE('',*,*,#2001,.T.);
#1178=ORIENTED_EDGE('',*,*,#2353,.F.);
#1179=ORIENTED_EDGE('',*,*,#2356,.T.);
#1180=ORIENTED_EDGE('',*,*,#2357,.T.);
#1181=ORIENTED_EDGE('',*,*,#2002,.T.);
#1182=ORIENTED_EDGE('',*,*,#2355,.F.);
#1183=ORIENTED_EDGE('',*,*,#2358,.T.);
#1184=ORIENTED_EDGE('',*,*,#2347,.T.);
#1185=ORIENTED_EDGE('',*,*,#2003,.T.);
#1186=ORIENTED_EDGE('',*,*,#2357,.F.);
#1187=ORIENTED_EDGE('',*,*,#2359,.T.);
#1188=ORIENTED_EDGE('',*,*,#2348,.F.);
#1189=ORIENTED_EDGE('',*,*,#2359,.F.);
#1190=ORIENTED_EDGE('',*,*,#2358,.F.);
#1191=ORIENTED_EDGE('',*,*,#2356,.F.);
#1192=ORIENTED_EDGE('',*,*,#2354,.F.);
#1193=ORIENTED_EDGE('',*,*,#2352,.F.);
#1194=ORIENTED_EDGE('',*,*,#2350,.F.);
#1195=ORIENTED_EDGE('',*,*,#2360,.T.);
#1196=ORIENTED_EDGE('',*,*,#2361,.F.);
#1197=ORIENTED_EDGE('',*,*,#2362,.F.);
#1198=ORIENTED_EDGE('',*,*,#2363,.T.);
#1199=ORIENTED_EDGE('',*,*,#2364,.T.);
#1200=ORIENTED_EDGE('',*,*,#2365,.F.);
#1201=ORIENTED_EDGE('',*,*,#2366,.F.);
#1202=ORIENTED_EDGE('',*,*,#2361,.T.);
#1203=ORIENTED_EDGE('',*,*,#2367,.T.);
#1204=ORIENTED_EDGE('',*,*,#2368,.F.);
#1205=ORIENTED_EDGE('',*,*,#2369,.F.);
#1206=ORIENTED_EDGE('',*,*,#2365,.T.);
#1207=ORIENTED_EDGE('',*,*,#2370,.T.);
#1208=ORIENTED_EDGE('',*,*,#2371,.F.);
#1209=ORIENTED_EDGE('',*,*,#2372,.F.);
#1210=ORIENTED_EDGE('',*,*,#2368,.T.);
#1211=ORIENTED_EDGE('',*,*,#2373,.T.);
#1212=ORIENTED_EDGE('',*,*,#2363,.F.);
#1213=ORIENTED_EDGE('',*,*,#2374,.F.);
#1214=ORIENTED_EDGE('',*,*,#2371,.T.);
#1215=ORIENTED_EDGE('',*,*,#2362,.T.);
#1216=ORIENTED_EDGE('',*,*,#2366,.T.);
#1217=ORIENTED_EDGE('',*,*,#2369,.T.);
#1218=ORIENTED_EDGE('',*,*,#2372,.T.);
#1219=ORIENTED_EDGE('',*,*,#2374,.T.);
#1220=ORIENTED_EDGE('',*,*,#2360,.F.);
#1221=ORIENTED_EDGE('',*,*,#2373,.F.);
#1222=ORIENTED_EDGE('',*,*,#2370,.F.);
#1223=ORIENTED_EDGE('',*,*,#2367,.F.);
#1224=ORIENTED_EDGE('',*,*,#2364,.F.);
#1225=ORIENTED_EDGE('',*,*,#2375,.F.);
#1226=ORIENTED_EDGE('',*,*,#2376,.T.);
#1227=ORIENTED_EDGE('',*,*,#2377,.F.);
#1228=ORIENTED_EDGE('',*,*,#2378,.T.);
#1229=ORIENTED_EDGE('',*,*,#2375,.T.);
#1230=ORIENTED_EDGE('',*,*,#2377,.T.);
#1231=ORIENTED_EDGE('',*,*,#2376,.F.);
#1232=ORIENTED_EDGE('',*,*,#2378,.F.);
#1233=ORIENTED_EDGE('',*,*,#2379,.T.);
#1234=ORIENTED_EDGE('',*,*,#2380,.F.);
#1235=ORIENTED_EDGE('',*,*,#2381,.F.);
#1236=ORIENTED_EDGE('',*,*,#2382,.T.);
#1237=ORIENTED_EDGE('',*,*,#2383,.T.);
#1238=ORIENTED_EDGE('',*,*,#2384,.F.);
#1239=ORIENTED_EDGE('',*,*,#2385,.F.);
#1240=ORIENTED_EDGE('',*,*,#2380,.T.);
#1241=ORIENTED_EDGE('',*,*,#2386,.T.);
#1242=ORIENTED_EDGE('',*,*,#2387,.F.);
#1243=ORIENTED_EDGE('',*,*,#2388,.F.);
#1244=ORIENTED_EDGE('',*,*,#2384,.T.);
#1245=ORIENTED_EDGE('',*,*,#2389,.T.);
#1246=ORIENTED_EDGE('',*,*,#2390,.F.);
#1247=ORIENTED_EDGE('',*,*,#2391,.F.);
#1248=ORIENTED_EDGE('',*,*,#2387,.T.);
#1249=ORIENTED_EDGE('',*,*,#2392,.T.);
#1250=ORIENTED_EDGE('',*,*,#2393,.F.);
#1251=ORIENTED_EDGE('',*,*,#2394,.F.);
#1252=ORIENTED_EDGE('',*,*,#2390,.T.);
#1253=ORIENTED_EDGE('',*,*,#2395,.T.);
#1254=ORIENTED_EDGE('',*,*,#2396,.F.);
#1255=ORIENTED_EDGE('',*,*,#2397,.F.);
#1256=ORIENTED_EDGE('',*,*,#2393,.T.);
#1257=ORIENTED_EDGE('',*,*,#2398,.T.);
#1258=ORIENTED_EDGE('',*,*,#2399,.F.);
#1259=ORIENTED_EDGE('',*,*,#2400,.F.);
#1260=ORIENTED_EDGE('',*,*,#2396,.T.);
#1261=ORIENTED_EDGE('',*,*,#2401,.T.);
#1262=ORIENTED_EDGE('',*,*,#2382,.F.);
#1263=ORIENTED_EDGE('',*,*,#2402,.F.);
#1264=ORIENTED_EDGE('',*,*,#2399,.T.);
#1265=ORIENTED_EDGE('',*,*,#2381,.T.);
#1266=ORIENTED_EDGE('',*,*,#2385,.T.);
#1267=ORIENTED_EDGE('',*,*,#2388,.T.);
#1268=ORIENTED_EDGE('',*,*,#2391,.T.);
#1269=ORIENTED_EDGE('',*,*,#2394,.T.);
#1270=ORIENTED_EDGE('',*,*,#2397,.T.);
#1271=ORIENTED_EDGE('',*,*,#2400,.T.);
#1272=ORIENTED_EDGE('',*,*,#2402,.T.);
#1273=ORIENTED_EDGE('',*,*,#2379,.F.);
#1274=ORIENTED_EDGE('',*,*,#2401,.F.);
#1275=ORIENTED_EDGE('',*,*,#2398,.F.);
#1276=ORIENTED_EDGE('',*,*,#2395,.F.);
#1277=ORIENTED_EDGE('',*,*,#2392,.F.);
#1278=ORIENTED_EDGE('',*,*,#2389,.F.);
#1279=ORIENTED_EDGE('',*,*,#2386,.F.);
#1280=ORIENTED_EDGE('',*,*,#2383,.F.);
#1281=ORIENTED_EDGE('',*,*,#2403,.T.);
#1282=ORIENTED_EDGE('',*,*,#2404,.F.);
#1283=ORIENTED_EDGE('',*,*,#2405,.F.);
#1284=ORIENTED_EDGE('',*,*,#2406,.T.);
#1285=ORIENTED_EDGE('',*,*,#2407,.T.);
#1286=ORIENTED_EDGE('',*,*,#2408,.F.);
#1287=ORIENTED_EDGE('',*,*,#2409,.F.);
#1288=ORIENTED_EDGE('',*,*,#2404,.T.);
#1289=ORIENTED_EDGE('',*,*,#2410,.T.);
#1290=ORIENTED_EDGE('',*,*,#2411,.F.);
#1291=ORIENTED_EDGE('',*,*,#2412,.F.);
#1292=ORIENTED_EDGE('',*,*,#2408,.T.);
#1293=ORIENTED_EDGE('',*,*,#2413,.T.);
#1294=ORIENTED_EDGE('',*,*,#2414,.F.);
#1295=ORIENTED_EDGE('',*,*,#2415,.F.);
#1296=ORIENTED_EDGE('',*,*,#2411,.T.);
#1297=ORIENTED_EDGE('',*,*,#2416,.T.);
#1298=ORIENTED_EDGE('',*,*,#2417,.F.);
#1299=ORIENTED_EDGE('',*,*,#2418,.F.);
#1300=ORIENTED_EDGE('',*,*,#2414,.T.);
#1301=ORIENTED_EDGE('',*,*,#2419,.T.);
#1302=ORIENTED_EDGE('',*,*,#2420,.F.);
#1303=ORIENTED_EDGE('',*,*,#2421,.F.);
#1304=ORIENTED_EDGE('',*,*,#2417,.T.);
#1305=ORIENTED_EDGE('',*,*,#2422,.T.);
#1306=ORIENTED_EDGE('',*,*,#2406,.F.);
#1307=ORIENTED_EDGE('',*,*,#2423,.F.);
#1308=ORIENTED_EDGE('',*,*,#2420,.T.);
#1309=ORIENTED_EDGE('',*,*,#2405,.T.);
#1310=ORIENTED_EDGE('',*,*,#2409,.T.);
#1311=ORIENTED_EDGE('',*,*,#2412,.T.);
#1312=ORIENTED_EDGE('',*,*,#2415,.T.);
#1313=ORIENTED_EDGE('',*,*,#2418,.T.);
#1314=ORIENTED_EDGE('',*,*,#2421,.T.);
#1315=ORIENTED_EDGE('',*,*,#2423,.T.);
#1316=ORIENTED_EDGE('',*,*,#2403,.F.);
#1317=ORIENTED_EDGE('',*,*,#2422,.F.);
#1318=ORIENTED_EDGE('',*,*,#2419,.F.);
#1319=ORIENTED_EDGE('',*,*,#2416,.F.);
#1320=ORIENTED_EDGE('',*,*,#2413,.F.);
#1321=ORIENTED_EDGE('',*,*,#2410,.F.);
#1322=ORIENTED_EDGE('',*,*,#2407,.F.);
#1323=ORIENTED_EDGE('',*,*,#2424,.T.);
#1324=ORIENTED_EDGE('',*,*,#2425,.F.);
#1325=ORIENTED_EDGE('',*,*,#2426,.F.);
#1326=ORIENTED_EDGE('',*,*,#2427,.T.);
#1327=ORIENTED_EDGE('',*,*,#2428,.T.);
#1328=ORIENTED_EDGE('',*,*,#2429,.F.);
#1329=ORIENTED_EDGE('',*,*,#2430,.F.);
#1330=ORIENTED_EDGE('',*,*,#2425,.T.);
#1331=ORIENTED_EDGE('',*,*,#2431,.T.);
#1332=ORIENTED_EDGE('',*,*,#2432,.F.);
#1333=ORIENTED_EDGE('',*,*,#2433,.F.);
#1334=ORIENTED_EDGE('',*,*,#2429,.T.);
#1335=ORIENTED_EDGE('',*,*,#2434,.T.);
#1336=ORIENTED_EDGE('',*,*,#2435,.F.);
#1337=ORIENTED_EDGE('',*,*,#2436,.F.);
#1338=ORIENTED_EDGE('',*,*,#2432,.T.);
#1339=ORIENTED_EDGE('',*,*,#2437,.T.);
#1340=ORIENTED_EDGE('',*,*,#2438,.F.);
#1341=ORIENTED_EDGE('',*,*,#2439,.F.);
#1342=ORIENTED_EDGE('',*,*,#2435,.T.);
#1343=ORIENTED_EDGE('',*,*,#2440,.T.);
#1344=ORIENTED_EDGE('',*,*,#2441,.F.);
#1345=ORIENTED_EDGE('',*,*,#2442,.F.);
#1346=ORIENTED_EDGE('',*,*,#2438,.T.);
#1347=ORIENTED_EDGE('',*,*,#2443,.T.);
#1348=ORIENTED_EDGE('',*,*,#2444,.F.);
#1349=ORIENTED_EDGE('',*,*,#2445,.F.);
#1350=ORIENTED_EDGE('',*,*,#2441,.T.);
#1351=ORIENTED_EDGE('',*,*,#2446,.T.);
#1352=ORIENTED_EDGE('',*,*,#2447,.F.);
#1353=ORIENTED_EDGE('',*,*,#2448,.F.);
#1354=ORIENTED_EDGE('',*,*,#2444,.T.);
#1355=ORIENTED_EDGE('',*,*,#2449,.T.);
#1356=ORIENTED_EDGE('',*,*,#2450,.F.);
#1357=ORIENTED_EDGE('',*,*,#2451,.F.);
#1358=ORIENTED_EDGE('',*,*,#2447,.T.);
#1359=ORIENTED_EDGE('',*,*,#2452,.T.);
#1360=ORIENTED_EDGE('',*,*,#2453,.F.);
#1361=ORIENTED_EDGE('',*,*,#2454,.F.);
#1362=ORIENTED_EDGE('',*,*,#2450,.T.);
#1363=ORIENTED_EDGE('',*,*,#2455,.T.);
#1364=ORIENTED_EDGE('',*,*,#2456,.F.);
#1365=ORIENTED_EDGE('',*,*,#2457,.F.);
#1366=ORIENTED_EDGE('',*,*,#2453,.T.);
#1367=ORIENTED_EDGE('',*,*,#2458,.T.);
#1368=ORIENTED_EDGE('',*,*,#2459,.F.);
#1369=ORIENTED_EDGE('',*,*,#2460,.F.);
#1370=ORIENTED_EDGE('',*,*,#2456,.T.);
#1371=ORIENTED_EDGE('',*,*,#2461,.T.);
#1372=ORIENTED_EDGE('',*,*,#2427,.F.);
#1373=ORIENTED_EDGE('',*,*,#2462,.F.);
#1374=ORIENTED_EDGE('',*,*,#2459,.T.);
#1375=ORIENTED_EDGE('',*,*,#2426,.T.);
#1376=ORIENTED_EDGE('',*,*,#2430,.T.);
#1377=ORIENTED_EDGE('',*,*,#2433,.T.);
#1378=ORIENTED_EDGE('',*,*,#2436,.T.);
#1379=ORIENTED_EDGE('',*,*,#2439,.T.);
#1380=ORIENTED_EDGE('',*,*,#2442,.T.);
#1381=ORIENTED_EDGE('',*,*,#2445,.T.);
#1382=ORIENTED_EDGE('',*,*,#2448,.T.);
#1383=ORIENTED_EDGE('',*,*,#2451,.T.);
#1384=ORIENTED_EDGE('',*,*,#2454,.T.);
#1385=ORIENTED_EDGE('',*,*,#2457,.T.);
#1386=ORIENTED_EDGE('',*,*,#2460,.T.);
#1387=ORIENTED_EDGE('',*,*,#2462,.T.);
#1388=ORIENTED_EDGE('',*,*,#2424,.F.);
#1389=ORIENTED_EDGE('',*,*,#2461,.F.);
#1390=ORIENTED_EDGE('',*,*,#2458,.F.);
#1391=ORIENTED_EDGE('',*,*,#2455,.F.);
#1392=ORIENTED_EDGE('',*,*,#2452,.F.);
#1393=ORIENTED_EDGE('',*,*,#2449,.F.);
#1394=ORIENTED_EDGE('',*,*,#2446,.F.);
#1395=ORIENTED_EDGE('',*,*,#2443,.F.);
#1396=ORIENTED_EDGE('',*,*,#2440,.F.);
#1397=ORIENTED_EDGE('',*,*,#2437,.F.);
#1398=ORIENTED_EDGE('',*,*,#2434,.F.);
#1399=ORIENTED_EDGE('',*,*,#2431,.F.);
#1400=ORIENTED_EDGE('',*,*,#2428,.F.);
#1401=ORIENTED_EDGE('',*,*,#2463,.T.);
#1402=ORIENTED_EDGE('',*,*,#2464,.F.);
#1403=ORIENTED_EDGE('',*,*,#2465,.F.);
#1404=ORIENTED_EDGE('',*,*,#2466,.T.);
#1405=ORIENTED_EDGE('',*,*,#2467,.T.);
#1406=ORIENTED_EDGE('',*,*,#2468,.F.);
#1407=ORIENTED_EDGE('',*,*,#2469,.F.);
#1408=ORIENTED_EDGE('',*,*,#2464,.T.);
#1409=ORIENTED_EDGE('',*,*,#2470,.T.);
#1410=ORIENTED_EDGE('',*,*,#2471,.F.);
#1411=ORIENTED_EDGE('',*,*,#2472,.F.);
#1412=ORIENTED_EDGE('',*,*,#2468,.T.);
#1413=ORIENTED_EDGE('',*,*,#2473,.T.);
#1414=ORIENTED_EDGE('',*,*,#2466,.F.);
#1415=ORIENTED_EDGE('',*,*,#2474,.F.);
#1416=ORIENTED_EDGE('',*,*,#2471,.T.);
#1417=ORIENTED_EDGE('',*,*,#2465,.T.);
#1418=ORIENTED_EDGE('',*,*,#2469,.T.);
#1419=ORIENTED_EDGE('',*,*,#2472,.T.);
#1420=ORIENTED_EDGE('',*,*,#2474,.T.);
#1421=ORIENTED_EDGE('',*,*,#2463,.F.);
#1422=ORIENTED_EDGE('',*,*,#2473,.F.);
#1423=ORIENTED_EDGE('',*,*,#2470,.F.);
#1424=ORIENTED_EDGE('',*,*,#2467,.F.);
#1425=ORIENTED_EDGE('',*,*,#2475,.T.);
#1426=ORIENTED_EDGE('',*,*,#2476,.F.);
#1427=ORIENTED_EDGE('',*,*,#2477,.F.);
#1428=ORIENTED_EDGE('',*,*,#2478,.T.);
#1429=ORIENTED_EDGE('',*,*,#2479,.T.);
#1430=ORIENTED_EDGE('',*,*,#2480,.F.);
#1431=ORIENTED_EDGE('',*,*,#2481,.F.);
#1432=ORIENTED_EDGE('',*,*,#2476,.T.);
#1433=ORIENTED_EDGE('',*,*,#2482,.T.);
#1434=ORIENTED_EDGE('',*,*,#2483,.F.);
#1435=ORIENTED_EDGE('',*,*,#2484,.F.);
#1436=ORIENTED_EDGE('',*,*,#2480,.T.);
#1437=ORIENTED_EDGE('',*,*,#2485,.T.);
#1438=ORIENTED_EDGE('',*,*,#2478,.F.);
#1439=ORIENTED_EDGE('',*,*,#2486,.F.);
#1440=ORIENTED_EDGE('',*,*,#2483,.T.);
#1441=ORIENTED_EDGE('',*,*,#2477,.T.);
#1442=ORIENTED_EDGE('',*,*,#2481,.T.);
#1443=ORIENTED_EDGE('',*,*,#2484,.T.);
#1444=ORIENTED_EDGE('',*,*,#2486,.T.);
#1445=ORIENTED_EDGE('',*,*,#2475,.F.);
#1446=ORIENTED_EDGE('',*,*,#2485,.F.);
#1447=ORIENTED_EDGE('',*,*,#2482,.F.);
#1448=ORIENTED_EDGE('',*,*,#2479,.F.);
#1449=ORIENTED_EDGE('',*,*,#2487,.T.);
#1450=ORIENTED_EDGE('',*,*,#2488,.F.);
#1451=ORIENTED_EDGE('',*,*,#2489,.F.);
#1452=ORIENTED_EDGE('',*,*,#2490,.T.);
#1453=ORIENTED_EDGE('',*,*,#2491,.T.);
#1454=ORIENTED_EDGE('',*,*,#2492,.F.);
#1455=ORIENTED_EDGE('',*,*,#2493,.F.);
#1456=ORIENTED_EDGE('',*,*,#2488,.T.);
#1457=ORIENTED_EDGE('',*,*,#2494,.T.);
#1458=ORIENTED_EDGE('',*,*,#2495,.F.);
#1459=ORIENTED_EDGE('',*,*,#2496,.F.);
#1460=ORIENTED_EDGE('',*,*,#2492,.T.);
#1461=ORIENTED_EDGE('',*,*,#2497,.T.);
#1462=ORIENTED_EDGE('',*,*,#2498,.F.);
#1463=ORIENTED_EDGE('',*,*,#2499,.F.);
#1464=ORIENTED_EDGE('',*,*,#2495,.T.);
#1465=ORIENTED_EDGE('',*,*,#2500,.T.);
#1466=ORIENTED_EDGE('',*,*,#2501,.F.);
#1467=ORIENTED_EDGE('',*,*,#2502,.F.);
#1468=ORIENTED_EDGE('',*,*,#2498,.T.);
#1469=ORIENTED_EDGE('',*,*,#2503,.T.);
#1470=ORIENTED_EDGE('',*,*,#2490,.F.);
#1471=ORIENTED_EDGE('',*,*,#2504,.F.);
#1472=ORIENTED_EDGE('',*,*,#2501,.T.);
#1473=ORIENTED_EDGE('',*,*,#2489,.T.);
#1474=ORIENTED_EDGE('',*,*,#2493,.T.);
#1475=ORIENTED_EDGE('',*,*,#2496,.T.);
#1476=ORIENTED_EDGE('',*,*,#2499,.T.);
#1477=ORIENTED_EDGE('',*,*,#2502,.T.);
#1478=ORIENTED_EDGE('',*,*,#2504,.T.);
#1479=ORIENTED_EDGE('',*,*,#2487,.F.);
#1480=ORIENTED_EDGE('',*,*,#2503,.F.);
#1481=ORIENTED_EDGE('',*,*,#2500,.F.);
#1482=ORIENTED_EDGE('',*,*,#2497,.F.);
#1483=ORIENTED_EDGE('',*,*,#2494,.F.);
#1484=ORIENTED_EDGE('',*,*,#2491,.F.);
#1485=ORIENTED_EDGE('',*,*,#2505,.T.);
#1486=ORIENTED_EDGE('',*,*,#2506,.F.);
#1487=ORIENTED_EDGE('',*,*,#2507,.F.);
#1488=ORIENTED_EDGE('',*,*,#2508,.T.);
#1489=ORIENTED_EDGE('',*,*,#2509,.T.);
#1490=ORIENTED_EDGE('',*,*,#2510,.F.);
#1491=ORIENTED_EDGE('',*,*,#2511,.F.);
#1492=ORIENTED_EDGE('',*,*,#2506,.T.);
#1493=ORIENTED_EDGE('',*,*,#2512,.T.);
#1494=ORIENTED_EDGE('',*,*,#2513,.F.);
#1495=ORIENTED_EDGE('',*,*,#2514,.F.);
#1496=ORIENTED_EDGE('',*,*,#2510,.T.);
#1497=ORIENTED_EDGE('',*,*,#2515,.T.);
#1498=ORIENTED_EDGE('',*,*,#2516,.F.);
#1499=ORIENTED_EDGE('',*,*,#2517,.F.);
#1500=ORIENTED_EDGE('',*,*,#2513,.T.);
#1501=ORIENTED_EDGE('',*,*,#2518,.T.);
#1502=ORIENTED_EDGE('',*,*,#2519,.F.);
#1503=ORIENTED_EDGE('',*,*,#2520,.F.);
#1504=ORIENTED_EDGE('',*,*,#2516,.T.);
#1505=ORIENTED_EDGE('',*,*,#2521,.T.);
#1506=ORIENTED_EDGE('',*,*,#2522,.F.);
#1507=ORIENTED_EDGE('',*,*,#2523,.F.);
#1508=ORIENTED_EDGE('',*,*,#2519,.T.);
#1509=ORIENTED_EDGE('',*,*,#2524,.T.);
#1510=ORIENTED_EDGE('',*,*,#2525,.F.);
#1511=ORIENTED_EDGE('',*,*,#2526,.F.);
#1512=ORIENTED_EDGE('',*,*,#2522,.T.);
#1513=ORIENTED_EDGE('',*,*,#2527,.T.);
#1514=ORIENTED_EDGE('',*,*,#2508,.F.);
#1515=ORIENTED_EDGE('',*,*,#2528,.F.);
#1516=ORIENTED_EDGE('',*,*,#2525,.T.);
#1517=ORIENTED_EDGE('',*,*,#2507,.T.);
#1518=ORIENTED_EDGE('',*,*,#2511,.T.);
#1519=ORIENTED_EDGE('',*,*,#2514,.T.);
#1520=ORIENTED_EDGE('',*,*,#2517,.T.);
#1521=ORIENTED_EDGE('',*,*,#2520,.T.);
#1522=ORIENTED_EDGE('',*,*,#2523,.T.);
#1523=ORIENTED_EDGE('',*,*,#2526,.T.);
#1524=ORIENTED_EDGE('',*,*,#2528,.T.);
#1525=ORIENTED_EDGE('',*,*,#2505,.F.);
#1526=ORIENTED_EDGE('',*,*,#2527,.F.);
#1527=ORIENTED_EDGE('',*,*,#2524,.F.);
#1528=ORIENTED_EDGE('',*,*,#2521,.F.);
#1529=ORIENTED_EDGE('',*,*,#2518,.F.);
#1530=ORIENTED_EDGE('',*,*,#2515,.F.);
#1531=ORIENTED_EDGE('',*,*,#2512,.F.);
#1532=ORIENTED_EDGE('',*,*,#2509,.F.);
#1533=ORIENTED_EDGE('',*,*,#2529,.T.);
#1534=ORIENTED_EDGE('',*,*,#2530,.F.);
#1535=ORIENTED_EDGE('',*,*,#2531,.F.);
#1536=ORIENTED_EDGE('',*,*,#2532,.T.);
#1537=ORIENTED_EDGE('',*,*,#2533,.T.);
#1538=ORIENTED_EDGE('',*,*,#2534,.F.);
#1539=ORIENTED_EDGE('',*,*,#2535,.F.);
#1540=ORIENTED_EDGE('',*,*,#2530,.T.);
#1541=ORIENTED_EDGE('',*,*,#2536,.T.);
#1542=ORIENTED_EDGE('',*,*,#2537,.F.);
#1543=ORIENTED_EDGE('',*,*,#2538,.F.);
#1544=ORIENTED_EDGE('',*,*,#2534,.T.);
#1545=ORIENTED_EDGE('',*,*,#2539,.T.);
#1546=ORIENTED_EDGE('',*,*,#2540,.F.);
#1547=ORIENTED_EDGE('',*,*,#2541,.F.);
#1548=ORIENTED_EDGE('',*,*,#2542,.T.);
#1549=ORIENTED_EDGE('',*,*,#2543,.T.);
#1550=ORIENTED_EDGE('',*,*,#2542,.F.);
#1551=ORIENTED_EDGE('',*,*,#2544,.F.);
#1552=ORIENTED_EDGE('',*,*,#2540,.T.);
#1553=ORIENTED_EDGE('',*,*,#2545,.T.);
#1554=ORIENTED_EDGE('',*,*,#2532,.F.);
#1555=ORIENTED_EDGE('',*,*,#2546,.F.);
#1556=ORIENTED_EDGE('',*,*,#2537,.T.);
#1557=ORIENTED_EDGE('',*,*,#2541,.T.);
#1558=ORIENTED_EDGE('',*,*,#2544,.T.);
#1559=ORIENTED_EDGE('',*,*,#2531,.T.);
#1560=ORIENTED_EDGE('',*,*,#2535,.T.);
#1561=ORIENTED_EDGE('',*,*,#2538,.T.);
#1562=ORIENTED_EDGE('',*,*,#2546,.T.);
#1563=ORIENTED_EDGE('',*,*,#2539,.F.);
#1564=ORIENTED_EDGE('',*,*,#2543,.F.);
#1565=ORIENTED_EDGE('',*,*,#2529,.F.);
#1566=ORIENTED_EDGE('',*,*,#2545,.F.);
#1567=ORIENTED_EDGE('',*,*,#2536,.F.);
#1568=ORIENTED_EDGE('',*,*,#2533,.F.);
#1569=ORIENTED_EDGE('',*,*,#2547,.T.);
#1570=ORIENTED_EDGE('',*,*,#2548,.F.);
#1571=ORIENTED_EDGE('',*,*,#2549,.F.);
#1572=ORIENTED_EDGE('',*,*,#2550,.T.);
#1573=ORIENTED_EDGE('',*,*,#2551,.T.);
#1574=ORIENTED_EDGE('',*,*,#2552,.F.);
#1575=ORIENTED_EDGE('',*,*,#2553,.F.);
#1576=ORIENTED_EDGE('',*,*,#2548,.T.);
#1577=ORIENTED_EDGE('',*,*,#2554,.T.);
#1578=ORIENTED_EDGE('',*,*,#2555,.F.);
#1579=ORIENTED_EDGE('',*,*,#2556,.F.);
#1580=ORIENTED_EDGE('',*,*,#2552,.T.);
#1581=ORIENTED_EDGE('',*,*,#2557,.T.);
#1582=ORIENTED_EDGE('',*,*,#2558,.F.);
#1583=ORIENTED_EDGE('',*,*,#2559,.F.);
#1584=ORIENTED_EDGE('',*,*,#2560,.T.);
#1585=ORIENTED_EDGE('',*,*,#2561,.T.);
#1586=ORIENTED_EDGE('',*,*,#2562,.F.);
#1587=ORIENTED_EDGE('',*,*,#2563,.F.);
#1588=ORIENTED_EDGE('',*,*,#2558,.T.);
#1589=ORIENTED_EDGE('',*,*,#2564,.T.);
#1590=ORIENTED_EDGE('',*,*,#2560,.F.);
#1591=ORIENTED_EDGE('',*,*,#2565,.F.);
#1592=ORIENTED_EDGE('',*,*,#2562,.T.);
#1593=ORIENTED_EDGE('',*,*,#2566,.T.);
#1594=ORIENTED_EDGE('',*,*,#2550,.F.);
#1595=ORIENTED_EDGE('',*,*,#2567,.F.);
#1596=ORIENTED_EDGE('',*,*,#2555,.T.);
#1597=ORIENTED_EDGE('',*,*,#2559,.T.);
#1598=ORIENTED_EDGE('',*,*,#2563,.T.);
#1599=ORIENTED_EDGE('',*,*,#2565,.T.);
#1600=ORIENTED_EDGE('',*,*,#2549,.T.);
#1601=ORIENTED_EDGE('',*,*,#2553,.T.);
#1602=ORIENTED_EDGE('',*,*,#2556,.T.);
#1603=ORIENTED_EDGE('',*,*,#2567,.T.);
#1604=ORIENTED_EDGE('',*,*,#2557,.F.);
#1605=ORIENTED_EDGE('',*,*,#2564,.F.);
#1606=ORIENTED_EDGE('',*,*,#2561,.F.);
#1607=ORIENTED_EDGE('',*,*,#2547,.F.);
#1608=ORIENTED_EDGE('',*,*,#2566,.F.);
#1609=ORIENTED_EDGE('',*,*,#2554,.F.);
#1610=ORIENTED_EDGE('',*,*,#2551,.F.);
#1611=ORIENTED_EDGE('',*,*,#2568,.T.);
#1612=ORIENTED_EDGE('',*,*,#2569,.F.);
#1613=ORIENTED_EDGE('',*,*,#2570,.F.);
#1614=ORIENTED_EDGE('',*,*,#2571,.T.);
#1615=ORIENTED_EDGE('',*,*,#2572,.T.);
#1616=ORIENTED_EDGE('',*,*,#2573,.F.);
#1617=ORIENTED_EDGE('',*,*,#2574,.F.);
#1618=ORIENTED_EDGE('',*,*,#2569,.T.);
#1619=ORIENTED_EDGE('',*,*,#2575,.T.);
#1620=ORIENTED_EDGE('',*,*,#2576,.F.);
#1621=ORIENTED_EDGE('',*,*,#2577,.F.);
#1622=ORIENTED_EDGE('',*,*,#2573,.T.);
#1623=ORIENTED_EDGE('',*,*,#2578,.T.);
#1624=ORIENTED_EDGE('',*,*,#2571,.F.);
#1625=ORIENTED_EDGE('',*,*,#2579,.F.);
#1626=ORIENTED_EDGE('',*,*,#2576,.T.);
#1627=ORIENTED_EDGE('',*,*,#2570,.T.);
#1628=ORIENTED_EDGE('',*,*,#2574,.T.);
#1629=ORIENTED_EDGE('',*,*,#2577,.T.);
#1630=ORIENTED_EDGE('',*,*,#2579,.T.);
#1631=ORIENTED_EDGE('',*,*,#2568,.F.);
#1632=ORIENTED_EDGE('',*,*,#2578,.F.);
#1633=ORIENTED_EDGE('',*,*,#2575,.F.);
#1634=ORIENTED_EDGE('',*,*,#2572,.F.);
#1635=ORIENTED_EDGE('',*,*,#2580,.T.);
#1636=ORIENTED_EDGE('',*,*,#2581,.F.);
#1637=ORIENTED_EDGE('',*,*,#2582,.F.);
#1638=ORIENTED_EDGE('',*,*,#2583,.T.);
#1639=ORIENTED_EDGE('',*,*,#2584,.T.);
#1640=ORIENTED_EDGE('',*,*,#2585,.F.);
#1641=ORIENTED_EDGE('',*,*,#2586,.F.);
#1642=ORIENTED_EDGE('',*,*,#2581,.T.);
#1643=ORIENTED_EDGE('',*,*,#2587,.T.);
#1644=ORIENTED_EDGE('',*,*,#2588,.F.);
#1645=ORIENTED_EDGE('',*,*,#2589,.F.);
#1646=ORIENTED_EDGE('',*,*,#2585,.T.);
#1647=ORIENTED_EDGE('',*,*,#2590,.T.);
#1648=ORIENTED_EDGE('',*,*,#2591,.F.);
#1649=ORIENTED_EDGE('',*,*,#2592,.F.);
#1650=ORIENTED_EDGE('',*,*,#2588,.T.);
#1651=ORIENTED_EDGE('',*,*,#2593,.T.);
#1652=ORIENTED_EDGE('',*,*,#2594,.F.);
#1653=ORIENTED_EDGE('',*,*,#2595,.F.);
#1654=ORIENTED_EDGE('',*,*,#2591,.T.);
#1655=ORIENTED_EDGE('',*,*,#2596,.T.);
#1656=ORIENTED_EDGE('',*,*,#2583,.F.);
#1657=ORIENTED_EDGE('',*,*,#2597,.F.);
#1658=ORIENTED_EDGE('',*,*,#2594,.T.);
#1659=ORIENTED_EDGE('',*,*,#2582,.T.);
#1660=ORIENTED_EDGE('',*,*,#2586,.T.);
#1661=ORIENTED_EDGE('',*,*,#2589,.T.);
#1662=ORIENTED_EDGE('',*,*,#2592,.T.);
#1663=ORIENTED_EDGE('',*,*,#2595,.T.);
#1664=ORIENTED_EDGE('',*,*,#2597,.T.);
#1665=ORIENTED_EDGE('',*,*,#2580,.F.);
#1666=ORIENTED_EDGE('',*,*,#2596,.F.);
#1667=ORIENTED_EDGE('',*,*,#2593,.F.);
#1668=ORIENTED_EDGE('',*,*,#2590,.F.);
#1669=ORIENTED_EDGE('',*,*,#2587,.F.);
#1670=ORIENTED_EDGE('',*,*,#2584,.F.);
#1671=ORIENTED_EDGE('',*,*,#2598,.F.);
#1672=ORIENTED_EDGE('',*,*,#2599,.T.);
#1673=ORIENTED_EDGE('',*,*,#2600,.F.);
#1674=ORIENTED_EDGE('',*,*,#2601,.T.);
#1675=ORIENTED_EDGE('',*,*,#2598,.T.);
#1676=ORIENTED_EDGE('',*,*,#2600,.T.);
#1677=ORIENTED_EDGE('',*,*,#2599,.F.);
#1678=ORIENTED_EDGE('',*,*,#2601,.F.);
#1679=ORIENTED_EDGE('',*,*,#2602,.T.);
#1680=ORIENTED_EDGE('',*,*,#2603,.F.);
#1681=ORIENTED_EDGE('',*,*,#2604,.F.);
#1682=ORIENTED_EDGE('',*,*,#2605,.T.);
#1683=ORIENTED_EDGE('',*,*,#2606,.T.);
#1684=ORIENTED_EDGE('',*,*,#2607,.F.);
#1685=ORIENTED_EDGE('',*,*,#2608,.F.);
#1686=ORIENTED_EDGE('',*,*,#2603,.T.);
#1687=ORIENTED_EDGE('',*,*,#2609,.T.);
#1688=ORIENTED_EDGE('',*,*,#2610,.F.);
#1689=ORIENTED_EDGE('',*,*,#2611,.F.);
#1690=ORIENTED_EDGE('',*,*,#2607,.T.);
#1691=ORIENTED_EDGE('',*,*,#2612,.T.);
#1692=ORIENTED_EDGE('',*,*,#2613,.F.);
#1693=ORIENTED_EDGE('',*,*,#2614,.F.);
#1694=ORIENTED_EDGE('',*,*,#2615,.T.);
#1695=ORIENTED_EDGE('',*,*,#2616,.T.);
#1696=ORIENTED_EDGE('',*,*,#2617,.F.);
#1697=ORIENTED_EDGE('',*,*,#2618,.F.);
#1698=ORIENTED_EDGE('',*,*,#2613,.T.);
#1699=ORIENTED_EDGE('',*,*,#2619,.T.);
#1700=ORIENTED_EDGE('',*,*,#2615,.F.);
#1701=ORIENTED_EDGE('',*,*,#2620,.F.);
#1702=ORIENTED_EDGE('',*,*,#2617,.T.);
#1703=ORIENTED_EDGE('',*,*,#2621,.T.);
#1704=ORIENTED_EDGE('',*,*,#2605,.F.);
#1705=ORIENTED_EDGE('',*,*,#2622,.F.);
#1706=ORIENTED_EDGE('',*,*,#2610,.T.);
#1707=ORIENTED_EDGE('',*,*,#2614,.T.);
#1708=ORIENTED_EDGE('',*,*,#2618,.T.);
#1709=ORIENTED_EDGE('',*,*,#2620,.T.);
#1710=ORIENTED_EDGE('',*,*,#2604,.T.);
#1711=ORIENTED_EDGE('',*,*,#2608,.T.);
#1712=ORIENTED_EDGE('',*,*,#2611,.T.);
#1713=ORIENTED_EDGE('',*,*,#2622,.T.);
#1714=ORIENTED_EDGE('',*,*,#2612,.F.);
#1715=ORIENTED_EDGE('',*,*,#2619,.F.);
#1716=ORIENTED_EDGE('',*,*,#2616,.F.);
#1717=ORIENTED_EDGE('',*,*,#2602,.F.);
#1718=ORIENTED_EDGE('',*,*,#2621,.F.);
#1719=ORIENTED_EDGE('',*,*,#2609,.F.);
#1720=ORIENTED_EDGE('',*,*,#2606,.F.);
#1721=ORIENTED_EDGE('',*,*,#2623,.T.);
#1722=ORIENTED_EDGE('',*,*,#2624,.F.);
#1723=ORIENTED_EDGE('',*,*,#2625,.F.);
#1724=ORIENTED_EDGE('',*,*,#2626,.T.);
#1725=ORIENTED_EDGE('',*,*,#2627,.T.);
#1726=ORIENTED_EDGE('',*,*,#2628,.F.);
#1727=ORIENTED_EDGE('',*,*,#2629,.F.);
#1728=ORIENTED_EDGE('',*,*,#2624,.T.);
#1729=ORIENTED_EDGE('',*,*,#2630,.T.);
#1730=ORIENTED_EDGE('',*,*,#2631,.F.);
#1731=ORIENTED_EDGE('',*,*,#2632,.F.);
#1732=ORIENTED_EDGE('',*,*,#2628,.T.);
#1733=ORIENTED_EDGE('',*,*,#2633,.T.);
#1734=ORIENTED_EDGE('',*,*,#2634,.F.);
#1735=ORIENTED_EDGE('',*,*,#2635,.F.);
#1736=ORIENTED_EDGE('',*,*,#2631,.T.);
#1737=ORIENTED_EDGE('',*,*,#2636,.T.);
#1738=ORIENTED_EDGE('',*,*,#2637,.F.);
#1739=ORIENTED_EDGE('',*,*,#2638,.F.);
#1740=ORIENTED_EDGE('',*,*,#2634,.T.);
#1741=ORIENTED_EDGE('',*,*,#2639,.T.);
#1742=ORIENTED_EDGE('',*,*,#2640,.F.);
#1743=ORIENTED_EDGE('',*,*,#2641,.F.);
#1744=ORIENTED_EDGE('',*,*,#2637,.T.);
#1745=ORIENTED_EDGE('',*,*,#2642,.T.);
#1746=ORIENTED_EDGE('',*,*,#2643,.F.);
#1747=ORIENTED_EDGE('',*,*,#2644,.F.);
#1748=ORIENTED_EDGE('',*,*,#2640,.T.);
#1749=ORIENTED_EDGE('',*,*,#2645,.T.);
#1750=ORIENTED_EDGE('',*,*,#2646,.F.);
#1751=ORIENTED_EDGE('',*,*,#2647,.F.);
#1752=ORIENTED_EDGE('',*,*,#2643,.T.);
#1753=ORIENTED_EDGE('',*,*,#2648,.T.);
#1754=ORIENTED_EDGE('',*,*,#2649,.F.);
#1755=ORIENTED_EDGE('',*,*,#2650,.F.);
#1756=ORIENTED_EDGE('',*,*,#2646,.T.);
#1757=ORIENTED_EDGE('',*,*,#2651,.T.);
#1758=ORIENTED_EDGE('',*,*,#2652,.F.);
#1759=ORIENTED_EDGE('',*,*,#2653,.F.);
#1760=ORIENTED_EDGE('',*,*,#2649,.T.);
#1761=ORIENTED_EDGE('',*,*,#2654,.T.);
#1762=ORIENTED_EDGE('',*,*,#2655,.F.);
#1763=ORIENTED_EDGE('',*,*,#2656,.F.);
#1764=ORIENTED_EDGE('',*,*,#2652,.T.);
#1765=ORIENTED_EDGE('',*,*,#2657,.T.);
#1766=ORIENTED_EDGE('',*,*,#2658,.F.);
#1767=ORIENTED_EDGE('',*,*,#2659,.F.);
#1768=ORIENTED_EDGE('',*,*,#2655,.T.);
#1769=ORIENTED_EDGE('',*,*,#2660,.T.);
#1770=ORIENTED_EDGE('',*,*,#2626,.F.);
#1771=ORIENTED_EDGE('',*,*,#2661,.F.);
#1772=ORIENTED_EDGE('',*,*,#2658,.T.);
#1773=ORIENTED_EDGE('',*,*,#2625,.T.);
#1774=ORIENTED_EDGE('',*,*,#2629,.T.);
#1775=ORIENTED_EDGE('',*,*,#2632,.T.);
#1776=ORIENTED_EDGE('',*,*,#2635,.T.);
#1777=ORIENTED_EDGE('',*,*,#2638,.T.);
#1778=ORIENTED_EDGE('',*,*,#2641,.T.);
#1779=ORIENTED_EDGE('',*,*,#2644,.T.);
#1780=ORIENTED_EDGE('',*,*,#2647,.T.);
#1781=ORIENTED_EDGE('',*,*,#2650,.T.);
#1782=ORIENTED_EDGE('',*,*,#2653,.T.);
#1783=ORIENTED_EDGE('',*,*,#2656,.T.);
#1784=ORIENTED_EDGE('',*,*,#2659,.T.);
#1785=ORIENTED_EDGE('',*,*,#2661,.T.);
#1786=ORIENTED_EDGE('',*,*,#2623,.F.);
#1787=ORIENTED_EDGE('',*,*,#2660,.F.);
#1788=ORIENTED_EDGE('',*,*,#2657,.F.);
#1789=ORIENTED_EDGE('',*,*,#2654,.F.);
#1790=ORIENTED_EDGE('',*,*,#2651,.F.);
#1791=ORIENTED_EDGE('',*,*,#2648,.F.);
#1792=ORIENTED_EDGE('',*,*,#2645,.F.);
#1793=ORIENTED_EDGE('',*,*,#2642,.F.);
#1794=ORIENTED_EDGE('',*,*,#2639,.F.);
#1795=ORIENTED_EDGE('',*,*,#2636,.F.);
#1796=ORIENTED_EDGE('',*,*,#2633,.F.);
#1797=ORIENTED_EDGE('',*,*,#2630,.F.);
#1798=ORIENTED_EDGE('',*,*,#2627,.F.);
#1799=ORIENTED_EDGE('',*,*,#2662,.T.);
#1800=ORIENTED_EDGE('',*,*,#2663,.F.);
#1801=ORIENTED_EDGE('',*,*,#2664,.F.);
#1802=ORIENTED_EDGE('',*,*,#2665,.T.);
#1803=ORIENTED_EDGE('',*,*,#2666,.T.);
#1804=ORIENTED_EDGE('',*,*,#2667,.F.);
#1805=ORIENTED_EDGE('',*,*,#2668,.F.);
#1806=ORIENTED_EDGE('',*,*,#2663,.T.);
#1807=ORIENTED_EDGE('',*,*,#2669,.T.);
#1808=ORIENTED_EDGE('',*,*,#2670,.F.);
#1809=ORIENTED_EDGE('',*,*,#2671,.F.);
#1810=ORIENTED_EDGE('',*,*,#2667,.T.);
#1811=ORIENTED_EDGE('',*,*,#2672,.T.);
#1812=ORIENTED_EDGE('',*,*,#2673,.F.);
#1813=ORIENTED_EDGE('',*,*,#2674,.F.);
#1814=ORIENTED_EDGE('',*,*,#2670,.T.);
#1815=ORIENTED_EDGE('',*,*,#2675,.T.);
#1816=ORIENTED_EDGE('',*,*,#2676,.F.);
#1817=ORIENTED_EDGE('',*,*,#2677,.F.);
#1818=ORIENTED_EDGE('',*,*,#2673,.T.);
#1819=ORIENTED_EDGE('',*,*,#2678,.T.);
#1820=ORIENTED_EDGE('',*,*,#2679,.F.);
#1821=ORIENTED_EDGE('',*,*,#2680,.F.);
#1822=ORIENTED_EDGE('',*,*,#2676,.T.);
#1823=ORIENTED_EDGE('',*,*,#2681,.T.);
#1824=ORIENTED_EDGE('',*,*,#2682,.F.);
#1825=ORIENTED_EDGE('',*,*,#2683,.F.);
#1826=ORIENTED_EDGE('',*,*,#2679,.T.);
#1827=ORIENTED_EDGE('',*,*,#2684,.T.);
#1828=ORIENTED_EDGE('',*,*,#2685,.F.);
#1829=ORIENTED_EDGE('',*,*,#2686,.F.);
#1830=ORIENTED_EDGE('',*,*,#2682,.T.);
#1831=ORIENTED_EDGE('',*,*,#2687,.T.);
#1832=ORIENTED_EDGE('',*,*,#2688,.F.);
#1833=ORIENTED_EDGE('',*,*,#2689,.F.);
#1834=ORIENTED_EDGE('',*,*,#2685,.T.);
#1835=ORIENTED_EDGE('',*,*,#2690,.T.);
#1836=ORIENTED_EDGE('',*,*,#2691,.F.);
#1837=ORIENTED_EDGE('',*,*,#2692,.F.);
#1838=ORIENTED_EDGE('',*,*,#2688,.T.);
#1839=ORIENTED_EDGE('',*,*,#2693,.T.);
#1840=ORIENTED_EDGE('',*,*,#2694,.F.);
#1841=ORIENTED_EDGE('',*,*,#2695,.F.);
#1842=ORIENTED_EDGE('',*,*,#2691,.T.);
#1843=ORIENTED_EDGE('',*,*,#2696,.T.);
#1844=ORIENTED_EDGE('',*,*,#2697,.F.);
#1845=ORIENTED_EDGE('',*,*,#2698,.F.);
#1846=ORIENTED_EDGE('',*,*,#2694,.T.);
#1847=ORIENTED_EDGE('',*,*,#2699,.T.);
#1848=ORIENTED_EDGE('',*,*,#2665,.F.);
#1849=ORIENTED_EDGE('',*,*,#2700,.F.);
#1850=ORIENTED_EDGE('',*,*,#2697,.T.);
#1851=ORIENTED_EDGE('',*,*,#2664,.T.);
#1852=ORIENTED_EDGE('',*,*,#2668,.T.);
#1853=ORIENTED_EDGE('',*,*,#2671,.T.);
#1854=ORIENTED_EDGE('',*,*,#2674,.T.);
#1855=ORIENTED_EDGE('',*,*,#2677,.T.);
#1856=ORIENTED_EDGE('',*,*,#2680,.T.);
#1857=ORIENTED_EDGE('',*,*,#2683,.T.);
#1858=ORIENTED_EDGE('',*,*,#2686,.T.);
#1859=ORIENTED_EDGE('',*,*,#2689,.T.);
#1860=ORIENTED_EDGE('',*,*,#2692,.T.);
#1861=ORIENTED_EDGE('',*,*,#2695,.T.);
#1862=ORIENTED_EDGE('',*,*,#2698,.T.);
#1863=ORIENTED_EDGE('',*,*,#2700,.T.);
#1864=ORIENTED_EDGE('',*,*,#2662,.F.);
#1865=ORIENTED_EDGE('',*,*,#2699,.F.);
#1866=ORIENTED_EDGE('',*,*,#2696,.F.);
#1867=ORIENTED_EDGE('',*,*,#2693,.F.);
#1868=ORIENTED_EDGE('',*,*,#2690,.F.);
#1869=ORIENTED_EDGE('',*,*,#2687,.F.);
#1870=ORIENTED_EDGE('',*,*,#2684,.F.);
#1871=ORIENTED_EDGE('',*,*,#2681,.F.);
#1872=ORIENTED_EDGE('',*,*,#2678,.F.);
#1873=ORIENTED_EDGE('',*,*,#2675,.F.);
#1874=ORIENTED_EDGE('',*,*,#2672,.F.);
#1875=ORIENTED_EDGE('',*,*,#2669,.F.);
#1876=ORIENTED_EDGE('',*,*,#2666,.F.);
#1877=ORIENTED_EDGE('',*,*,#2701,.T.);
#1878=ORIENTED_EDGE('',*,*,#2702,.F.);
#1879=ORIENTED_EDGE('',*,*,#2703,.F.);
#1880=ORIENTED_EDGE('',*,*,#2704,.T.);
#1881=ORIENTED_EDGE('',*,*,#2705,.T.);
#1882=ORIENTED_EDGE('',*,*,#2706,.F.);
#1883=ORIENTED_EDGE('',*,*,#2707,.F.);
#1884=ORIENTED_EDGE('',*,*,#2702,.T.);
#1885=ORIENTED_EDGE('',*,*,#2708,.T.);
#1886=ORIENTED_EDGE('',*,*,#2709,.F.);
#1887=ORIENTED_EDGE('',*,*,#2710,.F.);
#1888=ORIENTED_EDGE('',*,*,#2706,.T.);
#1889=ORIENTED_EDGE('',*,*,#2711,.T.);
#1890=ORIENTED_EDGE('',*,*,#2704,.F.);
#1891=ORIENTED_EDGE('',*,*,#2712,.F.);
#1892=ORIENTED_EDGE('',*,*,#2709,.T.);
#1893=ORIENTED_EDGE('',*,*,#2703,.T.);
#1894=ORIENTED_EDGE('',*,*,#2707,.T.);
#1895=ORIENTED_EDGE('',*,*,#2710,.T.);
#1896=ORIENTED_EDGE('',*,*,#2712,.T.);
#1897=ORIENTED_EDGE('',*,*,#2701,.F.);
#1898=ORIENTED_EDGE('',*,*,#2711,.F.);
#1899=ORIENTED_EDGE('',*,*,#2708,.F.);
#1900=ORIENTED_EDGE('',*,*,#2705,.F.);
#1901=ORIENTED_EDGE('',*,*,#2713,.T.);
#1902=ORIENTED_EDGE('',*,*,#2714,.F.);
#1903=ORIENTED_EDGE('',*,*,#2715,.F.);
#1904=ORIENTED_EDGE('',*,*,#2716,.T.);
#1905=ORIENTED_EDGE('',*,*,#2717,.T.);
#1906=ORIENTED_EDGE('',*,*,#2718,.F.);
#1907=ORIENTED_EDGE('',*,*,#2719,.F.);
#1908=ORIENTED_EDGE('',*,*,#2714,.T.);
#1909=ORIENTED_EDGE('',*,*,#2720,.T.);
#1910=ORIENTED_EDGE('',*,*,#2721,.F.);
#1911=ORIENTED_EDGE('',*,*,#2722,.F.);
#1912=ORIENTED_EDGE('',*,*,#2718,.T.);
#1913=ORIENTED_EDGE('',*,*,#2723,.T.);
#1914=ORIENTED_EDGE('',*,*,#2724,.F.);
#1915=ORIENTED_EDGE('',*,*,#2725,.F.);
#1916=ORIENTED_EDGE('',*,*,#2726,.T.);
#1917=ORIENTED_EDGE('',*,*,#2727,.T.);
#1918=ORIENTED_EDGE('',*,*,#2728,.F.);
#1919=ORIENTED_EDGE('',*,*,#2729,.F.);
#1920=ORIENTED_EDGE('',*,*,#2724,.T.);
#1921=ORIENTED_EDGE('',*,*,#2730,.T.);
#1922=ORIENTED_EDGE('',*,*,#2726,.F.);
#1923=ORIENTED_EDGE('',*,*,#2731,.F.);
#1924=ORIENTED_EDGE('',*,*,#2728,.T.);
#1925=ORIENTED_EDGE('',*,*,#2732,.T.);
#1926=ORIENTED_EDGE('',*,*,#2716,.F.);
#1927=ORIENTED_EDGE('',*,*,#2733,.F.);
#1928=ORIENTED_EDGE('',*,*,#2721,.T.);
#1929=ORIENTED_EDGE('',*,*,#2725,.T.);
#1930=ORIENTED_EDGE('',*,*,#2729,.T.);
#1931=ORIENTED_EDGE('',*,*,#2731,.T.);
#1932=ORIENTED_EDGE('',*,*,#2715,.T.);
#1933=ORIENTED_EDGE('',*,*,#2719,.T.);
#1934=ORIENTED_EDGE('',*,*,#2722,.T.);
#1935=ORIENTED_EDGE('',*,*,#2733,.T.);
#1936=ORIENTED_EDGE('',*,*,#2723,.F.);
#1937=ORIENTED_EDGE('',*,*,#2730,.F.);
#1938=ORIENTED_EDGE('',*,*,#2727,.F.);
#1939=ORIENTED_EDGE('',*,*,#2713,.F.);
#1940=ORIENTED_EDGE('',*,*,#2732,.F.);
#1941=ORIENTED_EDGE('',*,*,#2720,.F.);
#1942=ORIENTED_EDGE('',*,*,#2717,.F.);
#1943=ORIENTED_EDGE('',*,*,#2734,.T.);
#1944=ORIENTED_EDGE('',*,*,#2735,.F.);
#1945=ORIENTED_EDGE('',*,*,#2736,.F.);
#1946=ORIENTED_EDGE('',*,*,#2737,.T.);
#1947=ORIENTED_EDGE('',*,*,#2738,.T.);
#1948=ORIENTED_EDGE('',*,*,#2739,.F.);
#1949=ORIENTED_EDGE('',*,*,#2740,.F.);
#1950=ORIENTED_EDGE('',*,*,#2735,.T.);
#1951=ORIENTED_EDGE('',*,*,#2741,.T.);
#1952=ORIENTED_EDGE('',*,*,#2742,.F.);
#1953=ORIENTED_EDGE('',*,*,#2743,.F.);
#1954=ORIENTED_EDGE('',*,*,#2739,.T.);
#1955=ORIENTED_EDGE('',*,*,#2744,.T.);
#1956=ORIENTED_EDGE('',*,*,#2745,.F.);
#1957=ORIENTED_EDGE('',*,*,#2746,.F.);
#1958=ORIENTED_EDGE('',*,*,#2742,.T.);
#1959=ORIENTED_EDGE('',*,*,#2747,.T.);
#1960=ORIENTED_EDGE('',*,*,#2748,.F.);
#1961=ORIENTED_EDGE('',*,*,#2749,.F.);
#1962=ORIENTED_EDGE('',*,*,#2745,.T.);
#1963=ORIENTED_EDGE('',*,*,#2750,.T.);
#1964=ORIENTED_EDGE('',*,*,#2751,.F.);
#1965=ORIENTED_EDGE('',*,*,#2752,.F.);
#1966=ORIENTED_EDGE('',*,*,#2748,.T.);
#1967=ORIENTED_EDGE('',*,*,#2753,.T.);
#1968=ORIENTED_EDGE('',*,*,#2737,.F.);
#1969=ORIENTED_EDGE('',*,*,#2754,.F.);
#1970=ORIENTED_EDGE('',*,*,#2751,.T.);
#1971=ORIENTED_EDGE('',*,*,#2736,.T.);
#1972=ORIENTED_EDGE('',*,*,#2740,.T.);
#1973=ORIENTED_EDGE('',*,*,#2743,.T.);
#1974=ORIENTED_EDGE('',*,*,#2746,.T.);
#1975=ORIENTED_EDGE('',*,*,#2749,.T.);
#1976=ORIENTED_EDGE('',*,*,#2752,.T.);
#1977=ORIENTED_EDGE('',*,*,#2754,.T.);
#1978=ORIENTED_EDGE('',*,*,#2734,.F.);
#1979=ORIENTED_EDGE('',*,*,#2753,.F.);
#1980=ORIENTED_EDGE('',*,*,#2750,.F.);
#1981=ORIENTED_EDGE('',*,*,#2747,.F.);
#1982=ORIENTED_EDGE('',*,*,#2744,.F.);
#1983=ORIENTED_EDGE('',*,*,#2741,.F.);
#1984=ORIENTED_EDGE('',*,*,#2738,.F.);
#1985=EDGE_CURVE('',#2755,#2756,#3267,.T.);
#1986=EDGE_CURVE('',#2756,#2757,#3268,.T.);
#1987=EDGE_CURVE('',#2758,#2757,#3269,.T.);
#1988=EDGE_CURVE('',#2755,#2758,#3270,.T.);
#1989=EDGE_CURVE('',#2759,#2760,#3271,.T.);
#1990=EDGE_CURVE('',#2759,#2761,#3272,.T.);
#1991=EDGE_CURVE('',#2761,#2762,#3273,.T.);
#1992=EDGE_CURVE('',#2762,#2760,#3274,.T.);
#1993=EDGE_CURVE('',#2763,#2764,#3275,.T.);
#1994=EDGE_CURVE('',#2763,#2765,#3276,.T.);
#1995=EDGE_CURVE('',#2766,#2765,#3277,.T.);
#1996=EDGE_CURVE('',#2766,#2764,#3278,.F.);
#1997=EDGE_CURVE('',#2767,#2768,#3279,.T.);
#1998=EDGE_CURVE('',#2769,#2767,#3280,.T.);
#1999=EDGE_CURVE('',#2770,#2769,#3281,.T.);
#2000=EDGE_CURVE('',#2771,#2770,#3282,.T.);
#2001=EDGE_CURVE('',#2772,#2771,#3283,.T.);
#2002=EDGE_CURVE('',#2773,#2772,#3284,.T.);
#2003=EDGE_CURVE('',#2768,#2773,#3285,.T.);
#2004=EDGE_CURVE('',#2774,#2775,#3286,.T.);
#2005=EDGE_CURVE('',#2776,#2774,#3287,.T.);
#2006=EDGE_CURVE('',#2777,#2776,#3288,.T.);
#2007=EDGE_CURVE('',#2778,#2777,#153,.F.);
#2008=EDGE_CURVE('',#2779,#2778,#3289,.T.);
#2009=EDGE_CURVE('',#2780,#2779,#154,.F.);
#2010=EDGE_CURVE('',#2781,#2780,#3290,.T.);
#2011=EDGE_CURVE('',#2782,#2781,#155,.F.);
#2012=EDGE_CURVE('',#2775,#2782,#3291,.T.);
#2013=EDGE_CURVE('',#2783,#2784,#3292,.T.);
#2014=EDGE_CURVE('',#2785,#2783,#3293,.T.);
#2015=EDGE_CURVE('',#2786,#2785,#3294,.T.);
#2016=EDGE_CURVE('',#2787,#2786,#3295,.T.);
#2017=EDGE_CURVE('',#2788,#2787,#3296,.T.);
#2018=EDGE_CURVE('',#2789,#2788,#3297,.T.);
#2019=EDGE_CURVE('',#2784,#2789,#3298,.T.);
#2020=EDGE_CURVE('',#2790,#2791,#3299,.T.);
#2021=EDGE_CURVE('',#2792,#2790,#3300,.T.);
#2022=EDGE_CURVE('',#2792,#2793,#109,.T.);
#2023=EDGE_CURVE('',#2794,#2793,#3301,.T.);
#2024=EDGE_CURVE('',#2794,#2795,#110,.F.);
#2025=EDGE_CURVE('',#2796,#2795,#3302,.T.);
#2026=EDGE_CURVE('',#2796,#2766,#111,.T.);
#2027=EDGE_CURVE('',#2765,#2797,#3303,.T.);
#2028=EDGE_CURVE('',#2797,#2798,#3304,.T.);
#2029=EDGE_CURVE('',#2798,#2799,#3305,.T.);
#2030=EDGE_CURVE('',#2800,#2799,#3306,.T.);
#2031=EDGE_CURVE('',#2801,#2800,#3307,.T.);
#2032=EDGE_CURVE('',#2802,#2801,#3308,.T.);
#2033=EDGE_CURVE('',#2802,#2803,#3309,.T.);
#2034=EDGE_CURVE('',#2804,#2803,#3310,.T.);
#2035=EDGE_CURVE('',#2805,#2804,#3311,.T.);
#2036=EDGE_CURVE('',#2806,#2805,#3312,.T.);
#2037=EDGE_CURVE('',#2806,#2807,#112,.T.);
#2038=EDGE_CURVE('',#2808,#2807,#3313,.T.);
#2039=EDGE_CURVE('',#2809,#2808,#3314,.T.);
#2040=EDGE_CURVE('',#2810,#2809,#3315,.T.);
#2041=EDGE_CURVE('',#2811,#2810,#3316,.T.);
#2042=EDGE_CURVE('',#2812,#2811,#3317,.T.);
#2043=EDGE_CURVE('',#2813,#2812,#3318,.T.);
#2044=EDGE_CURVE('',#2814,#2813,#3319,.T.);
#2045=EDGE_CURVE('',#2815,#2814,#3320,.T.);
#2046=EDGE_CURVE('',#2816,#2815,#3321,.T.);
#2047=EDGE_CURVE('',#2817,#2816,#3322,.T.);
#2048=EDGE_CURVE('',#2818,#2817,#3323,.T.);
#2049=EDGE_CURVE('',#2819,#2818,#3324,.T.);
#2050=EDGE_CURVE('',#2820,#2819,#3325,.T.);
#2051=EDGE_CURVE('',#2821,#2820,#3326,.T.);
#2052=EDGE_CURVE('',#2822,#2821,#3327,.T.);
#2053=EDGE_CURVE('',#2823,#2822,#3328,.T.);
#2054=EDGE_CURVE('',#2824,#2823,#3329,.T.);
#2055=EDGE_CURVE('',#2825,#2824,#3330,.T.);
#2056=EDGE_CURVE('',#2826,#2825,#3331,.T.);
#2057=EDGE_CURVE('',#2827,#2826,#3332,.T.);
#2058=EDGE_CURVE('',#2828,#2827,#3333,.T.);
#2059=EDGE_CURVE('',#2829,#2828,#3334,.T.);
#2060=EDGE_CURVE('',#2830,#2829,#3335,.T.);
#2061=EDGE_CURVE('',#2831,#2830,#3336,.T.);
#2062=EDGE_CURVE('',#2832,#2831,#3337,.T.);
#2063=EDGE_CURVE('',#2833,#2832,#3338,.T.);
#2064=EDGE_CURVE('',#2834,#2833,#3339,.T.);
#2065=EDGE_CURVE('',#2835,#2834,#3340,.T.);
#2066=EDGE_CURVE('',#2836,#2835,#3341,.T.);
#2067=EDGE_CURVE('',#2837,#2836,#3342,.T.);
#2068=EDGE_CURVE('',#2838,#2837,#3343,.T.);
#2069=EDGE_CURVE('',#2839,#2838,#3344,.T.);
#2070=EDGE_CURVE('',#2840,#2839,#3345,.T.);
#2071=EDGE_CURVE('',#2841,#2840,#3346,.T.);
#2072=EDGE_CURVE('',#2842,#2841,#3347,.T.);
#2073=EDGE_CURVE('',#2843,#2842,#3348,.T.);
#2074=EDGE_CURVE('',#2844,#2843,#3349,.T.);
#2075=EDGE_CURVE('',#2845,#2844,#3350,.T.);
#2076=EDGE_CURVE('',#2846,#2845,#3351,.T.);
#2077=EDGE_CURVE('',#2847,#2846,#3352,.T.);
#2078=EDGE_CURVE('',#2848,#2847,#3353,.T.);
#2079=EDGE_CURVE('',#2849,#2848,#3354,.T.);
#2080=EDGE_CURVE('',#2850,#2849,#3355,.T.);
#2081=EDGE_CURVE('',#2851,#2850,#3356,.T.);
#2082=EDGE_CURVE('',#2852,#2851,#3357,.T.);
#2083=EDGE_CURVE('',#2853,#2852,#3358,.T.);
#2084=EDGE_CURVE('',#2791,#2853,#3359,.T.);
#2085=EDGE_CURVE('',#2854,#2805,#3360,.T.);
#2086=EDGE_CURVE('',#2855,#2854,#3361,.T.);
#2087=EDGE_CURVE('',#2855,#2806,#3362,.T.);
#2088=EDGE_CURVE('',#2856,#2790,#3363,.T.);
#2089=EDGE_CURVE('',#2856,#2857,#3364,.T.);
#2090=EDGE_CURVE('',#2857,#2852,#3365,.T.);
#2091=EDGE_CURVE('',#2858,#2851,#3366,.T.);
#2092=EDGE_CURVE('',#2858,#2859,#3367,.T.);
#2093=EDGE_CURVE('',#2859,#2848,#3368,.T.);
#2094=EDGE_CURVE('',#2860,#2847,#3369,.T.);
#2095=EDGE_CURVE('',#2860,#2861,#3370,.T.);
#2096=EDGE_CURVE('',#2861,#2844,#3371,.T.);
#2097=EDGE_CURVE('',#2862,#2843,#3372,.T.);
#2098=EDGE_CURVE('',#2862,#2863,#3373,.T.);
#2099=EDGE_CURVE('',#2863,#2840,#3374,.T.);
#2100=EDGE_CURVE('',#2864,#2839,#3375,.T.);
#2101=EDGE_CURVE('',#2864,#2865,#3376,.T.);
#2102=EDGE_CURVE('',#2865,#2836,#3377,.T.);
#2103=EDGE_CURVE('',#2866,#2835,#3378,.T.);
#2104=EDGE_CURVE('',#2866,#2867,#3379,.T.);
#2105=EDGE_CURVE('',#2867,#2832,#3380,.T.);
#2106=EDGE_CURVE('',#2868,#2831,#3381,.T.);
#2107=EDGE_CURVE('',#2868,#2869,#3382,.T.);
#2108=EDGE_CURVE('',#2869,#2828,#3383,.T.);
#2109=EDGE_CURVE('',#2870,#2827,#3384,.T.);
#2110=EDGE_CURVE('',#2870,#2871,#3385,.T.);
#2111=EDGE_CURVE('',#2871,#2824,#3386,.T.);
#2112=EDGE_CURVE('',#2872,#2823,#3387,.T.);
#2113=EDGE_CURVE('',#2872,#2873,#3388,.T.);
#2114=EDGE_CURVE('',#2873,#2820,#3389,.T.);
#2115=EDGE_CURVE('',#2874,#2819,#3390,.T.);
#2116=EDGE_CURVE('',#2874,#2875,#3391,.T.);
#2117=EDGE_CURVE('',#2875,#2816,#3392,.T.);
#2118=EDGE_CURVE('',#2876,#2815,#3393,.T.);
#2119=EDGE_CURVE('',#2876,#2877,#3394,.T.);
#2120=EDGE_CURVE('',#2877,#2812,#3395,.T.);
#2121=EDGE_CURVE('',#2878,#2811,#3396,.T.);
#2122=EDGE_CURVE('',#2878,#2879,#3397,.T.);
#2123=EDGE_CURVE('',#2879,#2808,#3398,.T.);
#2124=EDGE_CURVE('',#2807,#2880,#3399,.F.);
#2125=EDGE_CURVE('',#2881,#2880,#3400,.T.);
#2126=EDGE_CURVE('',#2881,#2792,#3401,.T.);
#2127=EDGE_CURVE('',#2882,#2883,#3402,.T.);
#2128=EDGE_CURVE('',#2882,#2758,#113,.T.);
#2129=EDGE_CURVE('',#2883,#2757,#114,.T.);
#2130=EDGE_CURVE('',#2798,#2884,#115,.F.);
#2131=EDGE_CURVE('',#2884,#2885,#3403,.T.);
#2132=EDGE_CURVE('',#2799,#2885,#116,.F.);
#2133=EDGE_CURVE('',#2759,#2886,#117,.T.);
#2134=EDGE_CURVE('',#2760,#2887,#118,.T.);
#2135=EDGE_CURVE('',#2886,#2887,#3404,.T.);
#2136=EDGE_CURVE('',#2888,#2802,#119,.F.);
#2137=EDGE_CURVE('',#2888,#2889,#3405,.T.);
#2138=EDGE_CURVE('',#2889,#2803,#120,.F.);
#2139=EDGE_CURVE('',#2884,#2882,#3406,.T.);
#2140=EDGE_CURVE('',#2885,#2883,#3407,.T.);
#2141=EDGE_CURVE('',#2890,#2891,#3408,.T.);
#2142=EDGE_CURVE('',#2892,#2891,#3409,.T.);
#2143=EDGE_CURVE('',#2892,#2893,#3410,.T.);
#2144=EDGE_CURVE('',#2893,#2894,#3411,.T.);
#2145=EDGE_CURVE('',#2894,#2895,#3412,.T.);
#2146=EDGE_CURVE('',#2895,#2896,#3413,.T.);
#2147=EDGE_CURVE('',#2896,#2897,#3414,.F.);
#2148=EDGE_CURVE('',#2897,#2890,#3415,.F.);
#2149=EDGE_CURVE('',#2888,#2886,#3416,.T.);
#2150=EDGE_CURVE('',#2889,#2887,#3417,.T.);
#2151=EDGE_CURVE('',#2894,#2898,#3418,.T.);
#2152=EDGE_CURVE('',#2898,#2899,#3419,.T.);
#2153=EDGE_CURVE('',#2899,#2891,#3420,.T.);
#2154=EDGE_CURVE('',#2890,#2900,#121,.F.);
#2155=EDGE_CURVE('',#2901,#2900,#3421,.T.);
#2156=EDGE_CURVE('',#2901,#2902,#122,.F.);
#2157=EDGE_CURVE('',#2903,#2902,#3422,.T.);
#2158=EDGE_CURVE('',#2903,#2904,#123,.F.);
#2159=EDGE_CURVE('',#2905,#2904,#3423,.T.);
#2160=EDGE_CURVE('',#2905,#2895,#124,.F.);
#2161=EDGE_CURVE('',#2906,#2907,#3424,.T.);
#2162=EDGE_CURVE('',#2907,#2908,#3425,.T.);
#2163=EDGE_CURVE('',#2908,#2909,#3426,.T.);
#2164=EDGE_CURVE('',#2909,#2906,#3427,.T.);
#2165=EDGE_CURVE('',#2910,#2911,#3428,.T.);
#2166=EDGE_CURVE('',#2911,#2912,#125,.T.);
#2167=EDGE_CURVE('',#2912,#2913,#3429,.T.);
#2168=EDGE_CURVE('',#2913,#2914,#126,.T.);
#2169=EDGE_CURVE('',#2914,#2915,#3430,.T.);
#2170=EDGE_CURVE('',#2915,#2916,#127,.T.);
#2171=EDGE_CURVE('',#2916,#2917,#3431,.T.);
#2172=EDGE_CURVE('',#2917,#2910,#128,.T.);
#2173=EDGE_CURVE('',#2904,#2918,#3432,.T.);
#2174=EDGE_CURVE('',#2918,#2919,#3433,.F.);
#2175=EDGE_CURVE('',#2919,#2905,#3434,.F.);
#2176=EDGE_CURVE('',#2902,#2920,#3435,.T.);
#2177=EDGE_CURVE('',#2920,#2921,#3436,.F.);
#2178=EDGE_CURVE('',#2921,#2903,#3437,.F.);
#2179=EDGE_CURVE('',#2900,#2922,#3438,.T.);
#2180=EDGE_CURVE('',#2922,#2923,#3439,.F.);
#2181=EDGE_CURVE('',#2923,#2901,#3440,.F.);
#2182=EDGE_CURVE('',#2924,#2925,#3441,.T.);
#2183=EDGE_CURVE('',#2925,#2926,#129,.T.);
#2184=EDGE_CURVE('',#2926,#2927,#3442,.T.);
#2185=EDGE_CURVE('',#2927,#2881,#130,.F.);
#2186=EDGE_CURVE('',#2880,#2855,#131,.F.);
#2187=EDGE_CURVE('',#2854,#2928,#3443,.T.);
#2188=EDGE_CURVE('',#2928,#2762,#3444,.T.);
#2189=EDGE_CURVE('',#2762,#2929,#3445,.T.);
#2190=EDGE_CURVE('',#2929,#2930,#132,.T.);
#2191=EDGE_CURVE('',#2930,#2931,#3446,.T.);
#2192=EDGE_CURVE('',#2931,#2932,#133,.T.);
#2193=EDGE_CURVE('',#2932,#2933,#3447,.T.);
#2194=EDGE_CURVE('',#2933,#2934,#134,.T.);
#2195=EDGE_CURVE('',#2934,#2935,#3448,.T.);
#2196=EDGE_CURVE('',#2935,#2936,#135,.T.);
#2197=EDGE_CURVE('',#2936,#2755,#3449,.T.);
#2198=EDGE_CURVE('',#2937,#2755,#3450,.T.);
#2199=EDGE_CURVE('',#2763,#2937,#3451,.T.);
#2200=EDGE_CURVE('',#2764,#2924,#136,.F.);
#2201=EDGE_CURVE('',#2897,#2922,#137,.F.);
#2202=EDGE_CURVE('',#2919,#2896,#138,.F.);
#2203=EDGE_CURVE('',#2921,#2918,#139,.F.);
#2204=EDGE_CURVE('',#2923,#2920,#140,.F.);
#2205=EDGE_CURVE('',#2938,#2939,#3452,.T.);
#2206=EDGE_CURVE('',#2939,#2911,#3453,.T.);
#2207=EDGE_CURVE('',#2910,#2938,#3454,.F.);
#2208=EDGE_CURVE('',#2912,#2940,#3455,.F.);
#2209=EDGE_CURVE('',#2940,#2941,#3456,.T.);
#2210=EDGE_CURVE('',#2941,#2913,#3457,.T.);
#2211=EDGE_CURVE('',#2942,#2943,#3458,.T.);
#2212=EDGE_CURVE('',#2943,#2915,#3459,.T.);
#2213=EDGE_CURVE('',#2914,#2942,#3460,.F.);
#2214=EDGE_CURVE('',#2916,#2944,#3461,.F.);
#2215=EDGE_CURVE('',#2944,#2945,#3462,.T.);
#2216=EDGE_CURVE('',#2945,#2917,#3463,.T.);
#2217=EDGE_CURVE('',#2944,#2943,#141,.F.);
#2218=EDGE_CURVE('',#2942,#2941,#142,.F.);
#2219=EDGE_CURVE('',#2940,#2939,#143,.F.);
#2220=EDGE_CURVE('',#2938,#2945,#144,.F.);
#2221=EDGE_CURVE('',#2946,#2907,#3464,.T.);
#2222=EDGE_CURVE('',#2946,#2947,#3465,.T.);
#2223=EDGE_CURVE('',#2947,#2908,#3466,.T.);
#2224=EDGE_CURVE('',#2947,#2948,#3467,.T.);
#2225=EDGE_CURVE('',#2948,#2909,#3468,.T.);
#2226=EDGE_CURVE('',#2948,#2949,#3469,.T.);
#2227=EDGE_CURVE('',#2949,#2906,#3470,.T.);
#2228=EDGE_CURVE('',#2949,#2946,#3471,.T.);
#2229=EDGE_CURVE('',#2893,#2950,#3472,.T.);
#2230=EDGE_CURVE('',#2950,#2898,#3473,.T.);
#2231=EDGE_CURVE('',#2950,#2951,#3474,.T.);
#2232=EDGE_CURVE('',#2951,#2899,#3475,.T.);
#2233=EDGE_CURVE('',#2951,#2892,#3476,.T.);
#2234=EDGE_CURVE('',#2920,#2933,#145,.T.);
#2235=EDGE_CURVE('',#2934,#2923,#146,.T.);
#2236=EDGE_CURVE('',#2935,#2922,#147,.T.);
#2237=EDGE_CURVE('',#2921,#2932,#148,.T.);
#2238=EDGE_CURVE('',#2936,#2897,#149,.T.);
#2239=EDGE_CURVE('',#2918,#2931,#150,.T.);
#2240=EDGE_CURVE('',#2929,#2896,#151,.T.);
#2241=EDGE_CURVE('',#2756,#2761,#3477,.T.);
#2242=EDGE_CURVE('',#2919,#2930,#152,.T.);
#2243=EDGE_CURVE('',#2928,#2804,#3478,.T.);
#2244=EDGE_CURVE('',#2952,#2801,#3479,.T.);
#2245=EDGE_CURVE('',#2761,#2952,#3480,.T.);
#2246=EDGE_CURVE('',#2953,#2756,#3481,.T.);
#2247=EDGE_CURVE('',#2953,#2800,#3482,.T.);
#2248=EDGE_CURVE('',#2937,#2797,#3483,.T.);
#2249=EDGE_CURVE('',#2795,#2925,#3484,.F.);
#2250=EDGE_CURVE('',#2924,#2796,#3485,.T.);
#2251=EDGE_CURVE('',#2926,#2794,#3486,.T.);
#2252=EDGE_CURVE('',#2793,#2927,#3487,.F.);
#2253=EDGE_CURVE('',#2952,#2953,#3488,.T.);
#2254=EDGE_CURVE('',#2954,#2810,#3489,.T.);
#2255=EDGE_CURVE('',#2955,#2809,#3490,.T.);
#2256=EDGE_CURVE('',#2955,#2954,#3491,.T.);
#2257=EDGE_CURVE('',#2954,#2878,#3492,.T.);
#2258=EDGE_CURVE('',#2879,#2955,#3493,.T.);
#2259=EDGE_CURVE('',#2956,#2814,#3494,.T.);
#2260=EDGE_CURVE('',#2957,#2813,#3495,.T.);
#2261=EDGE_CURVE('',#2957,#2956,#3496,.T.);
#2262=EDGE_CURVE('',#2956,#2876,#3497,.T.);
#2263=EDGE_CURVE('',#2877,#2957,#3498,.T.);
#2264=EDGE_CURVE('',#2958,#2818,#3499,.T.);
#2265=EDGE_CURVE('',#2959,#2817,#3500,.T.);
#2266=EDGE_CURVE('',#2959,#2958,#3501,.T.);
#2267=EDGE_CURVE('',#2958,#2874,#3502,.T.);
#2268=EDGE_CURVE('',#2875,#2959,#3503,.T.);
#2269=EDGE_CURVE('',#2960,#2822,#3504,.T.);
#2270=EDGE_CURVE('',#2961,#2821,#3505,.T.);
#2271=EDGE_CURVE('',#2961,#2960,#3506,.T.);
#2272=EDGE_CURVE('',#2960,#2872,#3507,.T.);
#2273=EDGE_CURVE('',#2873,#2961,#3508,.T.);
#2274=EDGE_CURVE('',#2962,#2826,#3509,.T.);
#2275=EDGE_CURVE('',#2963,#2825,#3510,.T.);
#2276=EDGE_CURVE('',#2963,#2962,#3511,.T.);
#2277=EDGE_CURVE('',#2962,#2870,#3512,.T.);
#2278=EDGE_CURVE('',#2871,#2963,#3513,.T.);
#2279=EDGE_CURVE('',#2964,#2830,#3514,.T.);
#2280=EDGE_CURVE('',#2965,#2829,#3515,.T.);
#2281=EDGE_CURVE('',#2965,#2964,#3516,.T.);
#2282=EDGE_CURVE('',#2964,#2868,#3517,.T.);
#2283=EDGE_CURVE('',#2869,#2965,#3518,.T.);
#2284=EDGE_CURVE('',#2966,#2834,#3519,.T.);
#2285=EDGE_CURVE('',#2967,#2833,#3520,.T.);
#2286=EDGE_CURVE('',#2967,#2966,#3521,.T.);
#2287=EDGE_CURVE('',#2966,#2866,#3522,.T.);
#2288=EDGE_CURVE('',#2867,#2967,#3523,.T.);
#2289=EDGE_CURVE('',#2968,#2838,#3524,.T.);
#2290=EDGE_CURVE('',#2969,#2837,#3525,.T.);
#2291=EDGE_CURVE('',#2969,#2968,#3526,.T.);
#2292=EDGE_CURVE('',#2968,#2864,#3527,.T.);
#2293=EDGE_CURVE('',#2865,#2969,#3528,.T.);
#2294=EDGE_CURVE('',#2970,#2842,#3529,.T.);
#2295=EDGE_CURVE('',#2971,#2841,#3530,.T.);
#2296=EDGE_CURVE('',#2971,#2970,#3531,.T.);
#2297=EDGE_CURVE('',#2970,#2862,#3532,.T.);
#2298=EDGE_CURVE('',#2863,#2971,#3533,.T.);
#2299=EDGE_CURVE('',#2972,#2846,#3534,.T.);
#2300=EDGE_CURVE('',#2973,#2845,#3535,.T.);
#2301=EDGE_CURVE('',#2973,#2972,#3536,.T.);
#2302=EDGE_CURVE('',#2972,#2860,#3537,.T.);
#2303=EDGE_CURVE('',#2861,#2973,#3538,.T.);
#2304=EDGE_CURVE('',#2974,#2850,#3539,.T.);
#2305=EDGE_CURVE('',#2975,#2849,#3540,.T.);
#2306=EDGE_CURVE('',#2975,#2974,#3541,.T.);
#2307=EDGE_CURVE('',#2974,#2858,#3542,.T.);
#2308=EDGE_CURVE('',#2859,#2975,#3543,.T.);
#2309=EDGE_CURVE('',#2976,#2791,#3544,.T.);
#2310=EDGE_CURVE('',#2977,#2853,#3545,.T.);
#2311=EDGE_CURVE('',#2977,#2976,#3546,.T.);
#2312=EDGE_CURVE('',#2976,#2856,#3547,.T.);
#2313=EDGE_CURVE('',#2857,#2977,#3548,.T.);
#2314=EDGE_CURVE('',#2978,#2783,#3549,.T.);
#2315=EDGE_CURVE('',#2979,#2784,#3550,.T.);
#2316=EDGE_CURVE('',#2979,#2978,#156,.T.);
#2317=EDGE_CURVE('',#2980,#2785,#3551,.T.);
#2318=EDGE_CURVE('',#2978,#2980,#157,.T.);
#2319=EDGE_CURVE('',#2981,#2786,#3552,.T.);
#2320=EDGE_CURVE('',#2980,#2981,#158,.T.);
#2321=EDGE_CURVE('',#2982,#2787,#3553,.T.);
#2322=EDGE_CURVE('',#2981,#2982,#159,.T.);
#2323=EDGE_CURVE('',#2983,#2788,#3554,.T.);
#2324=EDGE_CURVE('',#2982,#2983,#160,.T.);
#2325=EDGE_CURVE('',#2984,#2789,#3555,.T.);
#2326=EDGE_CURVE('',#2983,#2984,#161,.T.);
#2327=EDGE_CURVE('',#2984,#2979,#162,.T.);
#2328=EDGE_CURVE('',#2985,#2774,#3556,.T.);
#2329=EDGE_CURVE('',#2986,#2775,#3557,.T.);
#2330=EDGE_CURVE('',#2986,#2985,#163,.T.);
#2331=EDGE_CURVE('',#2987,#2776,#3558,.T.);
#2332=EDGE_CURVE('',#2985,#2987,#164,.T.);
#2333=EDGE_CURVE('',#2988,#2777,#3559,.T.);
#2334=EDGE_CURVE('',#2987,#2988,#165,.T.);
#2335=EDGE_CURVE('',#2989,#2778,#3560,.T.);
#2336=EDGE_CURVE('',#2988,#2989,#166,.T.);
#2337=EDGE_CURVE('',#2990,#2779,#3561,.T.);
#2338=EDGE_CURVE('',#2989,#2990,#167,.T.);
#2339=EDGE_CURVE('',#2991,#2780,#3562,.T.);
#2340=EDGE_CURVE('',#2990,#2991,#168,.T.);
#2341=EDGE_CURVE('',#2992,#2781,#3563,.T.);
#2342=EDGE_CURVE('',#2991,#2992,#169,.T.);
#2343=EDGE_CURVE('',#2993,#2782,#3564,.T.);
#2344=EDGE_CURVE('',#2992,#2993,#170,.T.);
#2345=EDGE_CURVE('',#2993,#2986,#171,.T.);
#2346=EDGE_CURVE('',#2994,#2767,#3565,.T.);
#2347=EDGE_CURVE('',#2995,#2768,#3566,.T.);
#2348=EDGE_CURVE('',#2995,#2994,#172,.T.);
#2349=EDGE_CURVE('',#2996,#2769,#3567,.T.);
#2350=EDGE_CURVE('',#2994,#2996,#173,.T.);
#2351=EDGE_CURVE('',#2997,#2770,#3568,.T.);
#2352=EDGE_CURVE('',#2996,#2997,#174,.T.);
#2353=EDGE_CURVE('',#2998,#2771,#3569,.T.);
#2354=EDGE_CURVE('',#2997,#2998,#175,.T.);
#2355=EDGE_CURVE('',#2999,#2772,#3570,.T.);
#2356=EDGE_CURVE('',#2998,#2999,#176,.T.);
#2357=EDGE_CURVE('',#3000,#2773,#3571,.T.);
#2358=EDGE_CURVE('',#2999,#3000,#177,.T.);
#2359=EDGE_CURVE('',#3000,#2995,#178,.T.);
#2360=EDGE_CURVE('',#3001,#3002,#179,.T.);
#2361=EDGE_CURVE('',#3003,#3002,#3572,.T.);
#2362=EDGE_CURVE('',#3004,#3003,#180,.T.);
#2363=EDGE_CURVE('',#3004,#3001,#3573,.T.);
#2364=EDGE_CURVE('',#3002,#3005,#181,.T.);
#2365=EDGE_CURVE('',#3006,#3005,#3574,.T.);
#2366=EDGE_CURVE('',#3003,#3006,#182,.T.);
#2367=EDGE_CURVE('',#3005,#3007,#183,.T.);
#2368=EDGE_CURVE('',#3008,#3007,#3575,.T.);
#2369=EDGE_CURVE('',#3006,#3008,#184,.T.);
#2370=EDGE_CURVE('',#3007,#3009,#185,.T.);
#2371=EDGE_CURVE('',#3010,#3009,#3576,.T.);
#2372=EDGE_CURVE('',#3008,#3010,#186,.T.);
#2373=EDGE_CURVE('',#3009,#3001,#187,.T.);
#2374=EDGE_CURVE('',#3010,#3004,#188,.T.);
#2375=EDGE_CURVE('',#3011,#3011,#189,.T.);
#2376=EDGE_CURVE('',#3012,#3012,#190,.T.);
#2377=EDGE_CURVE('',#3013,#3013,#191,.T.);
#2378=EDGE_CURVE('',#3014,#3014,#192,.T.);
#2379=EDGE_CURVE('',#3015,#3016,#193,.T.);
#2380=EDGE_CURVE('',#3017,#3016,#3577,.T.);
#2381=EDGE_CURVE('',#3018,#3017,#194,.T.);
#2382=EDGE_CURVE('',#3018,#3015,#3578,.T.);
#2383=EDGE_CURVE('',#3016,#3019,#195,.T.);
#2384=EDGE_CURVE('',#3020,#3019,#3579,.T.);
#2385=EDGE_CURVE('',#3017,#3020,#196,.T.);
#2386=EDGE_CURVE('',#3019,#3021,#197,.T.);
#2387=EDGE_CURVE('',#3022,#3021,#3580,.T.);
#2388=EDGE_CURVE('',#3020,#3022,#198,.T.);
#2389=EDGE_CURVE('',#3021,#3023,#199,.T.);
#2390=EDGE_CURVE('',#3024,#3023,#3581,.T.);
#2391=EDGE_CURVE('',#3022,#3024,#200,.T.);
#2392=EDGE_CURVE('',#3023,#3025,#201,.T.);
#2393=EDGE_CURVE('',#3026,#3025,#3582,.T.);
#2394=EDGE_CURVE('',#3024,#3026,#202,.T.);
#2395=EDGE_CURVE('',#3025,#3027,#203,.T.);
#2396=EDGE_CURVE('',#3028,#3027,#3583,.T.);
#2397=EDGE_CURVE('',#3026,#3028,#204,.T.);
#2398=EDGE_CURVE('',#3027,#3029,#205,.T.);
#2399=EDGE_CURVE('',#3030,#3029,#3584,.T.);
#2400=EDGE_CURVE('',#3028,#3030,#206,.T.);
#2401=EDGE_CURVE('',#3029,#3015,#207,.T.);
#2402=EDGE_CURVE('',#3030,#3018,#208,.T.);
#2403=EDGE_CURVE('',#3031,#3032,#209,.T.);
#2404=EDGE_CURVE('',#3033,#3032,#3585,.T.);
#2405=EDGE_CURVE('',#3034,#3033,#210,.T.);
#2406=EDGE_CURVE('',#3034,#3031,#3586,.T.);
#2407=EDGE_CURVE('',#3032,#3035,#211,.T.);
#2408=EDGE_CURVE('',#3036,#3035,#3587,.T.);
#2409=EDGE_CURVE('',#3033,#3036,#212,.T.);
#2410=EDGE_CURVE('',#3035,#3037,#213,.T.);
#2411=EDGE_CURVE('',#3038,#3037,#3588,.T.);
#2412=EDGE_CURVE('',#3036,#3038,#214,.T.);
#2413=EDGE_CURVE('',#3037,#3039,#215,.T.);
#2414=EDGE_CURVE('',#3040,#3039,#3589,.T.);
#2415=EDGE_CURVE('',#3038,#3040,#216,.T.);
#2416=EDGE_CURVE('',#3039,#3041,#217,.T.);
#2417=EDGE_CURVE('',#3042,#3041,#3590,.T.);
#2418=EDGE_CURVE('',#3040,#3042,#218,.T.);
#2419=EDGE_CURVE('',#3041,#3043,#219,.T.);
#2420=EDGE_CURVE('',#3044,#3043,#3591,.T.);
#2421=EDGE_CURVE('',#3042,#3044,#220,.T.);
#2422=EDGE_CURVE('',#3043,#3031,#221,.T.);
#2423=EDGE_CURVE('',#3044,#3034,#222,.T.);
#2424=EDGE_CURVE('',#3045,#3046,#223,.T.);
#2425=EDGE_CURVE('',#3047,#3046,#3592,.T.);
#2426=EDGE_CURVE('',#3048,#3047,#224,.T.);
#2427=EDGE_CURVE('',#3048,#3045,#3593,.T.);
#2428=EDGE_CURVE('',#3046,#3049,#225,.T.);
#2429=EDGE_CURVE('',#3050,#3049,#3594,.T.);
#2430=EDGE_CURVE('',#3047,#3050,#226,.T.);
#2431=EDGE_CURVE('',#3049,#3051,#227,.T.);
#2432=EDGE_CURVE('',#3052,#3051,#3595,.T.);
#2433=EDGE_CURVE('',#3050,#3052,#228,.T.);
#2434=EDGE_CURVE('',#3051,#3053,#229,.T.);
#2435=EDGE_CURVE('',#3054,#3053,#3596,.T.);
#2436=EDGE_CURVE('',#3052,#3054,#230,.T.);
#2437=EDGE_CURVE('',#3053,#3055,#231,.T.);
#2438=EDGE_CURVE('',#3056,#3055,#3597,.T.);
#2439=EDGE_CURVE('',#3054,#3056,#232,.T.);
#2440=EDGE_CURVE('',#3055,#3057,#233,.T.);
#2441=EDGE_CURVE('',#3058,#3057,#3598,.T.);
#2442=EDGE_CURVE('',#3056,#3058,#234,.T.);
#2443=EDGE_CURVE('',#3057,#3059,#235,.T.);
#2444=EDGE_CURVE('',#3060,#3059,#3599,.T.);
#2445=EDGE_CURVE('',#3058,#3060,#236,.T.);
#2446=EDGE_CURVE('',#3059,#3061,#237,.T.);
#2447=EDGE_CURVE('',#3062,#3061,#3600,.T.);
#2448=EDGE_CURVE('',#3060,#3062,#238,.T.);
#2449=EDGE_CURVE('',#3061,#3063,#239,.T.);
#2450=EDGE_CURVE('',#3064,#3063,#3601,.T.);
#2451=EDGE_CURVE('',#3062,#3064,#240,.T.);
#2452=EDGE_CURVE('',#3063,#3065,#241,.T.);
#2453=EDGE_CURVE('',#3066,#3065,#3602,.T.);
#2454=EDGE_CURVE('',#3064,#3066,#242,.T.);
#2455=EDGE_CURVE('',#3065,#3067,#243,.T.);
#2456=EDGE_CURVE('',#3068,#3067,#3603,.T.);
#2457=EDGE_CURVE('',#3066,#3068,#244,.T.);
#2458=EDGE_CURVE('',#3067,#3069,#245,.T.);
#2459=EDGE_CURVE('',#3070,#3069,#3604,.T.);
#2460=EDGE_CURVE('',#3068,#3070,#246,.T.);
#2461=EDGE_CURVE('',#3069,#3045,#247,.T.);
#2462=EDGE_CURVE('',#3070,#3048,#248,.T.);
#2463=EDGE_CURVE('',#3071,#3072,#249,.T.);
#2464=EDGE_CURVE('',#3073,#3072,#3605,.T.);
#2465=EDGE_CURVE('',#3074,#3073,#250,.T.);
#2466=EDGE_CURVE('',#3074,#3071,#3606,.T.);
#2467=EDGE_CURVE('',#3072,#3075,#251,.T.);
#2468=EDGE_CURVE('',#3076,#3075,#3607,.T.);
#2469=EDGE_CURVE('',#3073,#3076,#252,.T.);
#2470=EDGE_CURVE('',#3075,#3077,#253,.T.);
#2471=EDGE_CURVE('',#3078,#3077,#3608,.T.);
#2472=EDGE_CURVE('',#3076,#3078,#254,.T.);
#2473=EDGE_CURVE('',#3077,#3071,#255,.T.);
#2474=EDGE_CURVE('',#3078,#3074,#256,.T.);
#2475=EDGE_CURVE('',#3079,#3080,#257,.T.);
#2476=EDGE_CURVE('',#3081,#3080,#3609,.T.);
#2477=EDGE_CURVE('',#3082,#3081,#258,.T.);
#2478=EDGE_CURVE('',#3082,#3079,#3610,.T.);
#2479=EDGE_CURVE('',#3080,#3083,#259,.T.);
#2480=EDGE_CURVE('',#3084,#3083,#3611,.T.);
#2481=EDGE_CURVE('',#3081,#3084,#260,.T.);
#2482=EDGE_CURVE('',#3083,#3085,#261,.T.);
#2483=EDGE_CURVE('',#3086,#3085,#3612,.T.);
#2484=EDGE_CURVE('',#3084,#3086,#262,.T.);
#2485=EDGE_CURVE('',#3085,#3079,#263,.T.);
#2486=EDGE_CURVE('',#3086,#3082,#264,.T.);
#2487=EDGE_CURVE('',#3087,#3088,#265,.T.);
#2488=EDGE_CURVE('',#3089,#3088,#3613,.T.);
#2489=EDGE_CURVE('',#3090,#3089,#266,.T.);
#2490=EDGE_CURVE('',#3090,#3087,#3614,.T.);
#2491=EDGE_CURVE('',#3088,#3091,#267,.T.);
#2492=EDGE_CURVE('',#3092,#3091,#3615,.T.);
#2493=EDGE_CURVE('',#3089,#3092,#268,.T.);
#2494=EDGE_CURVE('',#3091,#3093,#269,.T.);
#2495=EDGE_CURVE('',#3094,#3093,#3616,.T.);
#2496=EDGE_CURVE('',#3092,#3094,#270,.T.);
#2497=EDGE_CURVE('',#3093,#3095,#271,.T.);
#2498=EDGE_CURVE('',#3096,#3095,#3617,.T.);
#2499=EDGE_CURVE('',#3094,#3096,#272,.T.);
#2500=EDGE_CURVE('',#3095,#3097,#273,.T.);
#2501=EDGE_CURVE('',#3098,#3097,#3618,.T.);
#2502=EDGE_CURVE('',#3096,#3098,#274,.T.);
#2503=EDGE_CURVE('',#3097,#3087,#275,.T.);
#2504=EDGE_CURVE('',#3098,#3090,#276,.T.);
#2505=EDGE_CURVE('',#3099,#3100,#277,.T.);
#2506=EDGE_CURVE('',#3101,#3100,#3619,.T.);
#2507=EDGE_CURVE('',#3102,#3101,#278,.T.);
#2508=EDGE_CURVE('',#3102,#3099,#3620,.T.);
#2509=EDGE_CURVE('',#3100,#3103,#279,.T.);
#2510=EDGE_CURVE('',#3104,#3103,#3621,.T.);
#2511=EDGE_CURVE('',#3101,#3104,#280,.T.);
#2512=EDGE_CURVE('',#3103,#3105,#281,.T.);
#2513=EDGE_CURVE('',#3106,#3105,#3622,.T.);
#2514=EDGE_CURVE('',#3104,#3106,#282,.T.);
#2515=EDGE_CURVE('',#3105,#3107,#283,.T.);
#2516=EDGE_CURVE('',#3108,#3107,#3623,.T.);
#2517=EDGE_CURVE('',#3106,#3108,#284,.T.);
#2518=EDGE_CURVE('',#3107,#3109,#285,.T.);
#2519=EDGE_CURVE('',#3110,#3109,#3624,.T.);
#2520=EDGE_CURVE('',#3108,#3110,#286,.T.);
#2521=EDGE_CURVE('',#3109,#3111,#287,.T.);
#2522=EDGE_CURVE('',#3112,#3111,#3625,.T.);
#2523=EDGE_CURVE('',#3110,#3112,#288,.T.);
#2524=EDGE_CURVE('',#3111,#3113,#289,.T.);
#2525=EDGE_CURVE('',#3114,#3113,#3626,.T.);
#2526=EDGE_CURVE('',#3112,#3114,#290,.T.);
#2527=EDGE_CURVE('',#3113,#3099,#291,.T.);
#2528=EDGE_CURVE('',#3114,#3102,#292,.T.);
#2529=EDGE_CURVE('',#3115,#3116,#293,.T.);
#2530=EDGE_CURVE('',#3117,#3116,#3627,.T.);
#2531=EDGE_CURVE('',#3118,#3117,#294,.T.);
#2532=EDGE_CURVE('',#3118,#3115,#3628,.T.);
#2533=EDGE_CURVE('',#3116,#3119,#295,.T.);
#2534=EDGE_CURVE('',#3120,#3119,#3629,.T.);
#2535=EDGE_CURVE('',#3117,#3120,#296,.T.);
#2536=EDGE_CURVE('',#3119,#3121,#297,.T.);
#2537=EDGE_CURVE('',#3122,#3121,#3630,.T.);
#2538=EDGE_CURVE('',#3120,#3122,#298,.T.);
#2539=EDGE_CURVE('',#3123,#3124,#299,.T.);
#2540=EDGE_CURVE('',#3125,#3124,#3631,.T.);
#2541=EDGE_CURVE('',#3126,#3125,#300,.T.);
#2542=EDGE_CURVE('',#3126,#3123,#3632,.T.);
#2543=EDGE_CURVE('',#3124,#3123,#301,.T.);
#2544=EDGE_CURVE('',#3125,#3126,#302,.T.);
#2545=EDGE_CURVE('',#3121,#3115,#303,.T.);
#2546=EDGE_CURVE('',#3122,#3118,#304,.T.);
#2547=EDGE_CURVE('',#3127,#3128,#305,.T.);
#2548=EDGE_CURVE('',#3129,#3128,#3633,.T.);
#2549=EDGE_CURVE('',#3130,#3129,#306,.T.);
#2550=EDGE_CURVE('',#3130,#3127,#3634,.T.);
#2551=EDGE_CURVE('',#3128,#3131,#307,.T.);
#2552=EDGE_CURVE('',#3132,#3131,#3635,.T.);
#2553=EDGE_CURVE('',#3129,#3132,#308,.T.);
#2554=EDGE_CURVE('',#3131,#3133,#309,.T.);
#2555=EDGE_CURVE('',#3134,#3133,#3636,.T.);
#2556=EDGE_CURVE('',#3132,#3134,#310,.T.);
#2557=EDGE_CURVE('',#3135,#3136,#311,.T.);
#2558=EDGE_CURVE('',#3137,#3136,#3637,.T.);
#2559=EDGE_CURVE('',#3138,#3137,#312,.T.);
#2560=EDGE_CURVE('',#3138,#3135,#3638,.T.);
#2561=EDGE_CURVE('',#3136,#3139,#313,.T.);
#2562=EDGE_CURVE('',#3140,#3139,#3639,.T.);
#2563=EDGE_CURVE('',#3137,#3140,#314,.T.);
#2564=EDGE_CURVE('',#3139,#3135,#315,.T.);
#2565=EDGE_CURVE('',#3140,#3138,#316,.T.);
#2566=EDGE_CURVE('',#3133,#3127,#317,.T.);
#2567=EDGE_CURVE('',#3134,#3130,#318,.T.);
#2568=EDGE_CURVE('',#3141,#3142,#319,.T.);
#2569=EDGE_CURVE('',#3143,#3142,#3640,.T.);
#2570=EDGE_CURVE('',#3144,#3143,#320,.T.);
#2571=EDGE_CURVE('',#3144,#3141,#3641,.T.);
#2572=EDGE_CURVE('',#3142,#3145,#321,.T.);
#2573=EDGE_CURVE('',#3146,#3145,#3642,.T.);
#2574=EDGE_CURVE('',#3143,#3146,#322,.T.);
#2575=EDGE_CURVE('',#3145,#3147,#323,.T.);
#2576=EDGE_CURVE('',#3148,#3147,#3643,.T.);
#2577=EDGE_CURVE('',#3146,#3148,#324,.T.);
#2578=EDGE_CURVE('',#3147,#3141,#325,.T.);
#2579=EDGE_CURVE('',#3148,#3144,#326,.T.);
#2580=EDGE_CURVE('',#3149,#3150,#327,.T.);
#2581=EDGE_CURVE('',#3151,#3150,#3644,.T.);
#2582=EDGE_CURVE('',#3152,#3151,#328,.T.);
#2583=EDGE_CURVE('',#3152,#3149,#3645,.T.);
#2584=EDGE_CURVE('',#3150,#3153,#329,.T.);
#2585=EDGE_CURVE('',#3154,#3153,#3646,.T.);
#2586=EDGE_CURVE('',#3151,#3154,#330,.T.);
#2587=EDGE_CURVE('',#3153,#3155,#331,.T.);
#2588=EDGE_CURVE('',#3156,#3155,#3647,.T.);
#2589=EDGE_CURVE('',#3154,#3156,#332,.T.);
#2590=EDGE_CURVE('',#3155,#3157,#333,.T.);
#2591=EDGE_CURVE('',#3158,#3157,#3648,.T.);
#2592=EDGE_CURVE('',#3156,#3158,#334,.T.);
#2593=EDGE_CURVE('',#3157,#3159,#335,.T.);
#2594=EDGE_CURVE('',#3160,#3159,#3649,.T.);
#2595=EDGE_CURVE('',#3158,#3160,#336,.T.);
#2596=EDGE_CURVE('',#3159,#3149,#337,.T.);
#2597=EDGE_CURVE('',#3160,#3152,#338,.T.);
#2598=EDGE_CURVE('',#3161,#3161,#339,.T.);
#2599=EDGE_CURVE('',#3162,#3162,#340,.T.);
#2600=EDGE_CURVE('',#3163,#3163,#341,.T.);
#2601=EDGE_CURVE('',#3164,#3164,#342,.T.);
#2602=EDGE_CURVE('',#3165,#3166,#343,.T.);
#2603=EDGE_CURVE('',#3167,#3166,#3650,.T.);
#2604=EDGE_CURVE('',#3168,#3167,#344,.T.);
#2605=EDGE_CURVE('',#3168,#3165,#3651,.T.);
#2606=EDGE_CURVE('',#3166,#3169,#345,.T.);
#2607=EDGE_CURVE('',#3170,#3169,#3652,.T.);
#2608=EDGE_CURVE('',#3167,#3170,#346,.T.);
#2609=EDGE_CURVE('',#3169,#3171,#347,.T.);
#2610=EDGE_CURVE('',#3172,#3171,#3653,.T.);
#2611=EDGE_CURVE('',#3170,#3172,#348,.T.);
#2612=EDGE_CURVE('',#3173,#3174,#349,.T.);
#2613=EDGE_CURVE('',#3175,#3174,#3654,.T.);
#2614=EDGE_CURVE('',#3176,#3175,#350,.T.);
#2615=EDGE_CURVE('',#3176,#3173,#3655,.T.);
#2616=EDGE_CURVE('',#3174,#3177,#351,.T.);
#2617=EDGE_CURVE('',#3178,#3177,#3656,.T.);
#2618=EDGE_CURVE('',#3175,#3178,#352,.T.);
#2619=EDGE_CURVE('',#3177,#3173,#353,.T.);
#2620=EDGE_CURVE('',#3178,#3176,#354,.T.);
#2621=EDGE_CURVE('',#3171,#3165,#355,.T.);
#2622=EDGE_CURVE('',#3172,#3168,#356,.T.);
#2623=EDGE_CURVE('',#3179,#3180,#357,.T.);
#2624=EDGE_CURVE('',#3181,#3180,#3657,.T.);
#2625=EDGE_CURVE('',#3182,#3181,#358,.T.);
#2626=EDGE_CURVE('',#3182,#3179,#3658,.T.);
#2627=EDGE_CURVE('',#3180,#3183,#359,.T.);
#2628=EDGE_CURVE('',#3184,#3183,#3659,.T.);
#2629=EDGE_CURVE('',#3181,#3184,#360,.T.);
#2630=EDGE_CURVE('',#3183,#3185,#361,.T.);
#2631=EDGE_CURVE('',#3186,#3185,#3660,.T.);
#2632=EDGE_CURVE('',#3184,#3186,#362,.T.);
#2633=EDGE_CURVE('',#3185,#3187,#363,.T.);
#2634=EDGE_CURVE('',#3188,#3187,#3661,.T.);
#2635=EDGE_CURVE('',#3186,#3188,#364,.T.);
#2636=EDGE_CURVE('',#3187,#3189,#365,.T.);
#2637=EDGE_CURVE('',#3190,#3189,#3662,.T.);
#2638=EDGE_CURVE('',#3188,#3190,#366,.T.);
#2639=EDGE_CURVE('',#3189,#3191,#367,.T.);
#2640=EDGE_CURVE('',#3192,#3191,#3663,.T.);
#2641=EDGE_CURVE('',#3190,#3192,#368,.T.);
#2642=EDGE_CURVE('',#3191,#3193,#369,.T.);
#2643=EDGE_CURVE('',#3194,#3193,#3664,.T.);
#2644=EDGE_CURVE('',#3192,#3194,#370,.T.);
#2645=EDGE_CURVE('',#3193,#3195,#371,.T.);
#2646=EDGE_CURVE('',#3196,#3195,#3665,.T.);
#2647=EDGE_CURVE('',#3194,#3196,#372,.T.);
#2648=EDGE_CURVE('',#3195,#3197,#373,.T.);
#2649=EDGE_CURVE('',#3198,#3197,#3666,.T.);
#2650=EDGE_CURVE('',#3196,#3198,#374,.T.);
#2651=EDGE_CURVE('',#3197,#3199,#375,.T.);
#2652=EDGE_CURVE('',#3200,#3199,#3667,.T.);
#2653=EDGE_CURVE('',#3198,#3200,#376,.T.);
#2654=EDGE_CURVE('',#3199,#3201,#377,.T.);
#2655=EDGE_CURVE('',#3202,#3201,#3668,.T.);
#2656=EDGE_CURVE('',#3200,#3202,#378,.T.);
#2657=EDGE_CURVE('',#3201,#3203,#379,.T.);
#2658=EDGE_CURVE('',#3204,#3203,#3669,.T.);
#2659=EDGE_CURVE('',#3202,#3204,#380,.T.);
#2660=EDGE_CURVE('',#3203,#3179,#381,.T.);
#2661=EDGE_CURVE('',#3204,#3182,#382,.T.);
#2662=EDGE_CURVE('',#3205,#3206,#383,.T.);
#2663=EDGE_CURVE('',#3207,#3206,#3670,.T.);
#2664=EDGE_CURVE('',#3208,#3207,#384,.T.);
#2665=EDGE_CURVE('',#3208,#3205,#3671,.T.);
#2666=EDGE_CURVE('',#3206,#3209,#385,.T.);
#2667=EDGE_CURVE('',#3210,#3209,#3672,.T.);
#2668=EDGE_CURVE('',#3207,#3210,#386,.T.);
#2669=EDGE_CURVE('',#3209,#3211,#387,.T.);
#2670=EDGE_CURVE('',#3212,#3211,#3673,.T.);
#2671=EDGE_CURVE('',#3210,#3212,#388,.T.);
#2672=EDGE_CURVE('',#3211,#3213,#389,.T.);
#2673=EDGE_CURVE('',#3214,#3213,#3674,.T.);
#2674=EDGE_CURVE('',#3212,#3214,#390,.T.);
#2675=EDGE_CURVE('',#3213,#3215,#391,.T.);
#2676=EDGE_CURVE('',#3216,#3215,#3675,.T.);
#2677=EDGE_CURVE('',#3214,#3216,#392,.T.);
#2678=EDGE_CURVE('',#3215,#3217,#393,.T.);
#2679=EDGE_CURVE('',#3218,#3217,#3676,.T.);
#2680=EDGE_CURVE('',#3216,#3218,#394,.T.);
#2681=EDGE_CURVE('',#3217,#3219,#395,.T.);
#2682=EDGE_CURVE('',#3220,#3219,#3677,.T.);
#2683=EDGE_CURVE('',#3218,#3220,#396,.T.);
#2684=EDGE_CURVE('',#3219,#3221,#397,.T.);
#2685=EDGE_CURVE('',#3222,#3221,#3678,.T.);
#2686=EDGE_CURVE('',#3220,#3222,#398,.T.);
#2687=EDGE_CURVE('',#3221,#3223,#399,.T.);
#2688=EDGE_CURVE('',#3224,#3223,#3679,.T.);
#2689=EDGE_CURVE('',#3222,#3224,#400,.T.);
#2690=EDGE_CURVE('',#3223,#3225,#401,.T.);
#2691=EDGE_CURVE('',#3226,#3225,#3680,.T.);
#2692=EDGE_CURVE('',#3224,#3226,#402,.T.);
#2693=EDGE_CURVE('',#3225,#3227,#403,.T.);
#2694=EDGE_CURVE('',#3228,#3227,#3681,.T.);
#2695=EDGE_CURVE('',#3226,#3228,#404,.T.);
#2696=EDGE_CURVE('',#3227,#3229,#405,.T.);
#2697=EDGE_CURVE('',#3230,#3229,#3682,.T.);
#2698=EDGE_CURVE('',#3228,#3230,#406,.T.);
#2699=EDGE_CURVE('',#3229,#3205,#407,.T.);
#2700=EDGE_CURVE('',#3230,#3208,#408,.T.);
#2701=EDGE_CURVE('',#3231,#3232,#409,.T.);
#2702=EDGE_CURVE('',#3233,#3232,#3683,.T.);
#2703=EDGE_CURVE('',#3234,#3233,#410,.T.);
#2704=EDGE_CURVE('',#3234,#3231,#3684,.T.);
#2705=EDGE_CURVE('',#3232,#3235,#411,.T.);
#2706=EDGE_CURVE('',#3236,#3235,#3685,.T.);
#2707=EDGE_CURVE('',#3233,#3236,#412,.T.);
#2708=EDGE_CURVE('',#3235,#3237,#413,.T.);
#2709=EDGE_CURVE('',#3238,#3237,#3686,.T.);
#2710=EDGE_CURVE('',#3236,#3238,#414,.T.);
#2711=EDGE_CURVE('',#3237,#3231,#415,.T.);
#2712=EDGE_CURVE('',#3238,#3234,#416,.T.);
#2713=EDGE_CURVE('',#3239,#3240,#417,.T.);
#2714=EDGE_CURVE('',#3241,#3240,#3687,.T.);
#2715=EDGE_CURVE('',#3242,#3241,#418,.T.);
#2716=EDGE_CURVE('',#3242,#3239,#3688,.T.);
#2717=EDGE_CURVE('',#3240,#3243,#419,.T.);
#2718=EDGE_CURVE('',#3244,#3243,#3689,.T.);
#2719=EDGE_CURVE('',#3241,#3244,#420,.T.);
#2720=EDGE_CURVE('',#3243,#3245,#421,.T.);
#2721=EDGE_CURVE('',#3246,#3245,#3690,.T.);
#2722=EDGE_CURVE('',#3244,#3246,#422,.T.);
#2723=EDGE_CURVE('',#3247,#3248,#423,.T.);
#2724=EDGE_CURVE('',#3249,#3248,#3691,.T.);
#2725=EDGE_CURVE('',#3250,#3249,#424,.T.);
#2726=EDGE_CURVE('',#3250,#3247,#3692,.T.);
#2727=EDGE_CURVE('',#3248,#3251,#425,.T.);
#2728=EDGE_CURVE('',#3252,#3251,#3693,.T.);
#2729=EDGE_CURVE('',#3249,#3252,#426,.T.);
#2730=EDGE_CURVE('',#3251,#3247,#427,.T.);
#2731=EDGE_CURVE('',#3252,#3250,#428,.T.);
#2732=EDGE_CURVE('',#3245,#3239,#429,.T.);
#2733=EDGE_CURVE('',#3246,#3242,#430,.T.);
#2734=EDGE_CURVE('',#3253,#3254,#431,.T.);
#2735=EDGE_CURVE('',#3255,#3254,#3694,.T.);
#2736=EDGE_CURVE('',#3256,#3255,#432,.T.);
#2737=EDGE_CURVE('',#3256,#3253,#3695,.T.);
#2738=EDGE_CURVE('',#3254,#3257,#433,.T.);
#2739=EDGE_CURVE('',#3258,#3257,#3696,.T.);
#2740=EDGE_CURVE('',#3255,#3258,#434,.T.);
#2741=EDGE_CURVE('',#3257,#3259,#435,.T.);
#2742=EDGE_CURVE('',#3260,#3259,#3697,.T.);
#2743=EDGE_CURVE('',#3258,#3260,#436,.T.);
#2744=EDGE_CURVE('',#3259,#3261,#437,.T.);
#2745=EDGE_CURVE('',#3262,#3261,#3698,.T.);
#2746=EDGE_CURVE('',#3260,#3262,#438,.T.);
#2747=EDGE_CURVE('',#3261,#3263,#439,.T.);
#2748=EDGE_CURVE('',#3264,#3263,#3699,.T.);
#2749=EDGE_CURVE('',#3262,#3264,#440,.T.);
#2750=EDGE_CURVE('',#3263,#3265,#441,.T.);
#2751=EDGE_CURVE('',#3266,#3265,#3700,.T.);
#2752=EDGE_CURVE('',#3264,#3266,#442,.T.);
#2753=EDGE_CURVE('',#3265,#3253,#443,.T.);
#2754=EDGE_CURVE('',#3266,#3256,#444,.T.);
#2755=VERTEX_POINT('',#8883);
#2756=VERTEX_POINT('',#8884);
#2757=VERTEX_POINT('',#8886);
#2758=VERTEX_POINT('',#8888);
#2759=VERTEX_POINT('',#8892);
#2760=VERTEX_POINT('',#8893);
#2761=VERTEX_POINT('',#8895);
#2762=VERTEX_POINT('',#8897);
#2763=VERTEX_POINT('',#8901);
#2764=VERTEX_POINT('',#8902);
#2765=VERTEX_POINT('',#8904);
#2766=VERTEX_POINT('',#8906);
#2767=VERTEX_POINT('',#8910);
#2768=VERTEX_POINT('',#8911);
#2769=VERTEX_POINT('',#8913);
#2770=VERTEX_POINT('',#8915);
#2771=VERTEX_POINT('',#8917);
#2772=VERTEX_POINT('',#8919);
#2773=VERTEX_POINT('',#8921);
#2774=VERTEX_POINT('',#8924);
#2775=VERTEX_POINT('',#8925);
#2776=VERTEX_POINT('',#8927);
#2777=VERTEX_POINT('',#8929);
#2778=VERTEX_POINT('',#8939);
#2779=VERTEX_POINT('',#8941);
#2780=VERTEX_POINT('',#8951);
#2781=VERTEX_POINT('',#8953);
#2782=VERTEX_POINT('',#8968);
#2783=VERTEX_POINT('',#8971);
#2784=VERTEX_POINT('',#8972);
#2785=VERTEX_POINT('',#8974);
#2786=VERTEX_POINT('',#8976);
#2787=VERTEX_POINT('',#8978);
#2788=VERTEX_POINT('',#8980);
#2789=VERTEX_POINT('',#8982);
#2790=VERTEX_POINT('',#8985);
#2791=VERTEX_POINT('',#8986);
#2792=VERTEX_POINT('',#8988);
#2793=VERTEX_POINT('',#8990);
#2794=VERTEX_POINT('',#8992);
#2795=VERTEX_POINT('',#8994);
#2796=VERTEX_POINT('',#8996);
#2797=VERTEX_POINT('',#8999);
#2798=VERTEX_POINT('',#9001);
#2799=VERTEX_POINT('',#9003);
#2800=VERTEX_POINT('',#9005);
#2801=VERTEX_POINT('',#9007);
#2802=VERTEX_POINT('',#9009);
#2803=VERTEX_POINT('',#9011);
#2804=VERTEX_POINT('',#9013);
#2805=VERTEX_POINT('',#9015);
#2806=VERTEX_POINT('',#9017);
#2807=VERTEX_POINT('',#9019);
#2808=VERTEX_POINT('',#9021);
#2809=VERTEX_POINT('',#9023);
#2810=VERTEX_POINT('',#9025);
#2811=VERTEX_POINT('',#9027);
#2812=VERTEX_POINT('',#9029);
#2813=VERTEX_POINT('',#9031);
#2814=VERTEX_POINT('',#9033);
#2815=VERTEX_POINT('',#9035);
#2816=VERTEX_POINT('',#9037);
#2817=VERTEX_POINT('',#9039);
#2818=VERTEX_POINT('',#9041);
#2819=VERTEX_POINT('',#9043);
#2820=VERTEX_POINT('',#9045);
#2821=VERTEX_POINT('',#9047);
#2822=VERTEX_POINT('',#9049);
#2823=VERTEX_POINT('',#9051);
#2824=VERTEX_POINT('',#9053);
#2825=VERTEX_POINT('',#9055);
#2826=VERTEX_POINT('',#9057);
#2827=VERTEX_POINT('',#9059);
#2828=VERTEX_POINT('',#9061);
#2829=VERTEX_POINT('',#9063);
#2830=VERTEX_POINT('',#9065);
#2831=VERTEX_POINT('',#9067);
#2832=VERTEX_POINT('',#9069);
#2833=VERTEX_POINT('',#9071);
#2834=VERTEX_POINT('',#9073);
#2835=VERTEX_POINT('',#9075);
#2836=VERTEX_POINT('',#9077);
#2837=VERTEX_POINT('',#9079);
#2838=VERTEX_POINT('',#9081);
#2839=VERTEX_POINT('',#9083);
#2840=VERTEX_POINT('',#9085);
#2841=VERTEX_POINT('',#9087);
#2842=VERTEX_POINT('',#9089);
#2843=VERTEX_POINT('',#9091);
#2844=VERTEX_POINT('',#9093);
#2845=VERTEX_POINT('',#9095);
#2846=VERTEX_POINT('',#9097);
#2847=VERTEX_POINT('',#9099);
#2848=VERTEX_POINT('',#9101);
#2849=VERTEX_POINT('',#9103);
#2850=VERTEX_POINT('',#9105);
#2851=VERTEX_POINT('',#9107);
#2852=VERTEX_POINT('',#9109);
#2853=VERTEX_POINT('',#9111);
#2854=VERTEX_POINT('',#9115);
#2855=VERTEX_POINT('',#9117);
#2856=VERTEX_POINT('',#9121);
#2857=VERTEX_POINT('',#9123);
#2858=VERTEX_POINT('',#9126);
#2859=VERTEX_POINT('',#9128);
#2860=VERTEX_POINT('',#9131);
#2861=VERTEX_POINT('',#9133);
#2862=VERTEX_POINT('',#9136);
#2863=VERTEX_POINT('',#9138);
#2864=VERTEX_POINT('',#9141);
#2865=VERTEX_POINT('',#9143);
#2866=VERTEX_POINT('',#9146);
#2867=VERTEX_POINT('',#9148);
#2868=VERTEX_POINT('',#9151);
#2869=VERTEX_POINT('',#9153);
#2870=VERTEX_POINT('',#9156);
#2871=VERTEX_POINT('',#9158);
#2872=VERTEX_POINT('',#9161);
#2873=VERTEX_POINT('',#9163);
#2874=VERTEX_POINT('',#9166);
#2875=VERTEX_POINT('',#9168);
#2876=VERTEX_POINT('',#9171);
#2877=VERTEX_POINT('',#9173);
#2878=VERTEX_POINT('',#9176);
#2879=VERTEX_POINT('',#9178);
#2880=VERTEX_POINT('',#9181);
#2881=VERTEX_POINT('',#9183);
#2882=VERTEX_POINT('',#9187);
#2883=VERTEX_POINT('',#9188);
#2884=VERTEX_POINT('',#9193);
#2885=VERTEX_POINT('',#9195);
#2886=VERTEX_POINT('',#9199);
#2887=VERTEX_POINT('',#9201);
#2888=VERTEX_POINT('',#9205);
#2889=VERTEX_POINT('',#9207);
#2890=VERTEX_POINT('',#9213);
#2891=VERTEX_POINT('',#9214);
#2892=VERTEX_POINT('',#9216);
#2893=VERTEX_POINT('',#9218);
#2894=VERTEX_POINT('',#9220);
#2895=VERTEX_POINT('',#9222);
#2896=VERTEX_POINT('',#9224);
#2897=VERTEX_POINT('',#9226);
#2898=VERTEX_POINT('',#9232);
#2899=VERTEX_POINT('',#9234);
#2900=VERTEX_POINT('',#9237);
#2901=VERTEX_POINT('',#9239);
#2902=VERTEX_POINT('',#9241);
#2903=VERTEX_POINT('',#9243);
#2904=VERTEX_POINT('',#9245);
#2905=VERTEX_POINT('',#9247);
#2906=VERTEX_POINT('',#9250);
#2907=VERTEX_POINT('',#9251);
#2908=VERTEX_POINT('',#9253);
#2909=VERTEX_POINT('',#9255);
#2910=VERTEX_POINT('',#9258);
#2911=VERTEX_POINT('',#9259);
#2912=VERTEX_POINT('',#9261);
#2913=VERTEX_POINT('',#9263);
#2914=VERTEX_POINT('',#9265);
#2915=VERTEX_POINT('',#9267);
#2916=VERTEX_POINT('',#9269);
#2917=VERTEX_POINT('',#9271);
#2918=VERTEX_POINT('',#9275);
#2919=VERTEX_POINT('',#9277);
#2920=VERTEX_POINT('',#9281);
#2921=VERTEX_POINT('',#9283);
#2922=VERTEX_POINT('',#9287);
#2923=VERTEX_POINT('',#9289);
#2924=VERTEX_POINT('',#9293);
#2925=VERTEX_POINT('',#9294);
#2926=VERTEX_POINT('',#9296);
#2927=VERTEX_POINT('',#9298);
#2928=VERTEX_POINT('',#9302);
#2929=VERTEX_POINT('',#9305);
#2930=VERTEX_POINT('',#9307);
#2931=VERTEX_POINT('',#9309);
#2932=VERTEX_POINT('',#9311);
#2933=VERTEX_POINT('',#9313);
#2934=VERTEX_POINT('',#9315);
#2935=VERTEX_POINT('',#9317);
#2936=VERTEX_POINT('',#9319);
#2937=VERTEX_POINT('',#9322);
#2938=VERTEX_POINT('',#9335);
#2939=VERTEX_POINT('',#9336);
#2940=VERTEX_POINT('',#9341);
#2941=VERTEX_POINT('',#9343);
#2942=VERTEX_POINT('',#9347);
#2943=VERTEX_POINT('',#9348);
#2944=VERTEX_POINT('',#9353);
#2945=VERTEX_POINT('',#9355);
#2946=VERTEX_POINT('',#9368);
#2947=VERTEX_POINT('',#9370);
#2948=VERTEX_POINT('',#9374);
#2949=VERTEX_POINT('',#9378);
#2950=VERTEX_POINT('',#9385);
#2951=VERTEX_POINT('',#9389);
#2952=VERTEX_POINT('',#9415);
#2953=VERTEX_POINT('',#9419);
#2954=VERTEX_POINT('',#9440);
#2955=VERTEX_POINT('',#9442);
#2956=VERTEX_POINT('',#9451);
#2957=VERTEX_POINT('',#9453);
#2958=VERTEX_POINT('',#9462);
#2959=VERTEX_POINT('',#9464);
#2960=VERTEX_POINT('',#9473);
#2961=VERTEX_POINT('',#9475);
#2962=VERTEX_POINT('',#9484);
#2963=VERTEX_POINT('',#9486);
#2964=VERTEX_POINT('',#9495);
#2965=VERTEX_POINT('',#9497);
#2966=VERTEX_POINT('',#9506);
#2967=VERTEX_POINT('',#9508);
#2968=VERTEX_POINT('',#9517);
#2969=VERTEX_POINT('',#9519);
#2970=VERTEX_POINT('',#9528);
#2971=VERTEX_POINT('',#9530);
#2972=VERTEX_POINT('',#9539);
#2973=VERTEX_POINT('',#9541);
#2974=VERTEX_POINT('',#9550);
#2975=VERTEX_POINT('',#9552);
#2976=VERTEX_POINT('',#9561);
#2977=VERTEX_POINT('',#9563);
#2978=VERTEX_POINT('',#9572);
#2979=VERTEX_POINT('',#9574);
#2980=VERTEX_POINT('',#9579);
#2981=VERTEX_POINT('',#9584);
#2982=VERTEX_POINT('',#9589);
#2983=VERTEX_POINT('',#9594);
#2984=VERTEX_POINT('',#9599);
#2985=VERTEX_POINT('',#9608);
#2986=VERTEX_POINT('',#9610);
#2987=VERTEX_POINT('',#9617);
#2988=VERTEX_POINT('',#9624);
#2989=VERTEX_POINT('',#9642);
#2990=VERTEX_POINT('',#9654);
#2991=VERTEX_POINT('',#9672);
#2992=VERTEX_POINT('',#9684);
#2993=VERTEX_POINT('',#9710);
#2994=VERTEX_POINT('',#9733);
#2995=VERTEX_POINT('',#9735);
#2996=VERTEX_POINT('',#9740);
#2997=VERTEX_POINT('',#9745);
#2998=VERTEX_POINT('',#9750);
#2999=VERTEX_POINT('',#9755);
#3000=VERTEX_POINT('',#9760);
#3001=VERTEX_POINT('',#9772);
#3002=VERTEX_POINT('',#9773);
#3003=VERTEX_POINT('',#9775);
#3004=VERTEX_POINT('',#9780);
#3005=VERTEX_POINT('',#9806);
#3006=VERTEX_POINT('',#9808);
#3007=VERTEX_POINT('',#9824);
#3008=VERTEX_POINT('',#9826);
#3009=VERTEX_POINT('',#9865);
#3010=VERTEX_POINT('',#9867);
#3011=VERTEX_POINT('',#9952);
#3012=VERTEX_POINT('',#9982);
#3013=VERTEX_POINT('',#10050);
#3014=VERTEX_POINT('',#10080);
#3015=VERTEX_POINT('',#10113);
#3016=VERTEX_POINT('',#10114);
#3017=VERTEX_POINT('',#10116);
#3018=VERTEX_POINT('',#10127);
#3019=VERTEX_POINT('',#10134);
#3020=VERTEX_POINT('',#10136);
#3021=VERTEX_POINT('',#10171);
#3022=VERTEX_POINT('',#10173);
#3023=VERTEX_POINT('',#10189);
#3024=VERTEX_POINT('',#10191);
#3025=VERTEX_POINT('',#10201);
#3026=VERTEX_POINT('',#10203);
#3027=VERTEX_POINT('',#10213);
#3028=VERTEX_POINT('',#10215);
#3029=VERTEX_POINT('',#10225);
#3030=VERTEX_POINT('',#10227);
#3031=VERTEX_POINT('',#10275);
#3032=VERTEX_POINT('',#10276);
#3033=VERTEX_POINT('',#10278);
#3034=VERTEX_POINT('',#10289);
#3035=VERTEX_POINT('',#10296);
#3036=VERTEX_POINT('',#10298);
#3037=VERTEX_POINT('',#10328);
#3038=VERTEX_POINT('',#10330);
#3039=VERTEX_POINT('',#10355);
#3040=VERTEX_POINT('',#10357);
#3041=VERTEX_POINT('',#10370);
#3042=VERTEX_POINT('',#10372);
#3043=VERTEX_POINT('',#10382);
#3044=VERTEX_POINT('',#10384);
#3045=VERTEX_POINT('',#10403);
#3046=VERTEX_POINT('',#10404);
#3047=VERTEX_POINT('',#10406);
#3048=VERTEX_POINT('',#10409);
#3049=VERTEX_POINT('',#10414);
#3050=VERTEX_POINT('',#10416);
#3051=VERTEX_POINT('',#10422);
#3052=VERTEX_POINT('',#10424);
#3053=VERTEX_POINT('',#10430);
#3054=VERTEX_POINT('',#10432);
#3055=VERTEX_POINT('',#10438);
#3056=VERTEX_POINT('',#10440);
#3057=VERTEX_POINT('',#10446);
#3058=VERTEX_POINT('',#10448);
#3059=VERTEX_POINT('',#10454);
#3060=VERTEX_POINT('',#10456);
#3061=VERTEX_POINT('',#10462);
#3062=VERTEX_POINT('',#10464);
#3063=VERTEX_POINT('',#10470);
#3064=VERTEX_POINT('',#10472);
#3065=VERTEX_POINT('',#10478);
#3066=VERTEX_POINT('',#10480);
#3067=VERTEX_POINT('',#10486);
#3068=VERTEX_POINT('',#10488);
#3069=VERTEX_POINT('',#10494);
#3070=VERTEX_POINT('',#10496);
#3071=VERTEX_POINT('',#10509);
#3072=VERTEX_POINT('',#10510);
#3073=VERTEX_POINT('',#10512);
#3074=VERTEX_POINT('',#10515);
#3075=VERTEX_POINT('',#10520);
#3076=VERTEX_POINT('',#10522);
#3077=VERTEX_POINT('',#10528);
#3078=VERTEX_POINT('',#10530);
#3079=VERTEX_POINT('',#10543);
#3080=VERTEX_POINT('',#10544);
#3081=VERTEX_POINT('',#10546);
#3082=VERTEX_POINT('',#10549);
#3083=VERTEX_POINT('',#10554);
#3084=VERTEX_POINT('',#10556);
#3085=VERTEX_POINT('',#10562);
#3086=VERTEX_POINT('',#10564);
#3087=VERTEX_POINT('',#10579);
#3088=VERTEX_POINT('',#10580);
#3089=VERTEX_POINT('',#10582);
#3090=VERTEX_POINT('',#10587);
#3091=VERTEX_POINT('',#10624);
#3092=VERTEX_POINT('',#10626);
#3093=VERTEX_POINT('',#10669);
#3094=VERTEX_POINT('',#10671);
#3095=VERTEX_POINT('',#10690);
#3096=VERTEX_POINT('',#10692);
#3097=VERTEX_POINT('',#10731);
#3098=VERTEX_POINT('',#10733);
#3099=VERTEX_POINT('',#10802);
#3100=VERTEX_POINT('',#10803);
#3101=VERTEX_POINT('',#10805);
#3102=VERTEX_POINT('',#10816);
#3103=VERTEX_POINT('',#10823);
#3104=VERTEX_POINT('',#10825);
#3105=VERTEX_POINT('',#10860);
#3106=VERTEX_POINT('',#10862);
#3107=VERTEX_POINT('',#10878);
#3108=VERTEX_POINT('',#10880);
#3109=VERTEX_POINT('',#10890);
#3110=VERTEX_POINT('',#10892);
#3111=VERTEX_POINT('',#10902);
#3112=VERTEX_POINT('',#10904);
#3113=VERTEX_POINT('',#10914);
#3114=VERTEX_POINT('',#10916);
#3115=VERTEX_POINT('',#10937);
#3116=VERTEX_POINT('',#10938);
#3117=VERTEX_POINT('',#10940);
#3118=VERTEX_POINT('',#10945);
#3119=VERTEX_POINT('',#10962);
#3120=VERTEX_POINT('',#10964);
#3121=VERTEX_POINT('',#11027);
#3122=VERTEX_POINT('',#11029);
#3123=VERTEX_POINT('',#11054);
#3124=VERTEX_POINT('',#11055);
#3125=VERTEX_POINT('',#11057);
#3126=VERTEX_POINT('',#11062);
#3127=VERTEX_POINT('',#11233);
#3128=VERTEX_POINT('',#11234);
#3129=VERTEX_POINT('',#11236);
#3130=VERTEX_POINT('',#11264);
#3131=VERTEX_POINT('',#11271);
#3132=VERTEX_POINT('',#11273);
#3133=VERTEX_POINT('',#11306);
#3134=VERTEX_POINT('',#11308);
#3135=VERTEX_POINT('',#11324);
#3136=VERTEX_POINT('',#11325);
#3137=VERTEX_POINT('',#11327);
#3138=VERTEX_POINT('',#11332);
#3139=VERTEX_POINT('',#11339);
#3140=VERTEX_POINT('',#11341);
#3141=VERTEX_POINT('',#11435);
#3142=VERTEX_POINT('',#11436);
#3143=VERTEX_POINT('',#11438);
#3144=VERTEX_POINT('',#11449);
#3145=VERTEX_POINT('',#11456);
#3146=VERTEX_POINT('',#11458);
#3147=VERTEX_POINT('',#11499);
#3148=VERTEX_POINT('',#11501);
#3149=VERTEX_POINT('',#11526);
#3150=VERTEX_POINT('',#11527);
#3151=VERTEX_POINT('',#11529);
#3152=VERTEX_POINT('',#11532);
#3153=VERTEX_POINT('',#11537);
#3154=VERTEX_POINT('',#11539);
#3155=VERTEX_POINT('',#11545);
#3156=VERTEX_POINT('',#11547);
#3157=VERTEX_POINT('',#11553);
#3158=VERTEX_POINT('',#11555);
#3159=VERTEX_POINT('',#11561);
#3160=VERTEX_POINT('',#11563);
#3161=VERTEX_POINT('',#11636);
#3162=VERTEX_POINT('',#11666);
#3163=VERTEX_POINT('',#11734);
#3164=VERTEX_POINT('',#11764);
#3165=VERTEX_POINT('',#11829);
#3166=VERTEX_POINT('',#11830);
#3167=VERTEX_POINT('',#11832);
#3168=VERTEX_POINT('',#11859);
#3169=VERTEX_POINT('',#11866);
#3170=VERTEX_POINT('',#11868);
#3171=VERTEX_POINT('',#11901);
#3172=VERTEX_POINT('',#11903);
#3173=VERTEX_POINT('',#11919);
#3174=VERTEX_POINT('',#11920);
#3175=VERTEX_POINT('',#11922);
#3176=VERTEX_POINT('',#11927);
#3177=VERTEX_POINT('',#11934);
#3178=VERTEX_POINT('',#11936);
#3179=VERTEX_POINT('',#12001);
#3180=VERTEX_POINT('',#12002);
#3181=VERTEX_POINT('',#12004);
#3182=VERTEX_POINT('',#12009);
#3183=VERTEX_POINT('',#12033);
#3184=VERTEX_POINT('',#12035);
#3185=VERTEX_POINT('',#12051);
#3186=VERTEX_POINT('',#12053);
#3187=VERTEX_POINT('',#12063);
#3188=VERTEX_POINT('',#12065);
#3189=VERTEX_POINT('',#12075);
#3190=VERTEX_POINT('',#12077);
#3191=VERTEX_POINT('',#12087);
#3192=VERTEX_POINT('',#12089);
#3193=VERTEX_POINT('',#12099);
#3194=VERTEX_POINT('',#12101);
#3195=VERTEX_POINT('',#12111);
#3196=VERTEX_POINT('',#12113);
#3197=VERTEX_POINT('',#12123);
#3198=VERTEX_POINT('',#12125);
#3199=VERTEX_POINT('',#12135);
#3200=VERTEX_POINT('',#12137);
#3201=VERTEX_POINT('',#12147);
#3202=VERTEX_POINT('',#12149);
#3203=VERTEX_POINT('',#12182);
#3204=VERTEX_POINT('',#12184);
#3205=VERTEX_POINT('',#12211);
#3206=VERTEX_POINT('',#12212);
#3207=VERTEX_POINT('',#12214);
#3208=VERTEX_POINT('',#12219);
#3209=VERTEX_POINT('',#12243);
#3210=VERTEX_POINT('',#12245);
#3211=VERTEX_POINT('',#12261);
#3212=VERTEX_POINT('',#12263);
#3213=VERTEX_POINT('',#12273);
#3214=VERTEX_POINT('',#12275);
#3215=VERTEX_POINT('',#12285);
#3216=VERTEX_POINT('',#12287);
#3217=VERTEX_POINT('',#12297);
#3218=VERTEX_POINT('',#12299);
#3219=VERTEX_POINT('',#12309);
#3220=VERTEX_POINT('',#12311);
#3221=VERTEX_POINT('',#12321);
#3222=VERTEX_POINT('',#12323);
#3223=VERTEX_POINT('',#12333);
#3224=VERTEX_POINT('',#12335);
#3225=VERTEX_POINT('',#12345);
#3226=VERTEX_POINT('',#12347);
#3227=VERTEX_POINT('',#12357);
#3228=VERTEX_POINT('',#12359);
#3229=VERTEX_POINT('',#12392);
#3230=VERTEX_POINT('',#12394);
#3231=VERTEX_POINT('',#12450);
#3232=VERTEX_POINT('',#12451);
#3233=VERTEX_POINT('',#12453);
#3234=VERTEX_POINT('',#12464);
#3235=VERTEX_POINT('',#12471);
#3236=VERTEX_POINT('',#12473);
#3237=VERTEX_POINT('',#12514);
#3238=VERTEX_POINT('',#12516);
#3239=VERTEX_POINT('',#12601);
#3240=VERTEX_POINT('',#12602);
#3241=VERTEX_POINT('',#12604);
#3242=VERTEX_POINT('',#12632);
#3243=VERTEX_POINT('',#12639);
#3244=VERTEX_POINT('',#12641);
#3245=VERTEX_POINT('',#12674);
#3246=VERTEX_POINT('',#12676);
#3247=VERTEX_POINT('',#12692);
#3248=VERTEX_POINT('',#12693);
#3249=VERTEX_POINT('',#12695);
#3250=VERTEX_POINT('',#12700);
#3251=VERTEX_POINT('',#12707);
#3252=VERTEX_POINT('',#12709);
#3253=VERTEX_POINT('',#12776);
#3254=VERTEX_POINT('',#12777);
#3255=VERTEX_POINT('',#12779);
#3256=VERTEX_POINT('',#12784);
#3257=VERTEX_POINT('',#12791);
#3258=VERTEX_POINT('',#12793);
#3259=VERTEX_POINT('',#12817);
#3260=VERTEX_POINT('',#12819);
#3261=VERTEX_POINT('',#12832);
#3262=VERTEX_POINT('',#12834);
#3263=VERTEX_POINT('',#12844);
#3264=VERTEX_POINT('',#12846);
#3265=VERTEX_POINT('',#12856);
#3266=VERTEX_POINT('',#12858);
#3267=LINE('',#8882,#3701);
#3268=LINE('',#8885,#3702);
#3269=LINE('',#8887,#3703);
#3270=LINE('',#8889,#3704);
#3271=LINE('',#8891,#3705);
#3272=LINE('',#8894,#3706);
#3273=LINE('',#8896,#3707);
#3274=LINE('',#8898,#3708);
#3275=LINE('',#8900,#3709);
#3276=LINE('',#8903,#3710);
#3277=LINE('',#8905,#3711);
#3278=LINE('',#8907,#3712);
#3279=LINE('',#8909,#3713);
#3280=LINE('',#8912,#3714);
#3281=LINE('',#8914,#3715);
#3282=LINE('',#8916,#3716);
#3283=LINE('',#8918,#3717);
#3284=LINE('',#8920,#3718);
#3285=LINE('',#8922,#3719);
#3286=LINE('',#8923,#3720);
#3287=LINE('',#8926,#3721);
#3288=LINE('',#8928,#3722);
#3289=LINE('',#8940,#3723);
#3290=LINE('',#8952,#3724);
#3291=LINE('',#8969,#3725);
#3292=LINE('',#8970,#3726);
#3293=LINE('',#8973,#3727);
#3294=LINE('',#8975,#3728);
#3295=LINE('',#8977,#3729);
#3296=LINE('',#8979,#3730);
#3297=LINE('',#8981,#3731);
#3298=LINE('',#8983,#3732);
#3299=LINE('',#8984,#3733);
#3300=LINE('',#8987,#3734);
#3301=LINE('',#8991,#3735);
#3302=LINE('',#8995,#3736);
#3303=LINE('',#8998,#3737);
#3304=LINE('',#9000,#3738);
#3305=LINE('',#9002,#3739);
#3306=LINE('',#9004,#3740);
#3307=LINE('',#9006,#3741);
#3308=LINE('',#9008,#3742);
#3309=LINE('',#9010,#3743);
#3310=LINE('',#9012,#3744);
#3311=LINE('',#9014,#3745);
#3312=LINE('',#9016,#3746);
#3313=LINE('',#9020,#3747);
#3314=LINE('',#9022,#3748);
#3315=LINE('',#9024,#3749);
#3316=LINE('',#9026,#3750);
#3317=LINE('',#9028,#3751);
#3318=LINE('',#9030,#3752);
#3319=LINE('',#9032,#3753);
#3320=LINE('',#9034,#3754);
#3321=LINE('',#9036,#3755);
#3322=LINE('',#9038,#3756);
#3323=LINE('',#9040,#3757);
#3324=LINE('',#9042,#3758);
#3325=LINE('',#9044,#3759);
#3326=LINE('',#9046,#3760);
#3327=LINE('',#9048,#3761);
#3328=LINE('',#9050,#3762);
#3329=LINE('',#9052,#3763);
#3330=LINE('',#9054,#3764);
#3331=LINE('',#9056,#3765);
#3332=LINE('',#9058,#3766);
#3333=LINE('',#9060,#3767);
#3334=LINE('',#9062,#3768);
#3335=LINE('',#9064,#3769);
#3336=LINE('',#9066,#3770);
#3337=LINE('',#9068,#3771);
#3338=LINE('',#9070,#3772);
#3339=LINE('',#9072,#3773);
#3340=LINE('',#9074,#3774);
#3341=LINE('',#9076,#3775);
#3342=LINE('',#9078,#3776);
#3343=LINE('',#9080,#3777);
#3344=LINE('',#9082,#3778);
#3345=LINE('',#9084,#3779);
#3346=LINE('',#9086,#3780);
#3347=LINE('',#9088,#3781);
#3348=LINE('',#9090,#3782);
#3349=LINE('',#9092,#3783);
#3350=LINE('',#9094,#3784);
#3351=LINE('',#9096,#3785);
#3352=LINE('',#9098,#3786);
#3353=LINE('',#9100,#3787);
#3354=LINE('',#9102,#3788);
#3355=LINE('',#9104,#3789);
#3356=LINE('',#9106,#3790);
#3357=LINE('',#9108,#3791);
#3358=LINE('',#9110,#3792);
#3359=LINE('',#9112,#3793);
#3360=LINE('',#9114,#3794);
#3361=LINE('',#9116,#3795);
#3362=LINE('',#9118,#3796);
#3363=LINE('',#9120,#3797);
#3364=LINE('',#9122,#3798);
#3365=LINE('',#9124,#3799);
#3366=LINE('',#9125,#3800);
#3367=LINE('',#9127,#3801);
#3368=LINE('',#9129,#3802);
#3369=LINE('',#9130,#3803);
#3370=LINE('',#9132,#3804);
#3371=LINE('',#9134,#3805);
#3372=LINE('',#9135,#3806);
#3373=LINE('',#9137,#3807);
#3374=LINE('',#9139,#3808);
#3375=LINE('',#9140,#3809);
#3376=LINE('',#9142,#3810);
#3377=LINE('',#9144,#3811);
#3378=LINE('',#9145,#3812);
#3379=LINE('',#9147,#3813);
#3380=LINE('',#9149,#3814);
#3381=LINE('',#9150,#3815);
#3382=LINE('',#9152,#3816);
#3383=LINE('',#9154,#3817);
#3384=LINE('',#9155,#3818);
#3385=LINE('',#9157,#3819);
#3386=LINE('',#9159,#3820);
#3387=LINE('',#9160,#3821);
#3388=LINE('',#9162,#3822);
#3389=LINE('',#9164,#3823);
#3390=LINE('',#9165,#3824);
#3391=LINE('',#9167,#3825);
#3392=LINE('',#9169,#3826);
#3393=LINE('',#9170,#3827);
#3394=LINE('',#9172,#3828);
#3395=LINE('',#9174,#3829);
#3396=LINE('',#9175,#3830);
#3397=LINE('',#9177,#3831);
#3398=LINE('',#9179,#3832);
#3399=LINE('',#9180,#3833);
#3400=LINE('',#9182,#3834);
#3401=LINE('',#9184,#3835);
#3402=LINE('',#9186,#3836);
#3403=LINE('',#9194,#3837);
#3404=LINE('',#9202,#3838);
#3405=LINE('',#9206,#3839);
#3406=LINE('',#9210,#3840);
#3407=LINE('',#9211,#3841);
#3408=LINE('',#9212,#3842);
#3409=LINE('',#9215,#3843);
#3410=LINE('',#9217,#3844);
#3411=LINE('',#9219,#3845);
#3412=LINE('',#9221,#3846);
#3413=LINE('',#9223,#3847);
#3414=LINE('',#9225,#3848);
#3415=LINE('',#9227,#3849);
#3416=LINE('',#9228,#3850);
#3417=LINE('',#9229,#3851);
#3418=LINE('',#9231,#3852);
#3419=LINE('',#9233,#3853);
#3420=LINE('',#9235,#3854);
#3421=LINE('',#9238,#3855);
#3422=LINE('',#9242,#3856);
#3423=LINE('',#9246,#3857);
#3424=LINE('',#9249,#3858);
#3425=LINE('',#9252,#3859);
#3426=LINE('',#9254,#3860);
#3427=LINE('',#9256,#3861);
#3428=LINE('',#9257,#3862);
#3429=LINE('',#9262,#3863);
#3430=LINE('',#9266,#3864);
#3431=LINE('',#9270,#3865);
#3432=LINE('',#9274,#3866);
#3433=LINE('',#9276,#3867);
#3434=LINE('',#9278,#3868);
#3435=LINE('',#9280,#3869);
#3436=LINE('',#9282,#3870);
#3437=LINE('',#9284,#3871);
#3438=LINE('',#9286,#3872);
#3439=LINE('',#9288,#3873);
#3440=LINE('',#9290,#3874);
#3441=LINE('',#9292,#3875);
#3442=LINE('',#9297,#3876);
#3443=LINE('',#9301,#3877);
#3444=LINE('',#9303,#3878);
#3445=LINE('',#9304,#3879);
#3446=LINE('',#9308,#3880);
#3447=LINE('',#9312,#3881);
#3448=LINE('',#9316,#3882);
#3449=LINE('',#9320,#3883);
#3450=LINE('',#9321,#3884);
#3451=LINE('',#9323,#3885);
#3452=LINE('',#9334,#3886);
#3453=LINE('',#9337,#3887);
#3454=LINE('',#9338,#3888);
#3455=LINE('',#9340,#3889);
#3456=LINE('',#9342,#3890);
#3457=LINE('',#9344,#3891);
#3458=LINE('',#9346,#3892);
#3459=LINE('',#9349,#3893);
#3460=LINE('',#9350,#3894);
#3461=LINE('',#9352,#3895);
#3462=LINE('',#9354,#3896);
#3463=LINE('',#9356,#3897);
#3464=LINE('',#9367,#3898);
#3465=LINE('',#9369,#3899);
#3466=LINE('',#9371,#3900);
#3467=LINE('',#9373,#3901);
#3468=LINE('',#9375,#3902);
#3469=LINE('',#9377,#3903);
#3470=LINE('',#9379,#3904);
#3471=LINE('',#9381,#3905);
#3472=LINE('',#9384,#3906);
#3473=LINE('',#9386,#3907);
#3474=LINE('',#9388,#3908);
#3475=LINE('',#9390,#3909);
#3476=LINE('',#9392,#3910);
#3477=LINE('',#9407,#3911);
#3478=LINE('',#9412,#3912);
#3479=LINE('',#9414,#3913);
#3480=LINE('',#9416,#3914);
#3481=LINE('',#9418,#3915);
#3482=LINE('',#9420,#3916);
#3483=LINE('',#9422,#3917);
#3484=LINE('',#9424,#3918);
#3485=LINE('',#9425,#3919);
#3486=LINE('',#9427,#3920);
#3487=LINE('',#9428,#3921);
#3488=LINE('',#9435,#3922);
#3489=LINE('',#9439,#3923);
#3490=LINE('',#9441,#3924);
#3491=LINE('',#9443,#3925);
#3492=LINE('',#9445,#3926);
#3493=LINE('',#9447,#3927);
#3494=LINE('',#9450,#3928);
#3495=LINE('',#9452,#3929);
#3496=LINE('',#9454,#3930);
#3497=LINE('',#9456,#3931);
#3498=LINE('',#9458,#3932);
#3499=LINE('',#9461,#3933);
#3500=LINE('',#9463,#3934);
#3501=LINE('',#9465,#3935);
#3502=LINE('',#9467,#3936);
#3503=LINE('',#9469,#3937);
#3504=LINE('',#9472,#3938);
#3505=LINE('',#9474,#3939);
#3506=LINE('',#9476,#3940);
#3507=LINE('',#9478,#3941);
#3508=LINE('',#9480,#3942);
#3509=LINE('',#9483,#3943);
#3510=LINE('',#9485,#3944);
#3511=LINE('',#9487,#3945);
#3512=LINE('',#9489,#3946);
#3513=LINE('',#9491,#3947);
#3514=LINE('',#9494,#3948);
#3515=LINE('',#9496,#3949);
#3516=LINE('',#9498,#3950);
#3517=LINE('',#9500,#3951);
#3518=LINE('',#9502,#3952);
#3519=LINE('',#9505,#3953);
#3520=LINE('',#9507,#3954);
#3521=LINE('',#9509,#3955);
#3522=LINE('',#9511,#3956);
#3523=LINE('',#9513,#3957);
#3524=LINE('',#9516,#3958);
#3525=LINE('',#9518,#3959);
#3526=LINE('',#9520,#3960);
#3527=LINE('',#9522,#3961);
#3528=LINE('',#9524,#3962);
#3529=LINE('',#9527,#3963);
#3530=LINE('',#9529,#3964);
#3531=LINE('',#9531,#3965);
#3532=LINE('',#9533,#3966);
#3533=LINE('',#9535,#3967);
#3534=LINE('',#9538,#3968);
#3535=LINE('',#9540,#3969);
#3536=LINE('',#9542,#3970);
#3537=LINE('',#9544,#3971);
#3538=LINE('',#9546,#3972);
#3539=LINE('',#9549,#3973);
#3540=LINE('',#9551,#3974);
#3541=LINE('',#9553,#3975);
#3542=LINE('',#9555,#3976);
#3543=LINE('',#9557,#3977);
#3544=LINE('',#9560,#3978);
#3545=LINE('',#9562,#3979);
#3546=LINE('',#9564,#3980);
#3547=LINE('',#9566,#3981);
#3548=LINE('',#9568,#3982);
#3549=LINE('',#9571,#3983);
#3550=LINE('',#9573,#3984);
#3551=LINE('',#9578,#3985);
#3552=LINE('',#9583,#3986);
#3553=LINE('',#9588,#3987);
#3554=LINE('',#9593,#3988);
#3555=LINE('',#9598,#3989);
#3556=LINE('',#9607,#3990);
#3557=LINE('',#9609,#3991);
#3558=LINE('',#9616,#3992);
#3559=LINE('',#9623,#3993);
#3560=LINE('',#9641,#3994);
#3561=LINE('',#9653,#3995);
#3562=LINE('',#9671,#3996);
#3563=LINE('',#9683,#3997);
#3564=LINE('',#9709,#3998);
#3565=LINE('',#9732,#3999);
#3566=LINE('',#9734,#4000);
#3567=LINE('',#9739,#4001);
#3568=LINE('',#9744,#4002);
#3569=LINE('',#9749,#4003);
#3570=LINE('',#9754,#4004);
#3571=LINE('',#9759,#4005);
#3572=LINE('',#9774,#4006);
#3573=LINE('',#9781,#4007);
#3574=LINE('',#9807,#4008);
#3575=LINE('',#9825,#4009);
#3576=LINE('',#9866,#4010);
#3577=LINE('',#10115,#4011);
#3578=LINE('',#10128,#4012);
#3579=LINE('',#10135,#4013);
#3580=LINE('',#10172,#4014);
#3581=LINE('',#10190,#4015);
#3582=LINE('',#10202,#4016);
#3583=LINE('',#10214,#4017);
#3584=LINE('',#10226,#4018);
#3585=LINE('',#10277,#4019);
#3586=LINE('',#10290,#4020);
#3587=LINE('',#10297,#4021);
#3588=LINE('',#10329,#4022);
#3589=LINE('',#10356,#4023);
#3590=LINE('',#10371,#4024);
#3591=LINE('',#10383,#4025);
#3592=LINE('',#10405,#4026);
#3593=LINE('',#10410,#4027);
#3594=LINE('',#10415,#4028);
#3595=LINE('',#10423,#4029);
#3596=LINE('',#10431,#4030);
#3597=LINE('',#10439,#4031);
#3598=LINE('',#10447,#4032);
#3599=LINE('',#10455,#4033);
#3600=LINE('',#10463,#4034);
#3601=LINE('',#10471,#4035);
#3602=LINE('',#10479,#4036);
#3603=LINE('',#10487,#4037);
#3604=LINE('',#10495,#4038);
#3605=LINE('',#10511,#4039);
#3606=LINE('',#10516,#4040);
#3607=LINE('',#10521,#4041);
#3608=LINE('',#10529,#4042);
#3609=LINE('',#10545,#4043);
#3610=LINE('',#10550,#4044);
#3611=LINE('',#10555,#4045);
#3612=LINE('',#10563,#4046);
#3613=LINE('',#10581,#4047);
#3614=LINE('',#10588,#4048);
#3615=LINE('',#10625,#4049);
#3616=LINE('',#10670,#4050);
#3617=LINE('',#10691,#4051);
#3618=LINE('',#10732,#4052);
#3619=LINE('',#10804,#4053);
#3620=LINE('',#10817,#4054);
#3621=LINE('',#10824,#4055);
#3622=LINE('',#10861,#4056);
#3623=LINE('',#10879,#4057);
#3624=LINE('',#10891,#4058);
#3625=LINE('',#10903,#4059);
#3626=LINE('',#10915,#4060);
#3627=LINE('',#10939,#4061);
#3628=LINE('',#10946,#4062);
#3629=LINE('',#10963,#4063);
#3630=LINE('',#11028,#4064);
#3631=LINE('',#11056,#4065);
#3632=LINE('',#11063,#4066);
#3633=LINE('',#11235,#4067);
#3634=LINE('',#11265,#4068);
#3635=LINE('',#11272,#4069);
#3636=LINE('',#11307,#4070);
#3637=LINE('',#11326,#4071);
#3638=LINE('',#11333,#4072);
#3639=LINE('',#11340,#4073);
#3640=LINE('',#11437,#4074);
#3641=LINE('',#11450,#4075);
#3642=LINE('',#11457,#4076);
#3643=LINE('',#11500,#4077);
#3644=LINE('',#11528,#4078);
#3645=LINE('',#11533,#4079);
#3646=LINE('',#11538,#4080);
#3647=LINE('',#11546,#4081);
#3648=LINE('',#11554,#4082);
#3649=LINE('',#11562,#4083);
#3650=LINE('',#11831,#4084);
#3651=LINE('',#11860,#4085);
#3652=LINE('',#11867,#4086);
#3653=LINE('',#11902,#4087);
#3654=LINE('',#11921,#4088);
#3655=LINE('',#11928,#4089);
#3656=LINE('',#11935,#4090);
#3657=LINE('',#12003,#4091);
#3658=LINE('',#12010,#4092);
#3659=LINE('',#12034,#4093);
#3660=LINE('',#12052,#4094);
#3661=LINE('',#12064,#4095);
#3662=LINE('',#12076,#4096);
#3663=LINE('',#12088,#4097);
#3664=LINE('',#12100,#4098);
#3665=LINE('',#12112,#4099);
#3666=LINE('',#12124,#4100);
#3667=LINE('',#12136,#4101);
#3668=LINE('',#12148,#4102);
#3669=LINE('',#12183,#4103);
#3670=LINE('',#12213,#4104);
#3671=LINE('',#12220,#4105);
#3672=LINE('',#12244,#4106);
#3673=LINE('',#12262,#4107);
#3674=LINE('',#12274,#4108);
#3675=LINE('',#12286,#4109);
#3676=LINE('',#12298,#4110);
#3677=LINE('',#12310,#4111);
#3678=LINE('',#12322,#4112);
#3679=LINE('',#12334,#4113);
#3680=LINE('',#12346,#4114);
#3681=LINE('',#12358,#4115);
#3682=LINE('',#12393,#4116);
#3683=LINE('',#12452,#4117);
#3684=LINE('',#12465,#4118);
#3685=LINE('',#12472,#4119);
#3686=LINE('',#12515,#4120);
#3687=LINE('',#12603,#4121);
#3688=LINE('',#12633,#4122);
#3689=LINE('',#12640,#4123);
#3690=LINE('',#12675,#4124);
#3691=LINE('',#12694,#4125);
#3692=LINE('',#12701,#4126);
#3693=LINE('',#12708,#4127);
#3694=LINE('',#12778,#4128);
#3695=LINE('',#12785,#4129);
#3696=LINE('',#12792,#4130);
#3697=LINE('',#12818,#4131);
#3698=LINE('',#12833,#4132);
#3699=LINE('',#12845,#4133);
#3700=LINE('',#12857,#4134);
#3701=VECTOR('',#7832,1000.);
#3702=VECTOR('',#7833,1000.);
#3703=VECTOR('',#7834,1000.);
#3704=VECTOR('',#7835,1000.);
#3705=VECTOR('',#7838,1000.);
#3706=VECTOR('',#7839,1000.);
#3707=VECTOR('',#7840,1000.);
#3708=VECTOR('',#7841,1000.);
#3709=VECTOR('',#7844,1000.);
#3710=VECTOR('',#7845,1000.);
#3711=VECTOR('',#7846,1000.);
#3712=VECTOR('',#7847,1000.);
#3713=VECTOR('',#7850,1000.);
#3714=VECTOR('',#7851,1000.);
#3715=VECTOR('',#7852,1000.);
#3716=VECTOR('',#7853,1000.);
#3717=VECTOR('',#7854,1000.);
#3718=VECTOR('',#7855,1000.);
#3719=VECTOR('',#7856,1000.);
#3720=VECTOR('',#7857,1000.);
#3721=VECTOR('',#7858,1000.);
#3722=VECTOR('',#7859,1000.);
#3723=VECTOR('',#7860,1000.);
#3724=VECTOR('',#7861,1000.);
#3725=VECTOR('',#7862,1000.);
#3726=VECTOR('',#7863,1000.);
#3727=VECTOR('',#7864,1000.);
#3728=VECTOR('',#7865,1000.);
#3729=VECTOR('',#7866,1000.);
#3730=VECTOR('',#7867,1000.);
#3731=VECTOR('',#7868,1000.);
#3732=VECTOR('',#7869,1000.);
#3733=VECTOR('',#7870,1000.);
#3734=VECTOR('',#7871,1000.);
#3735=VECTOR('',#7874,1000.);
#3736=VECTOR('',#7877,1000.);
#3737=VECTOR('',#7880,1000.);
#3738=VECTOR('',#7881,1000.);
#3739=VECTOR('',#7882,1000.);
#3740=VECTOR('',#7883,1000.);
#3741=VECTOR('',#7884,1000.);
#3742=VECTOR('',#7885,1000.);
#3743=VECTOR('',#7886,1000.);
#3744=VECTOR('',#7887,1000.);
#3745=VECTOR('',#7888,1000.);
#3746=VECTOR('',#7889,1000.);
#3747=VECTOR('',#7892,1000.);
#3748=VECTOR('',#7893,1000.);
#3749=VECTOR('',#7894,1000.);
#3750=VECTOR('',#7895,1000.);
#3751=VECTOR('',#7896,1000.);
#3752=VECTOR('',#7897,1000.);
#3753=VECTOR('',#7898,1000.);
#3754=VECTOR('',#7899,1000.);
#3755=VECTOR('',#7900,1000.);
#3756=VECTOR('',#7901,1000.);
#3757=VECTOR('',#7902,1000.);
#3758=VECTOR('',#7903,1000.);
#3759=VECTOR('',#7904,1000.);
#3760=VECTOR('',#7905,1000.);
#3761=VECTOR('',#7906,1000.);
#3762=VECTOR('',#7907,1000.);
#3763=VECTOR('',#7908,1000.);
#3764=VECTOR('',#7909,1000.);
#3765=VECTOR('',#7910,1000.);
#3766=VECTOR('',#7911,1000.);
#3767=VECTOR('',#7912,1000.);
#3768=VECTOR('',#7913,1000.);
#3769=VECTOR('',#7914,1000.);
#3770=VECTOR('',#7915,1000.);
#3771=VECTOR('',#7916,1000.);
#3772=VECTOR('',#7917,1000.);
#3773=VECTOR('',#7918,1000.);
#3774=VECTOR('',#7919,1000.);
#3775=VECTOR('',#7920,1000.);
#3776=VECTOR('',#7921,1000.);
#3777=VECTOR('',#7922,1000.);
#3778=VECTOR('',#7923,1000.);
#3779=VECTOR('',#7924,1000.);
#3780=VECTOR('',#7925,1000.);
#3781=VECTOR('',#7926,1000.);
#3782=VECTOR('',#7927,1000.);
#3783=VECTOR('',#7928,1000.);
#3784=VECTOR('',#7929,1000.);
#3785=VECTOR('',#7930,1000.);
#3786=VECTOR('',#7931,1000.);
#3787=VECTOR('',#7932,1000.);
#3788=VECTOR('',#7933,1000.);
#3789=VECTOR('',#7934,1000.);
#3790=VECTOR('',#7935,1000.);
#3791=VECTOR('',#7936,1000.);
#3792=VECTOR('',#7937,1000.);
#3793=VECTOR('',#7938,1000.);
#3794=VECTOR('',#7941,1000.);
#3795=VECTOR('',#7942,1000.);
#3796=VECTOR('',#7943,1000.);
#3797=VECTOR('',#7946,1000.);
#3798=VECTOR('',#7947,1000.);
#3799=VECTOR('',#7948,1000.);
#3800=VECTOR('',#7949,1000.);
#3801=VECTOR('',#7950,1000.);
#3802=VECTOR('',#7951,1000.);
#3803=VECTOR('',#7952,1000.);
#3804=VECTOR('',#7953,1000.);
#3805=VECTOR('',#7954,1000.);
#3806=VECTOR('',#7955,1000.);
#3807=VECTOR('',#7956,1000.);
#3808=VECTOR('',#7957,1000.);
#3809=VECTOR('',#7958,1000.);
#3810=VECTOR('',#7959,1000.);
#3811=VECTOR('',#7960,1000.);
#3812=VECTOR('',#7961,1000.);
#3813=VECTOR('',#7962,1000.);
#3814=VECTOR('',#7963,1000.);
#3815=VECTOR('',#7964,1000.);
#3816=VECTOR('',#7965,1000.);
#3817=VECTOR('',#7966,1000.);
#3818=VECTOR('',#7967,1000.);
#3819=VECTOR('',#7968,1000.);
#3820=VECTOR('',#7969,1000.);
#3821=VECTOR('',#7970,1000.);
#3822=VECTOR('',#7971,1000.);
#3823=VECTOR('',#7972,1000.);
#3824=VECTOR('',#7973,1000.);
#3825=VECTOR('',#7974,1000.);
#3826=VECTOR('',#7975,1000.);
#3827=VECTOR('',#7976,1000.);
#3828=VECTOR('',#7977,1000.);
#3829=VECTOR('',#7978,1000.);
#3830=VECTOR('',#7979,1000.);
#3831=VECTOR('',#7980,1000.);
#3832=VECTOR('',#7981,1000.);
#3833=VECTOR('',#7982,1000.);
#3834=VECTOR('',#7983,1000.);
#3835=VECTOR('',#7984,1000.);
#3836=VECTOR('',#7987,1000.);
#3837=VECTOR('',#7996,1000.);
#3838=VECTOR('',#8005,1000.);
#3839=VECTOR('',#8010,1000.);
#3840=VECTOR('',#8015,1000.);
#3841=VECTOR('',#8016,1000.);
#3842=VECTOR('',#8017,1000.);
#3843=VECTOR('',#8018,1000.);
#3844=VECTOR('',#8019,1000.);
#3845=VECTOR('',#8020,1000.);
#3846=VECTOR('',#8021,1000.);
#3847=VECTOR('',#8022,1000.);
#3848=VECTOR('',#8023,1000.);
#3849=VECTOR('',#8024,1000.);
#3850=VECTOR('',#8025,1000.);
#3851=VECTOR('',#8026,1000.);
#3852=VECTOR('',#8029,1000.);
#3853=VECTOR('',#8030,1000.);
#3854=VECTOR('',#8031,1000.);
#3855=VECTOR('',#8034,1000.);
#3856=VECTOR('',#8037,1000.);
#3857=VECTOR('',#8040,1000.);
#3858=VECTOR('',#8043,1000.);
#3859=VECTOR('',#8044,1000.);
#3860=VECTOR('',#8045,1000.);
#3861=VECTOR('',#8046,1000.);
#3862=VECTOR('',#8047,1000.);
#3863=VECTOR('',#8050,1000.);
#3864=VECTOR('',#8053,1000.);
#3865=VECTOR('',#8056,1000.);
#3866=VECTOR('',#8061,1000.);
#3867=VECTOR('',#8062,1000.);
#3868=VECTOR('',#8063,1000.);
#3869=VECTOR('',#8066,1000.);
#3870=VECTOR('',#8067,1000.);
#3871=VECTOR('',#8068,1000.);
#3872=VECTOR('',#8071,1000.);
#3873=VECTOR('',#8072,1000.);
#3874=VECTOR('',#8073,1000.);
#3875=VECTOR('',#8076,1000.);
#3876=VECTOR('',#8079,1000.);
#3877=VECTOR('',#8084,1000.);
#3878=VECTOR('',#8085,1000.);
#3879=VECTOR('',#8086,1000.);
#3880=VECTOR('',#8089,1000.);
#3881=VECTOR('',#8092,1000.);
#3882=VECTOR('',#8095,1000.);
#3883=VECTOR('',#8098,1000.);
#3884=VECTOR('',#8099,1000.);
#3885=VECTOR('',#8100,1000.);
#3886=VECTOR('',#8121,1000.);
#3887=VECTOR('',#8122,1000.);
#3888=VECTOR('',#8123,1000.);
#3889=VECTOR('',#8126,1000.);
#3890=VECTOR('',#8127,1000.);
#3891=VECTOR('',#8128,1000.);
#3892=VECTOR('',#8131,1000.);
#3893=VECTOR('',#8132,1000.);
#3894=VECTOR('',#8133,1000.);
#3895=VECTOR('',#8136,1000.);
#3896=VECTOR('',#8137,1000.);
#3897=VECTOR('',#8138,1000.);
#3898=VECTOR('',#8159,1000.);
#3899=VECTOR('',#8160,1000.);
#3900=VECTOR('',#8161,1000.);
#3901=VECTOR('',#8164,1000.);
#3902=VECTOR('',#8165,1000.);
#3903=VECTOR('',#8168,1000.);
#3904=VECTOR('',#8169,1000.);
#3905=VECTOR('',#8172,1000.);
#3906=VECTOR('',#8177,1000.);
#3907=VECTOR('',#8178,1000.);
#3908=VECTOR('',#8181,1000.);
#3909=VECTOR('',#8182,1000.);
#3910=VECTOR('',#8185,1000.);
#3911=VECTOR('',#8214,1000.);
#3912=VECTOR('',#8223,1000.);
#3913=VECTOR('',#8226,1000.);
#3914=VECTOR('',#8227,1000.);
#3915=VECTOR('',#8230,1000.);
#3916=VECTOR('',#8231,1000.);
#3917=VECTOR('',#8234,1000.);
#3918=VECTOR('',#8237,1000.);
#3919=VECTOR('',#8238,1000.);
#3920=VECTOR('',#8241,1000.);
#3921=VECTOR('',#8242,1000.);
#3922=VECTOR('',#8255,1000.);
#3923=VECTOR('',#8262,1000.);
#3924=VECTOR('',#8263,1000.);
#3925=VECTOR('',#8264,1000.);
#3926=VECTOR('',#8267,1000.);
#3927=VECTOR('',#8270,1000.);
#3928=VECTOR('',#8275,1000.);
#3929=VECTOR('',#8276,1000.);
#3930=VECTOR('',#8277,1000.);
#3931=VECTOR('',#8280,1000.);
#3932=VECTOR('',#8283,1000.);
#3933=VECTOR('',#8288,1000.);
#3934=VECTOR('',#8289,1000.);
#3935=VECTOR('',#8290,1000.);
#3936=VECTOR('',#8293,1000.);
#3937=VECTOR('',#8296,1000.);
#3938=VECTOR('',#8301,1000.);
#3939=VECTOR('',#8302,1000.);
#3940=VECTOR('',#8303,1000.);
#3941=VECTOR('',#8306,1000.);
#3942=VECTOR('',#8309,1000.);
#3943=VECTOR('',#8314,1000.);
#3944=VECTOR('',#8315,1000.);
#3945=VECTOR('',#8316,1000.);
#3946=VECTOR('',#8319,1000.);
#3947=VECTOR('',#8322,1000.);
#3948=VECTOR('',#8327,1000.);
#3949=VECTOR('',#8328,1000.);
#3950=VECTOR('',#8329,1000.);
#3951=VECTOR('',#8332,1000.);
#3952=VECTOR('',#8335,1000.);
#3953=VECTOR('',#8340,1000.);
#3954=VECTOR('',#8341,1000.);
#3955=VECTOR('',#8342,1000.);
#3956=VECTOR('',#8345,1000.);
#3957=VECTOR('',#8348,1000.);
#3958=VECTOR('',#8353,1000.);
#3959=VECTOR('',#8354,1000.);
#3960=VECTOR('',#8355,1000.);
#3961=VECTOR('',#8358,1000.);
#3962=VECTOR('',#8361,1000.);
#3963=VECTOR('',#8366,1000.);
#3964=VECTOR('',#8367,1000.);
#3965=VECTOR('',#8368,1000.);
#3966=VECTOR('',#8371,1000.);
#3967=VECTOR('',#8374,1000.);
#3968=VECTOR('',#8379,1000.);
#3969=VECTOR('',#8380,1000.);
#3970=VECTOR('',#8381,1000.);
#3971=VECTOR('',#8384,1000.);
#3972=VECTOR('',#8387,1000.);
#3973=VECTOR('',#8392,1000.);
#3974=VECTOR('',#8393,1000.);
#3975=VECTOR('',#8394,1000.);
#3976=VECTOR('',#8397,1000.);
#3977=VECTOR('',#8400,1000.);
#3978=VECTOR('',#8405,1000.);
#3979=VECTOR('',#8406,1000.);
#3980=VECTOR('',#8407,1000.);
#3981=VECTOR('',#8410,1000.);
#3982=VECTOR('',#8413,1000.);
#3983=VECTOR('',#8418,1000.);
#3984=VECTOR('',#8419,1000.);
#3985=VECTOR('',#8422,1000.);
#3986=VECTOR('',#8425,1000.);
#3987=VECTOR('',#8428,1000.);
#3988=VECTOR('',#8431,1000.);
#3989=VECTOR('',#8434,1000.);
#3990=VECTOR('',#8441,1000.);
#3991=VECTOR('',#8442,1000.);
#3992=VECTOR('',#8445,1000.);
#3993=VECTOR('',#8448,1000.);
#3994=VECTOR('',#8449,1000.);
#3995=VECTOR('',#8452,1000.);
#3996=VECTOR('',#8453,1000.);
#3997=VECTOR('',#8456,1000.);
#3998=VECTOR('',#8457,1000.);
#3999=VECTOR('',#8464,1000.);
#4000=VECTOR('',#8465,1000.);
#4001=VECTOR('',#8468,1000.);
#4002=VECTOR('',#8471,1000.);
#4003=VECTOR('',#8474,1000.);
#4004=VECTOR('',#8477,1000.);
#4005=VECTOR('',#8480,1000.);
#4006=VECTOR('',#8487,1000.);
#4007=VECTOR('',#8488,1000.);
#4008=VECTOR('',#8489,1000.);
#4009=VECTOR('',#8492,1000.);
#4010=VECTOR('',#8493,1000.);
#4011=VECTOR('',#8504,1000.);
#4012=VECTOR('',#8505,1000.);
#4013=VECTOR('',#8508,1000.);
#4014=VECTOR('',#8509,1000.);
#4015=VECTOR('',#8512,1000.);
#4016=VECTOR('',#8515,1000.);
#4017=VECTOR('',#8518,1000.);
#4018=VECTOR('',#8521,1000.);
#4019=VECTOR('',#8528,1000.);
#4020=VECTOR('',#8529,1000.);
#4021=VECTOR('',#8532,1000.);
#4022=VECTOR('',#8533,1000.);
#4023=VECTOR('',#8534,1000.);
#4024=VECTOR('',#8537,1000.);
#4025=VECTOR('',#8540,1000.);
#4026=VECTOR('',#8549,1000.);
#4027=VECTOR('',#8550,1000.);
#4028=VECTOR('',#8553,1000.);
#4029=VECTOR('',#8556,1000.);
#4030=VECTOR('',#8559,1000.);
#4031=VECTOR('',#8562,1000.);
#4032=VECTOR('',#8565,1000.);
#4033=VECTOR('',#8568,1000.);
#4034=VECTOR('',#8571,1000.);
#4035=VECTOR('',#8574,1000.);
#4036=VECTOR('',#8577,1000.);
#4037=VECTOR('',#8580,1000.);
#4038=VECTOR('',#8583,1000.);
#4039=VECTOR('',#8592,1000.);
#4040=VECTOR('',#8593,1000.);
#4041=VECTOR('',#8596,1000.);
#4042=VECTOR('',#8599,1000.);
#4043=VECTOR('',#8608,1000.);
#4044=VECTOR('',#8609,1000.);
#4045=VECTOR('',#8612,1000.);
#4046=VECTOR('',#8615,1000.);
#4047=VECTOR('',#8624,1000.);
#4048=VECTOR('',#8625,1000.);
#4049=VECTOR('',#8626,1000.);
#4050=VECTOR('',#8627,1000.);
#4051=VECTOR('',#8630,1000.);
#4052=VECTOR('',#8631,1000.);
#4053=VECTOR('',#8636,1000.);
#4054=VECTOR('',#8637,1000.);
#4055=VECTOR('',#8640,1000.);
#4056=VECTOR('',#8641,1000.);
#4057=VECTOR('',#8644,1000.);
#4058=VECTOR('',#8647,1000.);
#4059=VECTOR('',#8650,1000.);
#4060=VECTOR('',#8653,1000.);
#4061=VECTOR('',#8662,1000.);
#4062=VECTOR('',#8663,1000.);
#4063=VECTOR('',#8664,1000.);
#4064=VECTOR('',#8665,1000.);
#4065=VECTOR('',#8668,1000.);
#4066=VECTOR('',#8669,1000.);
#4067=VECTOR('',#8674,1000.);
#4068=VECTOR('',#8675,1000.);
#4069=VECTOR('',#8678,1000.);
#4070=VECTOR('',#8679,1000.);
#4071=VECTOR('',#8682,1000.);
#4072=VECTOR('',#8683,1000.);
#4073=VECTOR('',#8686,1000.);
#4074=VECTOR('',#8693,1000.);
#4075=VECTOR('',#8694,1000.);
#4076=VECTOR('',#8697,1000.);
#4077=VECTOR('',#8698,1000.);
#4078=VECTOR('',#8707,1000.);
#4079=VECTOR('',#8708,1000.);
#4080=VECTOR('',#8711,1000.);
#4081=VECTOR('',#8714,1000.);
#4082=VECTOR('',#8717,1000.);
#4083=VECTOR('',#8720,1000.);
#4084=VECTOR('',#8731,1000.);
#4085=VECTOR('',#8732,1000.);
#4086=VECTOR('',#8735,1000.);
#4087=VECTOR('',#8736,1000.);
#4088=VECTOR('',#8739,1000.);
#4089=VECTOR('',#8740,1000.);
#4090=VECTOR('',#8743,1000.);
#4091=VECTOR('',#8752,1000.);
#4092=VECTOR('',#8753,1000.);
#4093=VECTOR('',#8754,1000.);
#4094=VECTOR('',#8757,1000.);
#4095=VECTOR('',#8760,1000.);
#4096=VECTOR('',#8763,1000.);
#4097=VECTOR('',#8766,1000.);
#4098=VECTOR('',#8769,1000.);
#4099=VECTOR('',#8772,1000.);
#4100=VECTOR('',#8775,1000.);
#4101=VECTOR('',#8778,1000.);
#4102=VECTOR('',#8781,1000.);
#4103=VECTOR('',#8782,1000.);
#4104=VECTOR('',#8791,1000.);
#4105=VECTOR('',#8792,1000.);
#4106=VECTOR('',#8793,1000.);
#4107=VECTOR('',#8796,1000.);
#4108=VECTOR('',#8799,1000.);
#4109=VECTOR('',#8802,1000.);
#4110=VECTOR('',#8805,1000.);
#4111=VECTOR('',#8808,1000.);
#4112=VECTOR('',#8811,1000.);
#4113=VECTOR('',#8814,1000.);
#4114=VECTOR('',#8817,1000.);
#4115=VECTOR('',#8820,1000.);
#4116=VECTOR('',#8821,1000.);
#4117=VECTOR('',#8828,1000.);
#4118=VECTOR('',#8829,1000.);
#4119=VECTOR('',#8832,1000.);
#4120=VECTOR('',#8833,1000.);
#4121=VECTOR('',#8840,1000.);
#4122=VECTOR('',#8841,1000.);
#4123=VECTOR('',#8844,1000.);
#4124=VECTOR('',#8845,1000.);
#4125=VECTOR('',#8848,1000.);
#4126=VECTOR('',#8849,1000.);
#4127=VECTOR('',#8852,1000.);
#4128=VECTOR('',#8861,1000.);
#4129=VECTOR('',#8862,1000.);
#4130=VECTOR('',#8865,1000.);
#4131=VECTOR('',#8866,1000.);
#4132=VECTOR('',#8869,1000.);
#4133=VECTOR('',#8872,1000.);
#4134=VECTOR('',#8875,1000.);
#4135=EDGE_LOOP('',(#445,#446,#447,#448));
#4136=EDGE_LOOP('',(#449,#450,#451,#452));
#4137=EDGE_LOOP('',(#453,#454,#455,#456));
#4138=EDGE_LOOP('',(#457,#458,#459,#460,#461,#462,#463));
#4139=EDGE_LOOP('',(#464,#465,#466,#467,#468,#469,#470,#471,#472));
#4140=EDGE_LOOP('',(#473,#474,#475,#476,#477,#478,#479));
#4141=EDGE_LOOP('',(#480,#481,#482,#483,#484,#485,#486,#487,#488,#489,#490,
#491,#492,#493,#494,#495,#496,#497,#498,#499,#500,#501,#502,#503,#504,#505,
#506,#507,#508,#509,#510,#511,#512,#513,#514,#515,#516,#517,#518,#519,#520,
#521,#522,#523,#524,#525,#526,#527,#528,#529,#530,#531,#532,#533,#534,#535,
#536,#537,#538,#539,#540,#541,#542,#543,#544,#545));
#4142=EDGE_LOOP('',(#546,#547,#548,#549));
#4143=EDGE_LOOP('',(#550,#551,#552,#553,#554,#555,#556,#557,#558,#559,#560,
#561,#562,#563,#564,#565,#566,#567,#568,#569,#570,#571,#572,#573,#574,#575,
#576,#577,#578,#579,#580,#581,#582,#583,#584,#585,#586,#587,#588,#589,#590,
#591,#592,#593,#594,#595,#596,#597,#598,#599,#600,#601));
#4144=EDGE_LOOP('',(#602,#603,#604,#605));
#4145=EDGE_LOOP('',(#606,#607,#608,#609));
#4146=EDGE_LOOP('',(#610,#611,#612,#613));
#4147=EDGE_LOOP('',(#614,#615,#616,#617));
#4148=EDGE_LOOP('',(#618,#619,#620,#621));
#4149=EDGE_LOOP('',(#622,#623,#624,#625,#626,#627,#628,#629));
#4150=EDGE_LOOP('',(#630,#631,#632,#633));
#4151=EDGE_LOOP('',(#634,#635,#636,#637,#638,#639,#640,#641,#642,#643,#644,
#645));
#4152=EDGE_LOOP('',(#646,#647,#648,#649));
#4153=EDGE_LOOP('',(#650,#651,#652,#653,#654,#655,#656,#657));
#4154=EDGE_LOOP('',(#658,#659,#660,#661));
#4155=EDGE_LOOP('',(#662,#663,#664,#665));
#4156=EDGE_LOOP('',(#666,#667,#668,#669));
#4157=EDGE_LOOP('',(#670,#671,#672,#673,#674,#675,#676,#677,#678,#679,#680,
#681,#682,#683,#684,#685,#686,#687,#688,#689,#690,#691));
#4158=EDGE_LOOP('',(#692,#693,#694,#695));
#4159=EDGE_LOOP('',(#696,#697,#698,#699));
#4160=EDGE_LOOP('',(#700,#701,#702,#703));
#4161=EDGE_LOOP('',(#704,#705,#706,#707));
#4162=EDGE_LOOP('',(#708,#709,#710,#711));
#4163=EDGE_LOOP('',(#712,#713,#714,#715));
#4164=EDGE_LOOP('',(#716,#717,#718,#719));
#4165=EDGE_LOOP('',(#720,#721,#722,#723));
#4166=EDGE_LOOP('',(#724,#725,#726,#727,#728,#729,#730,#731));
#4167=EDGE_LOOP('',(#732,#733,#734,#735));
#4168=EDGE_LOOP('',(#736,#737,#738,#739));
#4169=EDGE_LOOP('',(#740,#741,#742,#743));
#4170=EDGE_LOOP('',(#744,#745,#746,#747));
#4171=EDGE_LOOP('',(#748,#749,#750,#751));
#4172=EDGE_LOOP('',(#752,#753,#754,#755));
#4173=EDGE_LOOP('',(#756,#757,#758,#759));
#4174=EDGE_LOOP('',(#760,#761,#762,#763));
#4175=EDGE_LOOP('',(#764,#765,#766,#767));
#4176=EDGE_LOOP('',(#768,#769,#770,#771));
#4177=EDGE_LOOP('',(#772,#773,#774,#775));
#4178=EDGE_LOOP('',(#776,#777,#778,#779));
#4179=EDGE_LOOP('',(#780,#781,#782,#783));
#4180=EDGE_LOOP('',(#784,#785,#786,#787));
#4181=EDGE_LOOP('',(#788,#789,#790,#791));
#4182=EDGE_LOOP('',(#792,#793,#794,#795));
#4183=EDGE_LOOP('',(#796,#797,#798,#799));
#4184=EDGE_LOOP('',(#800,#801,#802,#803));
#4185=EDGE_LOOP('',(#804,#805,#806,#807,#808,#809,#810,#811));
#4186=EDGE_LOOP('',(#812,#813,#814,#815));
#4187=EDGE_LOOP('',(#816,#817,#818,#819));
#4188=EDGE_LOOP('',(#820,#821,#822,#823,#824,#825,#826));
#4189=EDGE_LOOP('',(#827,#828,#829,#830,#831,#832,#833));
#4190=EDGE_LOOP('',(#834,#835,#836,#837,#838,#839,#840));
#4191=EDGE_LOOP('',(#841,#842,#843,#844,#845,#846,#847));
#4192=EDGE_LOOP('',(#848,#849,#850,#851));
#4193=EDGE_LOOP('',(#852,#853,#854,#855));
#4194=EDGE_LOOP('',(#856,#857,#858,#859));
#4195=EDGE_LOOP('',(#860,#861,#862,#863));
#4196=EDGE_LOOP('',(#864,#865,#866,#867));
#4197=EDGE_LOOP('',(#868,#869,#870,#871));
#4198=EDGE_LOOP('',(#872,#873,#874,#875));
#4199=EDGE_LOOP('',(#876,#877,#878,#879));
#4200=EDGE_LOOP('',(#880,#881,#882,#883));
#4201=EDGE_LOOP('',(#884,#885,#886,#887));
#4202=EDGE_LOOP('',(#888,#889,#890,#891));
#4203=EDGE_LOOP('',(#892,#893,#894,#895));
#4204=EDGE_LOOP('',(#896,#897,#898,#899));
#4205=EDGE_LOOP('',(#900,#901,#902,#903));
#4206=EDGE_LOOP('',(#904,#905,#906,#907));
#4207=EDGE_LOOP('',(#908,#909,#910,#911));
#4208=EDGE_LOOP('',(#912,#913,#914,#915));
#4209=EDGE_LOOP('',(#916,#917,#918,#919));
#4210=EDGE_LOOP('',(#920,#921,#922,#923));
#4211=EDGE_LOOP('',(#924,#925,#926,#927));
#4212=EDGE_LOOP('',(#928,#929,#930,#931));
#4213=EDGE_LOOP('',(#932,#933,#934,#935));
#4214=EDGE_LOOP('',(#936,#937,#938,#939));
#4215=EDGE_LOOP('',(#940,#941,#942,#943));
#4216=EDGE_LOOP('',(#944,#945,#946,#947));
#4217=EDGE_LOOP('',(#948,#949,#950,#951));
#4218=EDGE_LOOP('',(#952,#953,#954,#955));
#4219=EDGE_LOOP('',(#956,#957,#958,#959));
#4220=EDGE_LOOP('',(#960,#961,#962,#963));
#4221=EDGE_LOOP('',(#964,#965,#966,#967));
#4222=EDGE_LOOP('',(#968,#969,#970,#971));
#4223=EDGE_LOOP('',(#972,#973,#974,#975));
#4224=EDGE_LOOP('',(#976,#977,#978,#979));
#4225=EDGE_LOOP('',(#980,#981,#982,#983));
#4226=EDGE_LOOP('',(#984,#985,#986,#987));
#4227=EDGE_LOOP('',(#988,#989,#990,#991));
#4228=EDGE_LOOP('',(#992,#993,#994,#995));
#4229=EDGE_LOOP('',(#996,#997,#998,#999));
#4230=EDGE_LOOP('',(#1000,#1001,#1002,#1003));
#4231=EDGE_LOOP('',(#1004,#1005,#1006,#1007));
#4232=EDGE_LOOP('',(#1008,#1009,#1010,#1011));
#4233=EDGE_LOOP('',(#1012,#1013,#1014,#1015));
#4234=EDGE_LOOP('',(#1016,#1017,#1018,#1019));
#4235=EDGE_LOOP('',(#1020,#1021,#1022,#1023));
#4236=EDGE_LOOP('',(#1024,#1025,#1026,#1027));
#4237=EDGE_LOOP('',(#1028,#1029,#1030,#1031));
#4238=EDGE_LOOP('',(#1032,#1033,#1034,#1035));
#4239=EDGE_LOOP('',(#1036,#1037,#1038,#1039));
#4240=EDGE_LOOP('',(#1040,#1041,#1042,#1043));
#4241=EDGE_LOOP('',(#1044,#1045,#1046,#1047));
#4242=EDGE_LOOP('',(#1048,#1049,#1050,#1051));
#4243=EDGE_LOOP('',(#1052,#1053,#1054,#1055));
#4244=EDGE_LOOP('',(#1056,#1057,#1058,#1059));
#4245=EDGE_LOOP('',(#1060,#1061,#1062,#1063));
#4246=EDGE_LOOP('',(#1064,#1065,#1066,#1067));
#4247=EDGE_LOOP('',(#1068,#1069,#1070,#1071));
#4248=EDGE_LOOP('',(#1072,#1073,#1074,#1075));
#4249=EDGE_LOOP('',(#1076,#1077,#1078,#1079));
#4250=EDGE_LOOP('',(#1080,#1081,#1082,#1083));
#4251=EDGE_LOOP('',(#1084,#1085,#1086,#1087));
#4252=EDGE_LOOP('',(#1088,#1089,#1090,#1091));
#4253=EDGE_LOOP('',(#1092,#1093,#1094,#1095));
#4254=EDGE_LOOP('',(#1096,#1097,#1098,#1099));
#4255=EDGE_LOOP('',(#1100,#1101,#1102,#1103));
#4256=EDGE_LOOP('',(#1104,#1105,#1106,#1107));
#4257=EDGE_LOOP('',(#1108,#1109,#1110,#1111,#1112,#1113,#1114));
#4258=EDGE_LOOP('',(#1115,#1116,#1117,#1118));
#4259=EDGE_LOOP('',(#1119,#1120,#1121,#1122));
#4260=EDGE_LOOP('',(#1123,#1124,#1125,#1126));
#4261=EDGE_LOOP('',(#1127,#1128,#1129,#1130));
#4262=EDGE_LOOP('',(#1131,#1132,#1133,#1134));
#4263=EDGE_LOOP('',(#1135,#1136,#1137,#1138));
#4264=EDGE_LOOP('',(#1139,#1140,#1141,#1142));
#4265=EDGE_LOOP('',(#1143,#1144,#1145,#1146));
#4266=EDGE_LOOP('',(#1147,#1148,#1149,#1150));
#4267=EDGE_LOOP('',(#1151,#1152,#1153,#1154,#1155,#1156,#1157,#1158,#1159));
#4268=EDGE_LOOP('',(#1160,#1161,#1162,#1163));
#4269=EDGE_LOOP('',(#1164,#1165,#1166,#1167));
#4270=EDGE_LOOP('',(#1168,#1169,#1170,#1171));
#4271=EDGE_LOOP('',(#1172,#1173,#1174,#1175));
#4272=EDGE_LOOP('',(#1176,#1177,#1178,#1179));
#4273=EDGE_LOOP('',(#1180,#1181,#1182,#1183));
#4274=EDGE_LOOP('',(#1184,#1185,#1186,#1187));
#4275=EDGE_LOOP('',(#1188,#1189,#1190,#1191,#1192,#1193,#1194));
#4276=EDGE_LOOP('',(#1195,#1196,#1197,#1198));
#4277=EDGE_LOOP('',(#1199,#1200,#1201,#1202));
#4278=EDGE_LOOP('',(#1203,#1204,#1205,#1206));
#4279=EDGE_LOOP('',(#1207,#1208,#1209,#1210));
#4280=EDGE_LOOP('',(#1211,#1212,#1213,#1214));
#4281=EDGE_LOOP('',(#1215,#1216,#1217,#1218,#1219));
#4282=EDGE_LOOP('',(#1220,#1221,#1222,#1223,#1224));
#4283=EDGE_LOOP('',(#1225));
#4284=EDGE_LOOP('',(#1226));
#4285=EDGE_LOOP('',(#1227));
#4286=EDGE_LOOP('',(#1228));
#4287=EDGE_LOOP('',(#1229));
#4288=EDGE_LOOP('',(#1230));
#4289=EDGE_LOOP('',(#1231));
#4290=EDGE_LOOP('',(#1232));
#4291=EDGE_LOOP('',(#1233,#1234,#1235,#1236));
#4292=EDGE_LOOP('',(#1237,#1238,#1239,#1240));
#4293=EDGE_LOOP('',(#1241,#1242,#1243,#1244));
#4294=EDGE_LOOP('',(#1245,#1246,#1247,#1248));
#4295=EDGE_LOOP('',(#1249,#1250,#1251,#1252));
#4296=EDGE_LOOP('',(#1253,#1254,#1255,#1256));
#4297=EDGE_LOOP('',(#1257,#1258,#1259,#1260));
#4298=EDGE_LOOP('',(#1261,#1262,#1263,#1264));
#4299=EDGE_LOOP('',(#1265,#1266,#1267,#1268,#1269,#1270,#1271,#1272));
#4300=EDGE_LOOP('',(#1273,#1274,#1275,#1276,#1277,#1278,#1279,#1280));
#4301=EDGE_LOOP('',(#1281,#1282,#1283,#1284));
#4302=EDGE_LOOP('',(#1285,#1286,#1287,#1288));
#4303=EDGE_LOOP('',(#1289,#1290,#1291,#1292));
#4304=EDGE_LOOP('',(#1293,#1294,#1295,#1296));
#4305=EDGE_LOOP('',(#1297,#1298,#1299,#1300));
#4306=EDGE_LOOP('',(#1301,#1302,#1303,#1304));
#4307=EDGE_LOOP('',(#1305,#1306,#1307,#1308));
#4308=EDGE_LOOP('',(#1309,#1310,#1311,#1312,#1313,#1314,#1315));
#4309=EDGE_LOOP('',(#1316,#1317,#1318,#1319,#1320,#1321,#1322));
#4310=EDGE_LOOP('',(#1323,#1324,#1325,#1326));
#4311=EDGE_LOOP('',(#1327,#1328,#1329,#1330));
#4312=EDGE_LOOP('',(#1331,#1332,#1333,#1334));
#4313=EDGE_LOOP('',(#1335,#1336,#1337,#1338));
#4314=EDGE_LOOP('',(#1339,#1340,#1341,#1342));
#4315=EDGE_LOOP('',(#1343,#1344,#1345,#1346));
#4316=EDGE_LOOP('',(#1347,#1348,#1349,#1350));
#4317=EDGE_LOOP('',(#1351,#1352,#1353,#1354));
#4318=EDGE_LOOP('',(#1355,#1356,#1357,#1358));
#4319=EDGE_LOOP('',(#1359,#1360,#1361,#1362));
#4320=EDGE_LOOP('',(#1363,#1364,#1365,#1366));
#4321=EDGE_LOOP('',(#1367,#1368,#1369,#1370));
#4322=EDGE_LOOP('',(#1371,#1372,#1373,#1374));
#4323=EDGE_LOOP('',(#1375,#1376,#1377,#1378,#1379,#1380,#1381,#1382,#1383,
#1384,#1385,#1386,#1387));
#4324=EDGE_LOOP('',(#1388,#1389,#1390,#1391,#1392,#1393,#1394,#1395,#1396,
#1397,#1398,#1399,#1400));
#4325=EDGE_LOOP('',(#1401,#1402,#1403,#1404));
#4326=EDGE_LOOP('',(#1405,#1406,#1407,#1408));
#4327=EDGE_LOOP('',(#1409,#1410,#1411,#1412));
#4328=EDGE_LOOP('',(#1413,#1414,#1415,#1416));
#4329=EDGE_LOOP('',(#1417,#1418,#1419,#1420));
#4330=EDGE_LOOP('',(#1421,#1422,#1423,#1424));
#4331=EDGE_LOOP('',(#1425,#1426,#1427,#1428));
#4332=EDGE_LOOP('',(#1429,#1430,#1431,#1432));
#4333=EDGE_LOOP('',(#1433,#1434,#1435,#1436));
#4334=EDGE_LOOP('',(#1437,#1438,#1439,#1440));
#4335=EDGE_LOOP('',(#1441,#1442,#1443,#1444));
#4336=EDGE_LOOP('',(#1445,#1446,#1447,#1448));
#4337=EDGE_LOOP('',(#1449,#1450,#1451,#1452));
#4338=EDGE_LOOP('',(#1453,#1454,#1455,#1456));
#4339=EDGE_LOOP('',(#1457,#1458,#1459,#1460));
#4340=EDGE_LOOP('',(#1461,#1462,#1463,#1464));
#4341=EDGE_LOOP('',(#1465,#1466,#1467,#1468));
#4342=EDGE_LOOP('',(#1469,#1470,#1471,#1472));
#4343=EDGE_LOOP('',(#1473,#1474,#1475,#1476,#1477,#1478));
#4344=EDGE_LOOP('',(#1479,#1480,#1481,#1482,#1483,#1484));
#4345=EDGE_LOOP('',(#1485,#1486,#1487,#1488));
#4346=EDGE_LOOP('',(#1489,#1490,#1491,#1492));
#4347=EDGE_LOOP('',(#1493,#1494,#1495,#1496));
#4348=EDGE_LOOP('',(#1497,#1498,#1499,#1500));
#4349=EDGE_LOOP('',(#1501,#1502,#1503,#1504));
#4350=EDGE_LOOP('',(#1505,#1506,#1507,#1508));
#4351=EDGE_LOOP('',(#1509,#1510,#1511,#1512));
#4352=EDGE_LOOP('',(#1513,#1514,#1515,#1516));
#4353=EDGE_LOOP('',(#1517,#1518,#1519,#1520,#1521,#1522,#1523,#1524));
#4354=EDGE_LOOP('',(#1525,#1526,#1527,#1528,#1529,#1530,#1531,#1532));
#4355=EDGE_LOOP('',(#1533,#1534,#1535,#1536));
#4356=EDGE_LOOP('',(#1537,#1538,#1539,#1540));
#4357=EDGE_LOOP('',(#1541,#1542,#1543,#1544));
#4358=EDGE_LOOP('',(#1545,#1546,#1547,#1548));
#4359=EDGE_LOOP('',(#1549,#1550,#1551,#1552));
#4360=EDGE_LOOP('',(#1553,#1554,#1555,#1556));
#4361=EDGE_LOOP('',(#1557,#1558));
#4362=EDGE_LOOP('',(#1559,#1560,#1561,#1562));
#4363=EDGE_LOOP('',(#1563,#1564));
#4364=EDGE_LOOP('',(#1565,#1566,#1567,#1568));
#4365=EDGE_LOOP('',(#1569,#1570,#1571,#1572));
#4366=EDGE_LOOP('',(#1573,#1574,#1575,#1576));
#4367=EDGE_LOOP('',(#1577,#1578,#1579,#1580));
#4368=EDGE_LOOP('',(#1581,#1582,#1583,#1584));
#4369=EDGE_LOOP('',(#1585,#1586,#1587,#1588));
#4370=EDGE_LOOP('',(#1589,#1590,#1591,#1592));
#4371=EDGE_LOOP('',(#1593,#1594,#1595,#1596));
#4372=EDGE_LOOP('',(#1597,#1598,#1599));
#4373=EDGE_LOOP('',(#1600,#1601,#1602,#1603));
#4374=EDGE_LOOP('',(#1604,#1605,#1606));
#4375=EDGE_LOOP('',(#1607,#1608,#1609,#1610));
#4376=EDGE_LOOP('',(#1611,#1612,#1613,#1614));
#4377=EDGE_LOOP('',(#1615,#1616,#1617,#1618));
#4378=EDGE_LOOP('',(#1619,#1620,#1621,#1622));
#4379=EDGE_LOOP('',(#1623,#1624,#1625,#1626));
#4380=EDGE_LOOP('',(#1627,#1628,#1629,#1630));
#4381=EDGE_LOOP('',(#1631,#1632,#1633,#1634));
#4382=EDGE_LOOP('',(#1635,#1636,#1637,#1638));
#4383=EDGE_LOOP('',(#1639,#1640,#1641,#1642));
#4384=EDGE_LOOP('',(#1643,#1644,#1645,#1646));
#4385=EDGE_LOOP('',(#1647,#1648,#1649,#1650));
#4386=EDGE_LOOP('',(#1651,#1652,#1653,#1654));
#4387=EDGE_LOOP('',(#1655,#1656,#1657,#1658));
#4388=EDGE_LOOP('',(#1659,#1660,#1661,#1662,#1663,#1664));
#4389=EDGE_LOOP('',(#1665,#1666,#1667,#1668,#1669,#1670));
#4390=EDGE_LOOP('',(#1671));
#4391=EDGE_LOOP('',(#1672));
#4392=EDGE_LOOP('',(#1673));
#4393=EDGE_LOOP('',(#1674));
#4394=EDGE_LOOP('',(#1675));
#4395=EDGE_LOOP('',(#1676));
#4396=EDGE_LOOP('',(#1677));
#4397=EDGE_LOOP('',(#1678));
#4398=EDGE_LOOP('',(#1679,#1680,#1681,#1682));
#4399=EDGE_LOOP('',(#1683,#1684,#1685,#1686));
#4400=EDGE_LOOP('',(#1687,#1688,#1689,#1690));
#4401=EDGE_LOOP('',(#1691,#1692,#1693,#1694));
#4402=EDGE_LOOP('',(#1695,#1696,#1697,#1698));
#4403=EDGE_LOOP('',(#1699,#1700,#1701,#1702));
#4404=EDGE_LOOP('',(#1703,#1704,#1705,#1706));
#4405=EDGE_LOOP('',(#1707,#1708,#1709));
#4406=EDGE_LOOP('',(#1710,#1711,#1712,#1713));
#4407=EDGE_LOOP('',(#1714,#1715,#1716));
#4408=EDGE_LOOP('',(#1717,#1718,#1719,#1720));
#4409=EDGE_LOOP('',(#1721,#1722,#1723,#1724));
#4410=EDGE_LOOP('',(#1725,#1726,#1727,#1728));
#4411=EDGE_LOOP('',(#1729,#1730,#1731,#1732));
#4412=EDGE_LOOP('',(#1733,#1734,#1735,#1736));
#4413=EDGE_LOOP('',(#1737,#1738,#1739,#1740));
#4414=EDGE_LOOP('',(#1741,#1742,#1743,#1744));
#4415=EDGE_LOOP('',(#1745,#1746,#1747,#1748));
#4416=EDGE_LOOP('',(#1749,#1750,#1751,#1752));
#4417=EDGE_LOOP('',(#1753,#1754,#1755,#1756));
#4418=EDGE_LOOP('',(#1757,#1758,#1759,#1760));
#4419=EDGE_LOOP('',(#1761,#1762,#1763,#1764));
#4420=EDGE_LOOP('',(#1765,#1766,#1767,#1768));
#4421=EDGE_LOOP('',(#1769,#1770,#1771,#1772));
#4422=EDGE_LOOP('',(#1773,#1774,#1775,#1776,#1777,#1778,#1779,#1780,#1781,
#1782,#1783,#1784,#1785));
#4423=EDGE_LOOP('',(#1786,#1787,#1788,#1789,#1790,#1791,#1792,#1793,#1794,
#1795,#1796,#1797,#1798));
#4424=EDGE_LOOP('',(#1799,#1800,#1801,#1802));
#4425=EDGE_LOOP('',(#1803,#1804,#1805,#1806));
#4426=EDGE_LOOP('',(#1807,#1808,#1809,#1810));
#4427=EDGE_LOOP('',(#1811,#1812,#1813,#1814));
#4428=EDGE_LOOP('',(#1815,#1816,#1817,#1818));
#4429=EDGE_LOOP('',(#1819,#1820,#1821,#1822));
#4430=EDGE_LOOP('',(#1823,#1824,#1825,#1826));
#4431=EDGE_LOOP('',(#1827,#1828,#1829,#1830));
#4432=EDGE_LOOP('',(#1831,#1832,#1833,#1834));
#4433=EDGE_LOOP('',(#1835,#1836,#1837,#1838));
#4434=EDGE_LOOP('',(#1839,#1840,#1841,#1842));
#4435=EDGE_LOOP('',(#1843,#1844,#1845,#1846));
#4436=EDGE_LOOP('',(#1847,#1848,#1849,#1850));
#4437=EDGE_LOOP('',(#1851,#1852,#1853,#1854,#1855,#1856,#1857,#1858,#1859,
#1860,#1861,#1862,#1863));
#4438=EDGE_LOOP('',(#1864,#1865,#1866,#1867,#1868,#1869,#1870,#1871,#1872,
#1873,#1874,#1875,#1876));
#4439=EDGE_LOOP('',(#1877,#1878,#1879,#1880));
#4440=EDGE_LOOP('',(#1881,#1882,#1883,#1884));
#4441=EDGE_LOOP('',(#1885,#1886,#1887,#1888));
#4442=EDGE_LOOP('',(#1889,#1890,#1891,#1892));
#4443=EDGE_LOOP('',(#1893,#1894,#1895,#1896));
#4444=EDGE_LOOP('',(#1897,#1898,#1899,#1900));
#4445=EDGE_LOOP('',(#1901,#1902,#1903,#1904));
#4446=EDGE_LOOP('',(#1905,#1906,#1907,#1908));
#4447=EDGE_LOOP('',(#1909,#1910,#1911,#1912));
#4448=EDGE_LOOP('',(#1913,#1914,#1915,#1916));
#4449=EDGE_LOOP('',(#1917,#1918,#1919,#1920));
#4450=EDGE_LOOP('',(#1921,#1922,#1923,#1924));
#4451=EDGE_LOOP('',(#1925,#1926,#1927,#1928));
#4452=EDGE_LOOP('',(#1929,#1930,#1931));
#4453=EDGE_LOOP('',(#1932,#1933,#1934,#1935));
#4454=EDGE_LOOP('',(#1936,#1937,#1938));
#4455=EDGE_LOOP('',(#1939,#1940,#1941,#1942));
#4456=EDGE_LOOP('',(#1943,#1944,#1945,#1946));
#4457=EDGE_LOOP('',(#1947,#1948,#1949,#1950));
#4458=EDGE_LOOP('',(#1951,#1952,#1953,#1954));
#4459=EDGE_LOOP('',(#1955,#1956,#1957,#1958));
#4460=EDGE_LOOP('',(#1959,#1960,#1961,#1962));
#4461=EDGE_LOOP('',(#1963,#1964,#1965,#1966));
#4462=EDGE_LOOP('',(#1967,#1968,#1969,#1970));
#4463=EDGE_LOOP('',(#1971,#1972,#1973,#1974,#1975,#1976,#1977));
#4464=EDGE_LOOP('',(#1978,#1979,#1980,#1981,#1982,#1983,#1984));
#4465=FACE_BOUND('',#4135,.T.);
#4466=FACE_BOUND('',#4136,.T.);
#4467=FACE_BOUND('',#4137,.T.);
#4468=FACE_BOUND('',#4138,.T.);
#4469=FACE_BOUND('',#4139,.T.);
#4470=FACE_BOUND('',#4140,.T.);
#4471=FACE_BOUND('',#4141,.T.);
#4472=FACE_BOUND('',#4142,.T.);
#4473=FACE_BOUND('',#4143,.T.);
#4474=FACE_BOUND('',#4144,.T.);
#4475=FACE_BOUND('',#4145,.T.);
#4476=FACE_BOUND('',#4146,.T.);
#4477=FACE_BOUND('',#4147,.T.);
#4478=FACE_BOUND('',#4148,.T.);
#4479=FACE_BOUND('',#4149,.T.);
#4480=FACE_BOUND('',#4150,.T.);
#4481=FACE_BOUND('',#4151,.T.);
#4482=FACE_BOUND('',#4152,.T.);
#4483=FACE_BOUND('',#4153,.T.);
#4484=FACE_BOUND('',#4154,.T.);
#4485=FACE_BOUND('',#4155,.T.);
#4486=FACE_BOUND('',#4156,.T.);
#4487=FACE_BOUND('',#4157,.T.);
#4488=FACE_BOUND('',#4158,.T.);
#4489=FACE_BOUND('',#4159,.T.);
#4490=FACE_BOUND('',#4160,.T.);
#4491=FACE_BOUND('',#4161,.T.);
#4492=FACE_BOUND('',#4162,.T.);
#4493=FACE_BOUND('',#4163,.T.);
#4494=FACE_BOUND('',#4164,.T.);
#4495=FACE_BOUND('',#4165,.T.);
#4496=FACE_BOUND('',#4166,.T.);
#4497=FACE_BOUND('',#4167,.T.);
#4498=FACE_BOUND('',#4168,.T.);
#4499=FACE_BOUND('',#4169,.T.);
#4500=FACE_BOUND('',#4170,.T.);
#4501=FACE_BOUND('',#4171,.T.);
#4502=FACE_BOUND('',#4172,.T.);
#4503=FACE_BOUND('',#4173,.T.);
#4504=FACE_BOUND('',#4174,.T.);
#4505=FACE_BOUND('',#4175,.T.);
#4506=FACE_BOUND('',#4176,.T.);
#4507=FACE_BOUND('',#4177,.T.);
#4508=FACE_BOUND('',#4178,.T.);
#4509=FACE_BOUND('',#4179,.T.);
#4510=FACE_BOUND('',#4180,.T.);
#4511=FACE_BOUND('',#4181,.T.);
#4512=FACE_BOUND('',#4182,.T.);
#4513=FACE_BOUND('',#4183,.T.);
#4514=FACE_BOUND('',#4184,.T.);
#4515=FACE_BOUND('',#4185,.T.);
#4516=FACE_BOUND('',#4186,.T.);
#4517=FACE_BOUND('',#4187,.T.);
#4518=FACE_BOUND('',#4188,.T.);
#4519=FACE_BOUND('',#4189,.T.);
#4520=FACE_BOUND('',#4190,.T.);
#4521=FACE_BOUND('',#4191,.T.);
#4522=FACE_BOUND('',#4192,.T.);
#4523=FACE_BOUND('',#4193,.T.);
#4524=FACE_BOUND('',#4194,.T.);
#4525=FACE_BOUND('',#4195,.T.);
#4526=FACE_BOUND('',#4196,.T.);
#4527=FACE_BOUND('',#4197,.T.);
#4528=FACE_BOUND('',#4198,.T.);
#4529=FACE_BOUND('',#4199,.T.);
#4530=FACE_BOUND('',#4200,.T.);
#4531=FACE_BOUND('',#4201,.T.);
#4532=FACE_BOUND('',#4202,.T.);
#4533=FACE_BOUND('',#4203,.T.);
#4534=FACE_BOUND('',#4204,.T.);
#4535=FACE_BOUND('',#4205,.T.);
#4536=FACE_BOUND('',#4206,.T.);
#4537=FACE_BOUND('',#4207,.T.);
#4538=FACE_BOUND('',#4208,.T.);
#4539=FACE_BOUND('',#4209,.T.);
#4540=FACE_BOUND('',#4210,.T.);
#4541=FACE_BOUND('',#4211,.T.);
#4542=FACE_BOUND('',#4212,.T.);
#4543=FACE_BOUND('',#4213,.T.);
#4544=FACE_BOUND('',#4214,.T.);
#4545=FACE_BOUND('',#4215,.T.);
#4546=FACE_BOUND('',#4216,.T.);
#4547=FACE_BOUND('',#4217,.T.);
#4548=FACE_BOUND('',#4218,.T.);
#4549=FACE_BOUND('',#4219,.T.);
#4550=FACE_BOUND('',#4220,.T.);
#4551=FACE_BOUND('',#4221,.T.);
#4552=FACE_BOUND('',#4222,.T.);
#4553=FACE_BOUND('',#4223,.T.);
#4554=FACE_BOUND('',#4224,.T.);
#4555=FACE_BOUND('',#4225,.T.);
#4556=FACE_BOUND('',#4226,.T.);
#4557=FACE_BOUND('',#4227,.T.);
#4558=FACE_BOUND('',#4228,.T.);
#4559=FACE_BOUND('',#4229,.T.);
#4560=FACE_BOUND('',#4230,.T.);
#4561=FACE_BOUND('',#4231,.T.);
#4562=FACE_BOUND('',#4232,.T.);
#4563=FACE_BOUND('',#4233,.T.);
#4564=FACE_BOUND('',#4234,.T.);
#4565=FACE_BOUND('',#4235,.T.);
#4566=FACE_BOUND('',#4236,.T.);
#4567=FACE_BOUND('',#4237,.T.);
#4568=FACE_BOUND('',#4238,.T.);
#4569=FACE_BOUND('',#4239,.T.);
#4570=FACE_BOUND('',#4240,.T.);
#4571=FACE_BOUND('',#4241,.T.);
#4572=FACE_BOUND('',#4242,.T.);
#4573=FACE_BOUND('',#4243,.T.);
#4574=FACE_BOUND('',#4244,.T.);
#4575=FACE_BOUND('',#4245,.T.);
#4576=FACE_BOUND('',#4246,.T.);
#4577=FACE_BOUND('',#4247,.T.);
#4578=FACE_BOUND('',#4248,.T.);
#4579=FACE_BOUND('',#4249,.T.);
#4580=FACE_BOUND('',#4250,.T.);
#4581=FACE_BOUND('',#4251,.T.);
#4582=FACE_BOUND('',#4252,.T.);
#4583=FACE_BOUND('',#4253,.T.);
#4584=FACE_BOUND('',#4254,.T.);
#4585=FACE_BOUND('',#4255,.T.);
#4586=FACE_BOUND('',#4256,.T.);
#4587=FACE_BOUND('',#4257,.T.);
#4588=FACE_BOUND('',#4258,.T.);
#4589=FACE_BOUND('',#4259,.T.);
#4590=FACE_BOUND('',#4260,.T.);
#4591=FACE_BOUND('',#4261,.T.);
#4592=FACE_BOUND('',#4262,.T.);
#4593=FACE_BOUND('',#4263,.T.);
#4594=FACE_BOUND('',#4264,.T.);
#4595=FACE_BOUND('',#4265,.T.);
#4596=FACE_BOUND('',#4266,.T.);
#4597=FACE_BOUND('',#4267,.T.);
#4598=FACE_BOUND('',#4268,.T.);
#4599=FACE_BOUND('',#4269,.T.);
#4600=FACE_BOUND('',#4270,.T.);
#4601=FACE_BOUND('',#4271,.T.);
#4602=FACE_BOUND('',#4272,.T.);
#4603=FACE_BOUND('',#4273,.T.);
#4604=FACE_BOUND('',#4274,.T.);
#4605=FACE_BOUND('',#4275,.T.);
#4606=FACE_BOUND('',#4276,.T.);
#4607=FACE_BOUND('',#4277,.T.);
#4608=FACE_BOUND('',#4278,.T.);
#4609=FACE_BOUND('',#4279,.T.);
#4610=FACE_BOUND('',#4280,.T.);
#4611=FACE_BOUND('',#4281,.T.);
#4612=FACE_BOUND('',#4282,.T.);
#4613=FACE_BOUND('',#4283,.T.);
#4614=FACE_BOUND('',#4284,.T.);
#4615=FACE_BOUND('',#4285,.T.);
#4616=FACE_BOUND('',#4286,.T.);
#4617=FACE_BOUND('',#4287,.T.);
#4618=FACE_BOUND('',#4288,.T.);
#4619=FACE_BOUND('',#4289,.T.);
#4620=FACE_BOUND('',#4290,.T.);
#4621=FACE_BOUND('',#4291,.T.);
#4622=FACE_BOUND('',#4292,.T.);
#4623=FACE_BOUND('',#4293,.T.);
#4624=FACE_BOUND('',#4294,.T.);
#4625=FACE_BOUND('',#4295,.T.);
#4626=FACE_BOUND('',#4296,.T.);
#4627=FACE_BOUND('',#4297,.T.);
#4628=FACE_BOUND('',#4298,.T.);
#4629=FACE_BOUND('',#4299,.T.);
#4630=FACE_BOUND('',#4300,.T.);
#4631=FACE_BOUND('',#4301,.T.);
#4632=FACE_BOUND('',#4302,.T.);
#4633=FACE_BOUND('',#4303,.T.);
#4634=FACE_BOUND('',#4304,.T.);
#4635=FACE_BOUND('',#4305,.T.);
#4636=FACE_BOUND('',#4306,.T.);
#4637=FACE_BOUND('',#4307,.T.);
#4638=FACE_BOUND('',#4308,.T.);
#4639=FACE_BOUND('',#4309,.T.);
#4640=FACE_BOUND('',#4310,.T.);
#4641=FACE_BOUND('',#4311,.T.);
#4642=FACE_BOUND('',#4312,.T.);
#4643=FACE_BOUND('',#4313,.T.);
#4644=FACE_BOUND('',#4314,.T.);
#4645=FACE_BOUND('',#4315,.T.);
#4646=FACE_BOUND('',#4316,.T.);
#4647=FACE_BOUND('',#4317,.T.);
#4648=FACE_BOUND('',#4318,.T.);
#4649=FACE_BOUND('',#4319,.T.);
#4650=FACE_BOUND('',#4320,.T.);
#4651=FACE_BOUND('',#4321,.T.);
#4652=FACE_BOUND('',#4322,.T.);
#4653=FACE_BOUND('',#4323,.T.);
#4654=FACE_BOUND('',#4324,.T.);
#4655=FACE_BOUND('',#4325,.T.);
#4656=FACE_BOUND('',#4326,.T.);
#4657=FACE_BOUND('',#4327,.T.);
#4658=FACE_BOUND('',#4328,.T.);
#4659=FACE_BOUND('',#4329,.T.);
#4660=FACE_BOUND('',#4330,.T.);
#4661=FACE_BOUND('',#4331,.T.);
#4662=FACE_BOUND('',#4332,.T.);
#4663=FACE_BOUND('',#4333,.T.);
#4664=FACE_BOUND('',#4334,.T.);
#4665=FACE_BOUND('',#4335,.T.);
#4666=FACE_BOUND('',#4336,.T.);
#4667=FACE_BOUND('',#4337,.T.);
#4668=FACE_BOUND('',#4338,.T.);
#4669=FACE_BOUND('',#4339,.T.);
#4670=FACE_BOUND('',#4340,.T.);
#4671=FACE_BOUND('',#4341,.T.);
#4672=FACE_BOUND('',#4342,.T.);
#4673=FACE_BOUND('',#4343,.T.);
#4674=FACE_BOUND('',#4344,.T.);
#4675=FACE_BOUND('',#4345,.T.);
#4676=FACE_BOUND('',#4346,.T.);
#4677=FACE_BOUND('',#4347,.T.);
#4678=FACE_BOUND('',#4348,.T.);
#4679=FACE_BOUND('',#4349,.T.);
#4680=FACE_BOUND('',#4350,.T.);
#4681=FACE_BOUND('',#4351,.T.);
#4682=FACE_BOUND('',#4352,.T.);
#4683=FACE_BOUND('',#4353,.T.);
#4684=FACE_BOUND('',#4354,.T.);
#4685=FACE_BOUND('',#4355,.T.);
#4686=FACE_BOUND('',#4356,.T.);
#4687=FACE_BOUND('',#4357,.T.);
#4688=FACE_BOUND('',#4358,.T.);
#4689=FACE_BOUND('',#4359,.T.);
#4690=FACE_BOUND('',#4360,.T.);
#4691=FACE_BOUND('',#4361,.T.);
#4692=FACE_BOUND('',#4362,.T.);
#4693=FACE_BOUND('',#4363,.T.);
#4694=FACE_BOUND('',#4364,.T.);
#4695=FACE_BOUND('',#4365,.T.);
#4696=FACE_BOUND('',#4366,.T.);
#4697=FACE_BOUND('',#4367,.T.);
#4698=FACE_BOUND('',#4368,.T.);
#4699=FACE_BOUND('',#4369,.T.);
#4700=FACE_BOUND('',#4370,.T.);
#4701=FACE_BOUND('',#4371,.T.);
#4702=FACE_BOUND('',#4372,.T.);
#4703=FACE_BOUND('',#4373,.T.);
#4704=FACE_BOUND('',#4374,.T.);
#4705=FACE_BOUND('',#4375,.T.);
#4706=FACE_BOUND('',#4376,.T.);
#4707=FACE_BOUND('',#4377,.T.);
#4708=FACE_BOUND('',#4378,.T.);
#4709=FACE_BOUND('',#4379,.T.);
#4710=FACE_BOUND('',#4380,.T.);
#4711=FACE_BOUND('',#4381,.T.);
#4712=FACE_BOUND('',#4382,.T.);
#4713=FACE_BOUND('',#4383,.T.);
#4714=FACE_BOUND('',#4384,.T.);
#4715=FACE_BOUND('',#4385,.T.);
#4716=FACE_BOUND('',#4386,.T.);
#4717=FACE_BOUND('',#4387,.T.);
#4718=FACE_BOUND('',#4388,.T.);
#4719=FACE_BOUND('',#4389,.T.);
#4720=FACE_BOUND('',#4390,.T.);
#4721=FACE_BOUND('',#4391,.T.);
#4722=FACE_BOUND('',#4392,.T.);
#4723=FACE_BOUND('',#4393,.T.);
#4724=FACE_BOUND('',#4394,.T.);
#4725=FACE_BOUND('',#4395,.T.);
#4726=FACE_BOUND('',#4396,.T.);
#4727=FACE_BOUND('',#4397,.T.);
#4728=FACE_BOUND('',#4398,.T.);
#4729=FACE_BOUND('',#4399,.T.);
#4730=FACE_BOUND('',#4400,.T.);
#4731=FACE_BOUND('',#4401,.T.);
#4732=FACE_BOUND('',#4402,.T.);
#4733=FACE_BOUND('',#4403,.T.);
#4734=FACE_BOUND('',#4404,.T.);
#4735=FACE_BOUND('',#4405,.T.);
#4736=FACE_BOUND('',#4406,.T.);
#4737=FACE_BOUND('',#4407,.T.);
#4738=FACE_BOUND('',#4408,.T.);
#4739=FACE_BOUND('',#4409,.T.);
#4740=FACE_BOUND('',#4410,.T.);
#4741=FACE_BOUND('',#4411,.T.);
#4742=FACE_BOUND('',#4412,.T.);
#4743=FACE_BOUND('',#4413,.T.);
#4744=FACE_BOUND('',#4414,.T.);
#4745=FACE_BOUND('',#4415,.T.);
#4746=FACE_BOUND('',#4416,.T.);
#4747=FACE_BOUND('',#4417,.T.);
#4748=FACE_BOUND('',#4418,.T.);
#4749=FACE_BOUND('',#4419,.T.);
#4750=FACE_BOUND('',#4420,.T.);
#4751=FACE_BOUND('',#4421,.T.);
#4752=FACE_BOUND('',#4422,.T.);
#4753=FACE_BOUND('',#4423,.T.);
#4754=FACE_BOUND('',#4424,.T.);
#4755=FACE_BOUND('',#4425,.T.);
#4756=FACE_BOUND('',#4426,.T.);
#4757=FACE_BOUND('',#4427,.T.);
#4758=FACE_BOUND('',#4428,.T.);
#4759=FACE_BOUND('',#4429,.T.);
#4760=FACE_BOUND('',#4430,.T.);
#4761=FACE_BOUND('',#4431,.T.);
#4762=FACE_BOUND('',#4432,.T.);
#4763=FACE_BOUND('',#4433,.T.);
#4764=FACE_BOUND('',#4434,.T.);
#4765=FACE_BOUND('',#4435,.T.);
#4766=FACE_BOUND('',#4436,.T.);
#4767=FACE_BOUND('',#4437,.T.);
#4768=FACE_BOUND('',#4438,.T.);
#4769=FACE_BOUND('',#4439,.T.);
#4770=FACE_BOUND('',#4440,.T.);
#4771=FACE_BOUND('',#4441,.T.);
#4772=FACE_BOUND('',#4442,.T.);
#4773=FACE_BOUND('',#4443,.T.);
#4774=FACE_BOUND('',#4444,.T.);
#4775=FACE_BOUND('',#4445,.T.);
#4776=FACE_BOUND('',#4446,.T.);
#4777=FACE_BOUND('',#4447,.T.);
#4778=FACE_BOUND('',#4448,.T.);
#4779=FACE_BOUND('',#4449,.T.);
#4780=FACE_BOUND('',#4450,.T.);
#4781=FACE_BOUND('',#4451,.T.);
#4782=FACE_BOUND('',#4452,.T.);
#4783=FACE_BOUND('',#4453,.T.);
#4784=FACE_BOUND('',#4454,.T.);
#4785=FACE_BOUND('',#4455,.T.);
#4786=FACE_BOUND('',#4456,.T.);
#4787=FACE_BOUND('',#4457,.T.);
#4788=FACE_BOUND('',#4458,.T.);
#4789=FACE_BOUND('',#4459,.T.);
#4790=FACE_BOUND('',#4460,.T.);
#4791=FACE_BOUND('',#4461,.T.);
#4792=FACE_BOUND('',#4462,.T.);
#4793=FACE_BOUND('',#4463,.T.);
#4794=FACE_BOUND('',#4464,.T.);
#4795=PLANE('',#7520);
#4796=PLANE('',#7521);
#4797=PLANE('',#7522);
#4798=PLANE('',#7523);
#4799=PLANE('',#7528);
#4800=PLANE('',#7529);
#4801=PLANE('',#7542);
#4802=PLANE('',#7543);
#4803=PLANE('',#7552);
#4804=PLANE('',#7553);
#4805=PLANE('',#7554);
#4806=PLANE('',#7555);
#4807=PLANE('',#7572);
#4808=PLANE('',#7573);
#4809=PLANE('',#7574);
#4810=PLANE('',#7575);
#4811=PLANE('',#7576);
#4812=PLANE('',#7585);
#4813=PLANE('',#7586);
#4814=PLANE('',#7587);
#4815=PLANE('',#7588);
#4816=PLANE('',#7589);
#4817=PLANE('',#7590);
#4818=PLANE('',#7591);
#4819=PLANE('',#7592);
#4820=PLANE('',#7593);
#4821=PLANE('',#7610);
#4822=PLANE('',#7611);
#4823=PLANE('',#7612);
#4824=PLANE('',#7613);
#4825=PLANE('',#7614);
#4826=PLANE('',#7615);
#4827=PLANE('',#7619);
#4828=PLANE('',#7620);
#4829=PLANE('',#7621);
#4830=PLANE('',#7622);
#4831=PLANE('',#7624);
#4832=PLANE('',#7625);
#4833=PLANE('',#7626);
#4834=PLANE('',#7627);
#4835=PLANE('',#7628);
#4836=PLANE('',#7629);
#4837=PLANE('',#7630);
#4838=PLANE('',#7631);
#4839=PLANE('',#7632);
#4840=PLANE('',#7633);
#4841=PLANE('',#7634);
#4842=PLANE('',#7635);
#4843=PLANE('',#7636);
#4844=PLANE('',#7637);
#4845=PLANE('',#7638);
#4846=PLANE('',#7639);
#4847=PLANE('',#7640);
#4848=PLANE('',#7641);
#4849=PLANE('',#7642);
#4850=PLANE('',#7643);
#4851=PLANE('',#7644);
#4852=PLANE('',#7645);
#4853=PLANE('',#7646);
#4854=PLANE('',#7647);
#4855=PLANE('',#7648);
#4856=PLANE('',#7649);
#4857=PLANE('',#7650);
#4858=PLANE('',#7651);
#4859=PLANE('',#7652);
#4860=PLANE('',#7653);
#4861=PLANE('',#7654);
#4862=PLANE('',#7655);
#4863=PLANE('',#7656);
#4864=PLANE('',#7657);
#4865=PLANE('',#7658);
#4866=PLANE('',#7659);
#4867=PLANE('',#7660);
#4868=PLANE('',#7661);
#4869=PLANE('',#7662);
#4870=PLANE('',#7663);
#4871=PLANE('',#7664);
#4872=PLANE('',#7665);
#4873=PLANE('',#7666);
#4874=PLANE('',#7667);
#4875=PLANE('',#7668);
#4876=PLANE('',#7669);
#4877=PLANE('',#7670);
#4878=PLANE('',#7671);
#4879=PLANE('',#7672);
#4880=PLANE('',#7673);
#4881=PLANE('',#7674);
#4882=PLANE('',#7675);
#4883=PLANE('',#7676);
#4884=PLANE('',#7677);
#4885=PLANE('',#7678);
#4886=PLANE('',#7679);
#4887=PLANE('',#7680);
#4888=PLANE('',#7681);
#4889=PLANE('',#7682);
#4890=PLANE('',#7683);
#4891=PLANE('',#7684);
#4892=PLANE('',#7685);
#4893=PLANE('',#7686);
#4894=PLANE('',#7687);
#4895=PLANE('',#7688);
#4896=PLANE('',#7689);
#4897=PLANE('',#7690);
#4898=PLANE('',#7691);
#4899=PLANE('',#7692);
#4900=PLANE('',#7693);
#4901=PLANE('',#7694);
#4902=PLANE('',#7695);
#4903=PLANE('',#7696);
#4904=PLANE('',#7697);
#4905=PLANE('',#7698);
#4906=PLANE('',#7699);
#4907=PLANE('',#7700);
#4908=PLANE('',#7701);
#4909=PLANE('',#7702);
#4910=PLANE('',#7703);
#4911=PLANE('',#7704);
#4912=PLANE('',#7705);
#4913=PLANE('',#7706);
#4914=PLANE('',#7707);
#4915=PLANE('',#7708);
#4916=PLANE('',#7709);
#4917=PLANE('',#7710);
#4918=PLANE('',#7711);
#4919=PLANE('',#7712);
#4920=PLANE('',#7713);
#4921=PLANE('',#7714);
#4922=PLANE('',#7715);
#4923=PLANE('',#7716);
#4924=PLANE('',#7717);
#4925=PLANE('',#7718);
#4926=PLANE('',#7719);
#4927=PLANE('',#7720);
#4928=PLANE('',#7721);
#4929=PLANE('',#7722);
#4930=PLANE('',#7723);
#4931=PLANE('',#7724);
#4932=PLANE('',#7725);
#4933=PLANE('',#7726);
#4934=PLANE('',#7727);
#4935=PLANE('',#7728);
#4936=PLANE('',#7729);
#4937=PLANE('',#7730);
#4938=PLANE('',#7731);
#4939=PLANE('',#7732);
#4940=PLANE('',#7733);
#4941=PLANE('',#7734);
#4942=PLANE('',#7735);
#4943=PLANE('',#7736);
#4944=PLANE('',#7737);
#4945=PLANE('',#7738);
#4946=PLANE('',#7739);
#4947=PLANE('',#7740);
#4948=PLANE('',#7741);
#4949=PLANE('',#7742);
#4950=PLANE('',#7743);
#4951=PLANE('',#7744);
#4952=PLANE('',#7745);
#4953=PLANE('',#7746);
#4954=PLANE('',#7747);
#4955=PLANE('',#7748);
#4956=PLANE('',#7749);
#4957=PLANE('',#7750);
#4958=PLANE('',#7751);
#4959=PLANE('',#7752);
#4960=PLANE('',#7753);
#4961=PLANE('',#7754);
#4962=PLANE('',#7755);
#4963=PLANE('',#7756);
#4964=PLANE('',#7757);
#4965=PLANE('',#7758);
#4966=PLANE('',#7759);
#4967=PLANE('',#7760);
#4968=PLANE('',#7761);
#4969=PLANE('',#7762);
#4970=PLANE('',#7763);
#4971=PLANE('',#7764);
#4972=PLANE('',#7765);
#4973=PLANE('',#7766);
#4974=PLANE('',#7767);
#4975=PLANE('',#7768);
#4976=PLANE('',#7769);
#4977=PLANE('',#7770);
#4978=PLANE('',#7771);
#4979=PLANE('',#7772);
#4980=PLANE('',#7773);
#4981=PLANE('',#7774);
#4982=PLANE('',#7775);
#4983=PLANE('',#7776);
#4984=PLANE('',#7777);
#4985=PLANE('',#7778);
#4986=PLANE('',#7779);
#4987=PLANE('',#7780);
#4988=PLANE('',#7781);
#4989=PLANE('',#7782);
#4990=PLANE('',#7783);
#4991=PLANE('',#7784);
#4992=PLANE('',#7785);
#4993=PLANE('',#7786);
#4994=PLANE('',#7787);
#4995=PLANE('',#7788);
#4996=PLANE('',#7789);
#4997=PLANE('',#7790);
#4998=PLANE('',#7791);
#4999=PLANE('',#7792);
#5000=PLANE('',#7793);
#5001=PLANE('',#7794);
#5002=PLANE('',#7795);
#5003=PLANE('',#7796);
#5004=PLANE('',#7797);
#5005=PLANE('',#7798);
#5006=PLANE('',#7799);
#5007=PLANE('',#7800);
#5008=PLANE('',#7801);
#5009=PLANE('',#7802);
#5010=PLANE('',#7803);
#5011=PLANE('',#7804);
#5012=PLANE('',#7805);
#5013=PLANE('',#7806);
#5014=PLANE('',#7807);
#5015=PLANE('',#7808);
#5016=PLANE('',#7809);
#5017=PLANE('',#7810);
#5018=PLANE('',#7811);
#5019=PLANE('',#7812);
#5020=PLANE('',#7813);
#5021=PLANE('',#7814);
#5022=PLANE('',#7815);
#5023=PLANE('',#7816);
#5024=PLANE('',#7817);
#5025=PLANE('',#7818);
#5026=PLANE('',#7819);
#5027=PLANE('',#7820);
#5028=PLANE('',#7821);
#5029=PLANE('',#7822);
#5030=PLANE('',#7823);
#5031=PLANE('',#7824);
#5032=PLANE('',#7825);
#5033=PLANE('',#7826);
#5034=PLANE('',#7827);
#5035=STYLED_ITEM('',(#5342),#7188);
#5036=STYLED_ITEM('',(#5343),#7189);
#5037=STYLED_ITEM('',(#5344),#7190);
#5038=STYLED_ITEM('',(#5345),#7191);
#5039=STYLED_ITEM('',(#5346),#7192);
#5040=STYLED_ITEM('',(#5347),#7193);
#5041=STYLED_ITEM('',(#5348),#7194);
#5042=STYLED_ITEM('',(#5349),#7195);
#5043=STYLED_ITEM('',(#5350),#7196);
#5044=STYLED_ITEM('',(#5351),#7197);
#5045=STYLED_ITEM('',(#5352),#7198);
#5046=STYLED_ITEM('',(#5353),#7199);
#5047=STYLED_ITEM('',(#5354),#7200);
#5048=STYLED_ITEM('',(#5355),#7201);
#5049=STYLED_ITEM('',(#5356),#7202);
#5050=STYLED_ITEM('',(#5357),#7203);
#5051=STYLED_ITEM('',(#5358),#7204);
#5052=STYLED_ITEM('',(#5359),#7205);
#5053=STYLED_ITEM('',(#5360),#7206);
#5054=STYLED_ITEM('',(#5361),#7207);
#5055=STYLED_ITEM('',(#5362),#7208);
#5056=STYLED_ITEM('',(#5363),#7209);
#5057=STYLED_ITEM('',(#5364),#7210);
#5058=STYLED_ITEM('',(#5365),#7211);
#5059=STYLED_ITEM('',(#5366),#7212);
#5060=STYLED_ITEM('',(#5367),#7213);
#5061=STYLED_ITEM('',(#5368),#7214);
#5062=STYLED_ITEM('',(#5369),#7215);
#5063=STYLED_ITEM('',(#5370),#7216);
#5064=STYLED_ITEM('',(#5371),#7217);
#5065=STYLED_ITEM('',(#5372),#7218);
#5066=STYLED_ITEM('',(#5373),#7219);
#5067=STYLED_ITEM('',(#5374),#7220);
#5068=STYLED_ITEM('',(#5375),#7221);
#5069=STYLED_ITEM('',(#5376),#7222);
#5070=STYLED_ITEM('',(#5377),#7223);
#5071=STYLED_ITEM('',(#5378),#7224);
#5072=STYLED_ITEM('',(#5379),#7225);
#5073=STYLED_ITEM('',(#5380),#7226);
#5074=STYLED_ITEM('',(#5381),#7227);
#5075=STYLED_ITEM('',(#5382),#7228);
#5076=STYLED_ITEM('',(#5383),#7229);
#5077=STYLED_ITEM('',(#5384),#7230);
#5078=STYLED_ITEM('',(#5385),#7231);
#5079=STYLED_ITEM('',(#5386),#7232);
#5080=STYLED_ITEM('',(#5387),#7233);
#5081=STYLED_ITEM('',(#5388),#7234);
#5082=STYLED_ITEM('',(#5389),#7235);
#5083=STYLED_ITEM('',(#5390),#7236);
#5084=STYLED_ITEM('',(#5391),#7237);
#5085=STYLED_ITEM('',(#5392),#7238);
#5086=STYLED_ITEM('',(#5393),#7239);
#5087=STYLED_ITEM('',(#5394),#7240);
#5088=STYLED_ITEM('',(#5395),#7241);
#5089=STYLED_ITEM('',(#5396),#7242);
#5090=STYLED_ITEM('',(#5397),#7243);
#5091=STYLED_ITEM('',(#5398),#7244);
#5092=STYLED_ITEM('',(#5399),#7245);
#5093=STYLED_ITEM('',(#5400),#7246);
#5094=STYLED_ITEM('',(#5401),#7247);
#5095=STYLED_ITEM('',(#5402),#7248);
#5096=STYLED_ITEM('',(#5403),#7249);
#5097=STYLED_ITEM('',(#5404),#7250);
#5098=STYLED_ITEM('',(#5405),#7251);
#5099=STYLED_ITEM('',(#5406),#7252);
#5100=STYLED_ITEM('',(#5407),#7253);
#5101=STYLED_ITEM('',(#5408),#7254);
#5102=STYLED_ITEM('',(#5409),#7255);
#5103=STYLED_ITEM('',(#5410),#7256);
#5104=STYLED_ITEM('',(#5411),#7257);
#5105=STYLED_ITEM('',(#5412),#7258);
#5106=STYLED_ITEM('',(#5413),#7259);
#5107=STYLED_ITEM('',(#5414),#7260);
#5108=STYLED_ITEM('',(#5415),#7261);
#5109=STYLED_ITEM('',(#5416),#7262);
#5110=STYLED_ITEM('',(#5417),#7263);
#5111=STYLED_ITEM('',(#5418),#7264);
#5112=STYLED_ITEM('',(#5419),#7265);
#5113=STYLED_ITEM('',(#5420),#7266);
#5114=STYLED_ITEM('',(#5421),#7267);
#5115=STYLED_ITEM('',(#5422),#7268);
#5116=STYLED_ITEM('',(#5423),#7269);
#5117=STYLED_ITEM('',(#5424),#7270);
#5118=STYLED_ITEM('',(#5425),#7271);
#5119=STYLED_ITEM('',(#5426),#7272);
#5120=STYLED_ITEM('',(#5427),#7273);
#5121=STYLED_ITEM('',(#5428),#7274);
#5122=STYLED_ITEM('',(#5429),#7275);
#5123=STYLED_ITEM('',(#5430),#7276);
#5124=STYLED_ITEM('',(#5431),#7277);
#5125=STYLED_ITEM('',(#5432),#7278);
#5126=STYLED_ITEM('',(#5433),#7279);
#5127=STYLED_ITEM('',(#5434),#7280);
#5128=STYLED_ITEM('',(#5435),#7281);
#5129=STYLED_ITEM('',(#5436),#7282);
#5130=STYLED_ITEM('',(#5437),#7283);
#5131=STYLED_ITEM('',(#5438),#7284);
#5132=STYLED_ITEM('',(#5439),#7285);
#5133=STYLED_ITEM('',(#5440),#7286);
#5134=STYLED_ITEM('',(#5441),#7287);
#5135=STYLED_ITEM('',(#5442),#7288);
#5136=STYLED_ITEM('',(#5443),#7289);
#5137=STYLED_ITEM('',(#5444),#7290);
#5138=STYLED_ITEM('',(#5445),#7291);
#5139=STYLED_ITEM('',(#5446),#7292);
#5140=STYLED_ITEM('',(#5447),#7293);
#5141=STYLED_ITEM('',(#5448),#7294);
#5142=STYLED_ITEM('',(#5449),#7295);
#5143=STYLED_ITEM('',(#5450),#7296);
#5144=STYLED_ITEM('',(#5451),#7297);
#5145=STYLED_ITEM('',(#5452),#7298);
#5146=STYLED_ITEM('',(#5453),#7299);
#5147=STYLED_ITEM('',(#5454),#7300);
#5148=STYLED_ITEM('',(#5455),#7301);
#5149=STYLED_ITEM('',(#5456),#7302);
#5150=STYLED_ITEM('',(#5457),#7303);
#5151=STYLED_ITEM('',(#5458),#7304);
#5152=STYLED_ITEM('',(#5459),#7305);
#5153=STYLED_ITEM('',(#5460),#7306);
#5154=STYLED_ITEM('',(#5461),#7307);
#5155=STYLED_ITEM('',(#5462),#7308);
#5156=STYLED_ITEM('',(#5463),#7309);
#5157=STYLED_ITEM('',(#5464),#7310);
#5158=STYLED_ITEM('',(#5465),#7311);
#5159=STYLED_ITEM('',(#5466),#7312);
#5160=STYLED_ITEM('',(#5467),#7313);
#5161=STYLED_ITEM('',(#5468),#7314);
#5162=STYLED_ITEM('',(#5469),#7315);
#5163=STYLED_ITEM('',(#5470),#7316);
#5164=STYLED_ITEM('',(#5471),#7317);
#5165=STYLED_ITEM('',(#5472),#7318);
#5166=STYLED_ITEM('',(#5473),#7319);
#5167=STYLED_ITEM('',(#5474),#7320);
#5168=STYLED_ITEM('',(#5475),#7321);
#5169=STYLED_ITEM('',(#5476),#7322);
#5170=STYLED_ITEM('',(#5477),#7323);
#5171=STYLED_ITEM('',(#5478),#7324);
#5172=STYLED_ITEM('',(#5479),#7325);
#5173=STYLED_ITEM('',(#5480),#7326);
#5174=STYLED_ITEM('',(#5481),#7327);
#5175=STYLED_ITEM('',(#5482),#7328);
#5176=STYLED_ITEM('',(#5483),#7329);
#5177=STYLED_ITEM('',(#5484),#7330);
#5178=STYLED_ITEM('',(#5485),#7331);
#5179=STYLED_ITEM('',(#5486),#7332);
#5180=STYLED_ITEM('',(#5487),#7333);
#5181=STYLED_ITEM('',(#5488),#7334);
#5182=STYLED_ITEM('',(#5489),#7335);
#5183=STYLED_ITEM('',(#5490),#7336);
#5184=STYLED_ITEM('',(#5491),#7337);
#5185=STYLED_ITEM('',(#5492),#7338);
#5186=STYLED_ITEM('',(#5493),#7339);
#5187=STYLED_ITEM('',(#5494),#7340);
#5188=STYLED_ITEM('',(#5495),#7341);
#5189=STYLED_ITEM('',(#5496),#7342);
#5190=STYLED_ITEM('',(#5497),#7343);
#5191=STYLED_ITEM('',(#5498),#7344);
#5192=STYLED_ITEM('',(#5499),#7345);
#5193=STYLED_ITEM('',(#5500),#7346);
#5194=STYLED_ITEM('',(#5501),#7347);
#5195=STYLED_ITEM('',(#5502),#7348);
#5196=STYLED_ITEM('',(#5503),#7349);
#5197=STYLED_ITEM('',(#5504),#7350);
#5198=STYLED_ITEM('',(#5505),#7351);
#5199=STYLED_ITEM('',(#5506),#7352);
#5200=STYLED_ITEM('',(#5507),#7353);
#5201=STYLED_ITEM('',(#5508),#7354);
#5202=STYLED_ITEM('',(#5509),#7355);
#5203=STYLED_ITEM('',(#5510),#7356);
#5204=STYLED_ITEM('',(#5511),#7357);
#5205=STYLED_ITEM('',(#5512),#7358);
#5206=STYLED_ITEM('',(#5513),#7359);
#5207=STYLED_ITEM('',(#5514),#7360);
#5208=STYLED_ITEM('',(#5515),#7361);
#5209=STYLED_ITEM('',(#5516),#7362);
#5210=STYLED_ITEM('',(#5517),#7363);
#5211=STYLED_ITEM('',(#5518),#7364);
#5212=STYLED_ITEM('',(#5519),#7365);
#5213=STYLED_ITEM('',(#5520),#7366);
#5214=STYLED_ITEM('',(#5521),#7367);
#5215=STYLED_ITEM('',(#5522),#7368);
#5216=STYLED_ITEM('',(#5523),#7369);
#5217=STYLED_ITEM('',(#5524),#7370);
#5218=STYLED_ITEM('',(#5525),#7371);
#5219=STYLED_ITEM('',(#5526),#7372);
#5220=STYLED_ITEM('',(#5527),#7373);
#5221=STYLED_ITEM('',(#5528),#7374);
#5222=STYLED_ITEM('',(#5529),#7375);
#5223=STYLED_ITEM('',(#5530),#7376);
#5224=STYLED_ITEM('',(#5531),#7377);
#5225=STYLED_ITEM('',(#5532),#7378);
#5226=STYLED_ITEM('',(#5533),#7379);
#5227=STYLED_ITEM('',(#5534),#7380);
#5228=STYLED_ITEM('',(#5535),#7381);
#5229=STYLED_ITEM('',(#5536),#7382);
#5230=STYLED_ITEM('',(#5537),#7383);
#5231=STYLED_ITEM('',(#5538),#7384);
#5232=STYLED_ITEM('',(#5539),#7385);
#5233=STYLED_ITEM('',(#5540),#7386);
#5234=STYLED_ITEM('',(#5541),#7387);
#5235=STYLED_ITEM('',(#5542),#7388);
#5236=STYLED_ITEM('',(#5543),#7389);
#5237=STYLED_ITEM('',(#5544),#7390);
#5238=STYLED_ITEM('',(#5545),#7391);
#5239=STYLED_ITEM('',(#5546),#7392);
#5240=STYLED_ITEM('',(#5547),#7393);
#5241=STYLED_ITEM('',(#5548),#7394);
#5242=STYLED_ITEM('',(#5549),#7395);
#5243=STYLED_ITEM('',(#5550),#7396);
#5244=STYLED_ITEM('',(#5551),#7397);
#5245=STYLED_ITEM('',(#5552),#7398);
#5246=STYLED_ITEM('',(#5553),#7399);
#5247=STYLED_ITEM('',(#5554),#7400);
#5248=STYLED_ITEM('',(#5555),#7401);
#5249=STYLED_ITEM('',(#5556),#7402);
#5250=STYLED_ITEM('',(#5557),#7403);
#5251=STYLED_ITEM('',(#5558),#7404);
#5252=STYLED_ITEM('',(#5559),#7405);
#5253=STYLED_ITEM('',(#5560),#7406);
#5254=STYLED_ITEM('',(#5561),#7407);
#5255=STYLED_ITEM('',(#5562),#7408);
#5256=STYLED_ITEM('',(#5563),#7409);
#5257=STYLED_ITEM('',(#5564),#7410);
#5258=STYLED_ITEM('',(#5565),#7411);
#5259=STYLED_ITEM('',(#5566),#7412);
#5260=STYLED_ITEM('',(#5567),#7413);
#5261=STYLED_ITEM('',(#5568),#7414);
#5262=STYLED_ITEM('',(#5569),#7415);
#5263=STYLED_ITEM('',(#5570),#7416);
#5264=STYLED_ITEM('',(#5571),#7417);
#5265=STYLED_ITEM('',(#5572),#7418);
#5266=STYLED_ITEM('',(#5573),#7419);
#5267=STYLED_ITEM('',(#5574),#7420);
#5268=STYLED_ITEM('',(#5575),#7421);
#5269=STYLED_ITEM('',(#5576),#7422);
#5270=STYLED_ITEM('',(#5577),#7423);
#5271=STYLED_ITEM('',(#5578),#7424);
#5272=STYLED_ITEM('',(#5579),#7425);
#5273=STYLED_ITEM('',(#5580),#7426);
#5274=STYLED_ITEM('',(#5581),#7427);
#5275=STYLED_ITEM('',(#5582),#7428);
#5276=STYLED_ITEM('',(#5583),#7429);
#5277=STYLED_ITEM('',(#5584),#7430);
#5278=STYLED_ITEM('',(#5585),#7431);
#5279=STYLED_ITEM('',(#5586),#7432);
#5280=STYLED_ITEM('',(#5587),#7433);
#5281=STYLED_ITEM('',(#5588),#7434);
#5282=STYLED_ITEM('',(#5589),#7435);
#5283=STYLED_ITEM('',(#5590),#7436);
#5284=STYLED_ITEM('',(#5591),#7437);
#5285=STYLED_ITEM('',(#5592),#7438);
#5286=STYLED_ITEM('',(#5593),#7439);
#5287=STYLED_ITEM('',(#5594),#7440);
#5288=STYLED_ITEM('',(#5595),#7441);
#5289=STYLED_ITEM('',(#5596),#7442);
#5290=STYLED_ITEM('',(#5597),#7443);
#5291=STYLED_ITEM('',(#5598),#7444);
#5292=STYLED_ITEM('',(#5599),#7445);
#5293=STYLED_ITEM('',(#5600),#7446);
#5294=STYLED_ITEM('',(#5601),#7447);
#5295=STYLED_ITEM('',(#5602),#7448);
#5296=STYLED_ITEM('',(#5603),#7449);
#5297=STYLED_ITEM('',(#5604),#7450);
#5298=STYLED_ITEM('',(#5605),#7451);
#5299=STYLED_ITEM('',(#5606),#7452);
#5300=STYLED_ITEM('',(#5607),#7453);
#5301=STYLED_ITEM('',(#5608),#7454);
#5302=STYLED_ITEM('',(#5609),#7455);
#5303=STYLED_ITEM('',(#5610),#7456);
#5304=STYLED_ITEM('',(#5611),#7457);
#5305=STYLED_ITEM('',(#5612),#7458);
#5306=STYLED_ITEM('',(#5613),#7459);
#5307=STYLED_ITEM('',(#5614),#7460);
#5308=STYLED_ITEM('',(#5615),#7461);
#5309=STYLED_ITEM('',(#5616),#7462);
#5310=STYLED_ITEM('',(#5617),#7463);
#5311=STYLED_ITEM('',(#5618),#7464);
#5312=STYLED_ITEM('',(#5619),#7465);
#5313=STYLED_ITEM('',(#5620),#7466);
#5314=STYLED_ITEM('',(#5621),#7467);
#5315=STYLED_ITEM('',(#5622),#7468);
#5316=STYLED_ITEM('',(#5623),#7469);
#5317=STYLED_ITEM('',(#5624),#7470);
#5318=STYLED_ITEM('',(#5625),#7471);
#5319=STYLED_ITEM('',(#5626),#7472);
#5320=STYLED_ITEM('',(#5627),#7473);
#5321=STYLED_ITEM('',(#5628),#7474);
#5322=STYLED_ITEM('',(#5629),#7475);
#5323=STYLED_ITEM('',(#5630),#7476);
#5324=STYLED_ITEM('',(#5631),#7477);
#5325=STYLED_ITEM('',(#5632),#7478);
#5326=STYLED_ITEM('',(#5633),#7479);
#5327=STYLED_ITEM('',(#5634),#7480);
#5328=STYLED_ITEM('',(#5635),#7481);
#5329=STYLED_ITEM('',(#5636),#7482);
#5330=STYLED_ITEM('',(#5637),#7483);
#5331=STYLED_ITEM('',(#5638),#7484);
#5332=STYLED_ITEM('',(#5639),#7485);
#5333=STYLED_ITEM('',(#5640),#7486);
#5334=STYLED_ITEM('',(#5641),#7487);
#5335=STYLED_ITEM('',(#5642),#7488);
#5336=STYLED_ITEM('',(#5643),#7489);
#5337=STYLED_ITEM('',(#5644),#7490);
#5338=STYLED_ITEM('',(#5645),#7491);
#5339=STYLED_ITEM('',(#5646),#7492);
#5340=STYLED_ITEM('',(#5647),#7493);
#5341=STYLED_ITEM('',(#5648),#7494);
#5342=PRESENTATION_STYLE_ASSIGNMENT((#5649));
#5343=PRESENTATION_STYLE_ASSIGNMENT((#5650));
#5344=PRESENTATION_STYLE_ASSIGNMENT((#5651));
#5345=PRESENTATION_STYLE_ASSIGNMENT((#5652));
#5346=PRESENTATION_STYLE_ASSIGNMENT((#5653));
#5347=PRESENTATION_STYLE_ASSIGNMENT((#5654));
#5348=PRESENTATION_STYLE_ASSIGNMENT((#5655));
#5349=PRESENTATION_STYLE_ASSIGNMENT((#5656));
#5350=PRESENTATION_STYLE_ASSIGNMENT((#5657));
#5351=PRESENTATION_STYLE_ASSIGNMENT((#5658));
#5352=PRESENTATION_STYLE_ASSIGNMENT((#5659));
#5353=PRESENTATION_STYLE_ASSIGNMENT((#5660));
#5354=PRESENTATION_STYLE_ASSIGNMENT((#5661));
#5355=PRESENTATION_STYLE_ASSIGNMENT((#5662));
#5356=PRESENTATION_STYLE_ASSIGNMENT((#5663));
#5357=PRESENTATION_STYLE_ASSIGNMENT((#5664));
#5358=PRESENTATION_STYLE_ASSIGNMENT((#5665));
#5359=PRESENTATION_STYLE_ASSIGNMENT((#5666));
#5360=PRESENTATION_STYLE_ASSIGNMENT((#5667));
#5361=PRESENTATION_STYLE_ASSIGNMENT((#5668));
#5362=PRESENTATION_STYLE_ASSIGNMENT((#5669));
#5363=PRESENTATION_STYLE_ASSIGNMENT((#5670));
#5364=PRESENTATION_STYLE_ASSIGNMENT((#5671));
#5365=PRESENTATION_STYLE_ASSIGNMENT((#5672));
#5366=PRESENTATION_STYLE_ASSIGNMENT((#5673));
#5367=PRESENTATION_STYLE_ASSIGNMENT((#5674));
#5368=PRESENTATION_STYLE_ASSIGNMENT((#5675));
#5369=PRESENTATION_STYLE_ASSIGNMENT((#5676));
#5370=PRESENTATION_STYLE_ASSIGNMENT((#5677));
#5371=PRESENTATION_STYLE_ASSIGNMENT((#5678));
#5372=PRESENTATION_STYLE_ASSIGNMENT((#5679));
#5373=PRESENTATION_STYLE_ASSIGNMENT((#5680));
#5374=PRESENTATION_STYLE_ASSIGNMENT((#5681));
#5375=PRESENTATION_STYLE_ASSIGNMENT((#5682));
#5376=PRESENTATION_STYLE_ASSIGNMENT((#5683));
#5377=PRESENTATION_STYLE_ASSIGNMENT((#5684));
#5378=PRESENTATION_STYLE_ASSIGNMENT((#5685));
#5379=PRESENTATION_STYLE_ASSIGNMENT((#5686));
#5380=PRESENTATION_STYLE_ASSIGNMENT((#5687));
#5381=PRESENTATION_STYLE_ASSIGNMENT((#5688));
#5382=PRESENTATION_STYLE_ASSIGNMENT((#5689));
#5383=PRESENTATION_STYLE_ASSIGNMENT((#5690));
#5384=PRESENTATION_STYLE_ASSIGNMENT((#5691));
#5385=PRESENTATION_STYLE_ASSIGNMENT((#5692));
#5386=PRESENTATION_STYLE_ASSIGNMENT((#5693));
#5387=PRESENTATION_STYLE_ASSIGNMENT((#5694));
#5388=PRESENTATION_STYLE_ASSIGNMENT((#5695));
#5389=PRESENTATION_STYLE_ASSIGNMENT((#5696));
#5390=PRESENTATION_STYLE_ASSIGNMENT((#5697));
#5391=PRESENTATION_STYLE_ASSIGNMENT((#5698));
#5392=PRESENTATION_STYLE_ASSIGNMENT((#5699));
#5393=PRESENTATION_STYLE_ASSIGNMENT((#5700));
#5394=PRESENTATION_STYLE_ASSIGNMENT((#5701));
#5395=PRESENTATION_STYLE_ASSIGNMENT((#5702));
#5396=PRESENTATION_STYLE_ASSIGNMENT((#5703));
#5397=PRESENTATION_STYLE_ASSIGNMENT((#5704));
#5398=PRESENTATION_STYLE_ASSIGNMENT((#5705));
#5399=PRESENTATION_STYLE_ASSIGNMENT((#5706));
#5400=PRESENTATION_STYLE_ASSIGNMENT((#5707));
#5401=PRESENTATION_STYLE_ASSIGNMENT((#5708));
#5402=PRESENTATION_STYLE_ASSIGNMENT((#5709));
#5403=PRESENTATION_STYLE_ASSIGNMENT((#5710));
#5404=PRESENTATION_STYLE_ASSIGNMENT((#5711));
#5405=PRESENTATION_STYLE_ASSIGNMENT((#5712));
#5406=PRESENTATION_STYLE_ASSIGNMENT((#5713));
#5407=PRESENTATION_STYLE_ASSIGNMENT((#5714));
#5408=PRESENTATION_STYLE_ASSIGNMENT((#5715));
#5409=PRESENTATION_STYLE_ASSIGNMENT((#5716));
#5410=PRESENTATION_STYLE_ASSIGNMENT((#5717));
#5411=PRESENTATION_STYLE_ASSIGNMENT((#5718));
#5412=PRESENTATION_STYLE_ASSIGNMENT((#5719));
#5413=PRESENTATION_STYLE_ASSIGNMENT((#5720));
#5414=PRESENTATION_STYLE_ASSIGNMENT((#5721));
#5415=PRESENTATION_STYLE_ASSIGNMENT((#5722));
#5416=PRESENTATION_STYLE_ASSIGNMENT((#5723));
#5417=PRESENTATION_STYLE_ASSIGNMENT((#5724));
#5418=PRESENTATION_STYLE_ASSIGNMENT((#5725));
#5419=PRESENTATION_STYLE_ASSIGNMENT((#5726));
#5420=PRESENTATION_STYLE_ASSIGNMENT((#5727));
#5421=PRESENTATION_STYLE_ASSIGNMENT((#5728));
#5422=PRESENTATION_STYLE_ASSIGNMENT((#5729));
#5423=PRESENTATION_STYLE_ASSIGNMENT((#5730));
#5424=PRESENTATION_STYLE_ASSIGNMENT((#5731));
#5425=PRESENTATION_STYLE_ASSIGNMENT((#5732));
#5426=PRESENTATION_STYLE_ASSIGNMENT((#5733));
#5427=PRESENTATION_STYLE_ASSIGNMENT((#5734));
#5428=PRESENTATION_STYLE_ASSIGNMENT((#5735));
#5429=PRESENTATION_STYLE_ASSIGNMENT((#5736));
#5430=PRESENTATION_STYLE_ASSIGNMENT((#5737));
#5431=PRESENTATION_STYLE_ASSIGNMENT((#5738));
#5432=PRESENTATION_STYLE_ASSIGNMENT((#5739));
#5433=PRESENTATION_STYLE_ASSIGNMENT((#5740));
#5434=PRESENTATION_STYLE_ASSIGNMENT((#5741));
#5435=PRESENTATION_STYLE_ASSIGNMENT((#5742));
#5436=PRESENTATION_STYLE_ASSIGNMENT((#5743));
#5437=PRESENTATION_STYLE_ASSIGNMENT((#5744));
#5438=PRESENTATION_STYLE_ASSIGNMENT((#5745));
#5439=PRESENTATION_STYLE_ASSIGNMENT((#5746));
#5440=PRESENTATION_STYLE_ASSIGNMENT((#5747));
#5441=PRESENTATION_STYLE_ASSIGNMENT((#5748));
#5442=PRESENTATION_STYLE_ASSIGNMENT((#5749));
#5443=PRESENTATION_STYLE_ASSIGNMENT((#5750));
#5444=PRESENTATION_STYLE_ASSIGNMENT((#5751));
#5445=PRESENTATION_STYLE_ASSIGNMENT((#5752));
#5446=PRESENTATION_STYLE_ASSIGNMENT((#5753));
#5447=PRESENTATION_STYLE_ASSIGNMENT((#5754));
#5448=PRESENTATION_STYLE_ASSIGNMENT((#5755));
#5449=PRESENTATION_STYLE_ASSIGNMENT((#5756));
#5450=PRESENTATION_STYLE_ASSIGNMENT((#5757));
#5451=PRESENTATION_STYLE_ASSIGNMENT((#5758));
#5452=PRESENTATION_STYLE_ASSIGNMENT((#5759));
#5453=PRESENTATION_STYLE_ASSIGNMENT((#5760));
#5454=PRESENTATION_STYLE_ASSIGNMENT((#5761));
#5455=PRESENTATION_STYLE_ASSIGNMENT((#5762));
#5456=PRESENTATION_STYLE_ASSIGNMENT((#5763));
#5457=PRESENTATION_STYLE_ASSIGNMENT((#5764));
#5458=PRESENTATION_STYLE_ASSIGNMENT((#5765));
#5459=PRESENTATION_STYLE_ASSIGNMENT((#5766));
#5460=PRESENTATION_STYLE_ASSIGNMENT((#5767));
#5461=PRESENTATION_STYLE_ASSIGNMENT((#5768));
#5462=PRESENTATION_STYLE_ASSIGNMENT((#5769));
#5463=PRESENTATION_STYLE_ASSIGNMENT((#5770));
#5464=PRESENTATION_STYLE_ASSIGNMENT((#5771));
#5465=PRESENTATION_STYLE_ASSIGNMENT((#5772));
#5466=PRESENTATION_STYLE_ASSIGNMENT((#5773));
#5467=PRESENTATION_STYLE_ASSIGNMENT((#5774));
#5468=PRESENTATION_STYLE_ASSIGNMENT((#5775));
#5469=PRESENTATION_STYLE_ASSIGNMENT((#5776));
#5470=PRESENTATION_STYLE_ASSIGNMENT((#5777));
#5471=PRESENTATION_STYLE_ASSIGNMENT((#5778));
#5472=PRESENTATION_STYLE_ASSIGNMENT((#5779));
#5473=PRESENTATION_STYLE_ASSIGNMENT((#5780));
#5474=PRESENTATION_STYLE_ASSIGNMENT((#5781));
#5475=PRESENTATION_STYLE_ASSIGNMENT((#5782));
#5476=PRESENTATION_STYLE_ASSIGNMENT((#5783));
#5477=PRESENTATION_STYLE_ASSIGNMENT((#5784));
#5478=PRESENTATION_STYLE_ASSIGNMENT((#5785));
#5479=PRESENTATION_STYLE_ASSIGNMENT((#5786));
#5480=PRESENTATION_STYLE_ASSIGNMENT((#5787));
#5481=PRESENTATION_STYLE_ASSIGNMENT((#5788));
#5482=PRESENTATION_STYLE_ASSIGNMENT((#5789));
#5483=PRESENTATION_STYLE_ASSIGNMENT((#5790));
#5484=PRESENTATION_STYLE_ASSIGNMENT((#5791));
#5485=PRESENTATION_STYLE_ASSIGNMENT((#5792));
#5486=PRESENTATION_STYLE_ASSIGNMENT((#5793));
#5487=PRESENTATION_STYLE_ASSIGNMENT((#5794));
#5488=PRESENTATION_STYLE_ASSIGNMENT((#5795));
#5489=PRESENTATION_STYLE_ASSIGNMENT((#5796));
#5490=PRESENTATION_STYLE_ASSIGNMENT((#5797));
#5491=PRESENTATION_STYLE_ASSIGNMENT((#5798));
#5492=PRESENTATION_STYLE_ASSIGNMENT((#5799));
#5493=PRESENTATION_STYLE_ASSIGNMENT((#5800));
#5494=PRESENTATION_STYLE_ASSIGNMENT((#5801));
#5495=PRESENTATION_STYLE_ASSIGNMENT((#5802));
#5496=PRESENTATION_STYLE_ASSIGNMENT((#5803));
#5497=PRESENTATION_STYLE_ASSIGNMENT((#5804));
#5498=PRESENTATION_STYLE_ASSIGNMENT((#5805));
#5499=PRESENTATION_STYLE_ASSIGNMENT((#5806));
#5500=PRESENTATION_STYLE_ASSIGNMENT((#5807));
#5501=PRESENTATION_STYLE_ASSIGNMENT((#5808));
#5502=PRESENTATION_STYLE_ASSIGNMENT((#5809));
#5503=PRESENTATION_STYLE_ASSIGNMENT((#5810));
#5504=PRESENTATION_STYLE_ASSIGNMENT((#5811));
#5505=PRESENTATION_STYLE_ASSIGNMENT((#5812));
#5506=PRESENTATION_STYLE_ASSIGNMENT((#5813));
#5507=PRESENTATION_STYLE_ASSIGNMENT((#5814));
#5508=PRESENTATION_STYLE_ASSIGNMENT((#5815));
#5509=PRESENTATION_STYLE_ASSIGNMENT((#5816));
#5510=PRESENTATION_STYLE_ASSIGNMENT((#5817));
#5511=PRESENTATION_STYLE_ASSIGNMENT((#5818));
#5512=PRESENTATION_STYLE_ASSIGNMENT((#5819));
#5513=PRESENTATION_STYLE_ASSIGNMENT((#5820));
#5514=PRESENTATION_STYLE_ASSIGNMENT((#5821));
#5515=PRESENTATION_STYLE_ASSIGNMENT((#5822));
#5516=PRESENTATION_STYLE_ASSIGNMENT((#5823));
#5517=PRESENTATION_STYLE_ASSIGNMENT((#5824));
#5518=PRESENTATION_STYLE_ASSIGNMENT((#5825));
#5519=PRESENTATION_STYLE_ASSIGNMENT((#5826));
#5520=PRESENTATION_STYLE_ASSIGNMENT((#5827));
#5521=PRESENTATION_STYLE_ASSIGNMENT((#5828));
#5522=PRESENTATION_STYLE_ASSIGNMENT((#5829));
#5523=PRESENTATION_STYLE_ASSIGNMENT((#5830));
#5524=PRESENTATION_STYLE_ASSIGNMENT((#5831));
#5525=PRESENTATION_STYLE_ASSIGNMENT((#5832));
#5526=PRESENTATION_STYLE_ASSIGNMENT((#5833));
#5527=PRESENTATION_STYLE_ASSIGNMENT((#5834));
#5528=PRESENTATION_STYLE_ASSIGNMENT((#5835));
#5529=PRESENTATION_STYLE_ASSIGNMENT((#5836));
#5530=PRESENTATION_STYLE_ASSIGNMENT((#5837));
#5531=PRESENTATION_STYLE_ASSIGNMENT((#5838));
#5532=PRESENTATION_STYLE_ASSIGNMENT((#5839));
#5533=PRESENTATION_STYLE_ASSIGNMENT((#5840));
#5534=PRESENTATION_STYLE_ASSIGNMENT((#5841));
#5535=PRESENTATION_STYLE_ASSIGNMENT((#5842));
#5536=PRESENTATION_STYLE_ASSIGNMENT((#5843));
#5537=PRESENTATION_STYLE_ASSIGNMENT((#5844));
#5538=PRESENTATION_STYLE_ASSIGNMENT((#5845));
#5539=PRESENTATION_STYLE_ASSIGNMENT((#5846));
#5540=PRESENTATION_STYLE_ASSIGNMENT((#5847));
#5541=PRESENTATION_STYLE_ASSIGNMENT((#5848));
#5542=PRESENTATION_STYLE_ASSIGNMENT((#5849));
#5543=PRESENTATION_STYLE_ASSIGNMENT((#5850));
#5544=PRESENTATION_STYLE_ASSIGNMENT((#5851));
#5545=PRESENTATION_STYLE_ASSIGNMENT((#5852));
#5546=PRESENTATION_STYLE_ASSIGNMENT((#5853));
#5547=PRESENTATION_STYLE_ASSIGNMENT((#5854));
#5548=PRESENTATION_STYLE_ASSIGNMENT((#5855));
#5549=PRESENTATION_STYLE_ASSIGNMENT((#5856));
#5550=PRESENTATION_STYLE_ASSIGNMENT((#5857));
#5551=PRESENTATION_STYLE_ASSIGNMENT((#5858));
#5552=PRESENTATION_STYLE_ASSIGNMENT((#5859));
#5553=PRESENTATION_STYLE_ASSIGNMENT((#5860));
#5554=PRESENTATION_STYLE_ASSIGNMENT((#5861));
#5555=PRESENTATION_STYLE_ASSIGNMENT((#5862));
#5556=PRESENTATION_STYLE_ASSIGNMENT((#5863));
#5557=PRESENTATION_STYLE_ASSIGNMENT((#5864));
#5558=PRESENTATION_STYLE_ASSIGNMENT((#5865));
#5559=PRESENTATION_STYLE_ASSIGNMENT((#5866));
#5560=PRESENTATION_STYLE_ASSIGNMENT((#5867));
#5561=PRESENTATION_STYLE_ASSIGNMENT((#5868));
#5562=PRESENTATION_STYLE_ASSIGNMENT((#5869));
#5563=PRESENTATION_STYLE_ASSIGNMENT((#5870));
#5564=PRESENTATION_STYLE_ASSIGNMENT((#5871));
#5565=PRESENTATION_STYLE_ASSIGNMENT((#5872));
#5566=PRESENTATION_STYLE_ASSIGNMENT((#5873));
#5567=PRESENTATION_STYLE_ASSIGNMENT((#5874));
#5568=PRESENTATION_STYLE_ASSIGNMENT((#5875));
#5569=PRESENTATION_STYLE_ASSIGNMENT((#5876));
#5570=PRESENTATION_STYLE_ASSIGNMENT((#5877));
#5571=PRESENTATION_STYLE_ASSIGNMENT((#5878));
#5572=PRESENTATION_STYLE_ASSIGNMENT((#5879));
#5573=PRESENTATION_STYLE_ASSIGNMENT((#5880));
#5574=PRESENTATION_STYLE_ASSIGNMENT((#5881));
#5575=PRESENTATION_STYLE_ASSIGNMENT((#5882));
#5576=PRESENTATION_STYLE_ASSIGNMENT((#5883));
#5577=PRESENTATION_STYLE_ASSIGNMENT((#5884));
#5578=PRESENTATION_STYLE_ASSIGNMENT((#5885));
#5579=PRESENTATION_STYLE_ASSIGNMENT((#5886));
#5580=PRESENTATION_STYLE_ASSIGNMENT((#5887));
#5581=PRESENTATION_STYLE_ASSIGNMENT((#5888));
#5582=PRESENTATION_STYLE_ASSIGNMENT((#5889));
#5583=PRESENTATION_STYLE_ASSIGNMENT((#5890));
#5584=PRESENTATION_STYLE_ASSIGNMENT((#5891));
#5585=PRESENTATION_STYLE_ASSIGNMENT((#5892));
#5586=PRESENTATION_STYLE_ASSIGNMENT((#5893));
#5587=PRESENTATION_STYLE_ASSIGNMENT((#5894));
#5588=PRESENTATION_STYLE_ASSIGNMENT((#5895));
#5589=PRESENTATION_STYLE_ASSIGNMENT((#5896));
#5590=PRESENTATION_STYLE_ASSIGNMENT((#5897));
#5591=PRESENTATION_STYLE_ASSIGNMENT((#5898));
#5592=PRESENTATION_STYLE_ASSIGNMENT((#5899));
#5593=PRESENTATION_STYLE_ASSIGNMENT((#5900));
#5594=PRESENTATION_STYLE_ASSIGNMENT((#5901));
#5595=PRESENTATION_STYLE_ASSIGNMENT((#5902));
#5596=PRESENTATION_STYLE_ASSIGNMENT((#5903));
#5597=PRESENTATION_STYLE_ASSIGNMENT((#5904));
#5598=PRESENTATION_STYLE_ASSIGNMENT((#5905));
#5599=PRESENTATION_STYLE_ASSIGNMENT((#5906));
#5600=PRESENTATION_STYLE_ASSIGNMENT((#5907));
#5601=PRESENTATION_STYLE_ASSIGNMENT((#5908));
#5602=PRESENTATION_STYLE_ASSIGNMENT((#5909));
#5603=PRESENTATION_STYLE_ASSIGNMENT((#5910));
#5604=PRESENTATION_STYLE_ASSIGNMENT((#5911));
#5605=PRESENTATION_STYLE_ASSIGNMENT((#5912));
#5606=PRESENTATION_STYLE_ASSIGNMENT((#5913));
#5607=PRESENTATION_STYLE_ASSIGNMENT((#5914));
#5608=PRESENTATION_STYLE_ASSIGNMENT((#5915));
#5609=PRESENTATION_STYLE_ASSIGNMENT((#5916));
#5610=PRESENTATION_STYLE_ASSIGNMENT((#5917));
#5611=PRESENTATION_STYLE_ASSIGNMENT((#5918));
#5612=PRESENTATION_STYLE_ASSIGNMENT((#5919));
#5613=PRESENTATION_STYLE_ASSIGNMENT((#5920));
#5614=PRESENTATION_STYLE_ASSIGNMENT((#5921));
#5615=PRESENTATION_STYLE_ASSIGNMENT((#5922));
#5616=PRESENTATION_STYLE_ASSIGNMENT((#5923));
#5617=PRESENTATION_STYLE_ASSIGNMENT((#5924));
#5618=PRESENTATION_STYLE_ASSIGNMENT((#5925));
#5619=PRESENTATION_STYLE_ASSIGNMENT((#5926));
#5620=PRESENTATION_STYLE_ASSIGNMENT((#5927));
#5621=PRESENTATION_STYLE_ASSIGNMENT((#5928));
#5622=PRESENTATION_STYLE_ASSIGNMENT((#5929));
#5623=PRESENTATION_STYLE_ASSIGNMENT((#5930));
#5624=PRESENTATION_STYLE_ASSIGNMENT((#5931));
#5625=PRESENTATION_STYLE_ASSIGNMENT((#5932));
#5626=PRESENTATION_STYLE_ASSIGNMENT((#5933));
#5627=PRESENTATION_STYLE_ASSIGNMENT((#5934));
#5628=PRESENTATION_STYLE_ASSIGNMENT((#5935));
#5629=PRESENTATION_STYLE_ASSIGNMENT((#5936));
#5630=PRESENTATION_STYLE_ASSIGNMENT((#5937));
#5631=PRESENTATION_STYLE_ASSIGNMENT((#5938));
#5632=PRESENTATION_STYLE_ASSIGNMENT((#5939));
#5633=PRESENTATION_STYLE_ASSIGNMENT((#5940));
#5634=PRESENTATION_STYLE_ASSIGNMENT((#5941));
#5635=PRESENTATION_STYLE_ASSIGNMENT((#5942));
#5636=PRESENTATION_STYLE_ASSIGNMENT((#5943));
#5637=PRESENTATION_STYLE_ASSIGNMENT((#5944));
#5638=PRESENTATION_STYLE_ASSIGNMENT((#5945));
#5639=PRESENTATION_STYLE_ASSIGNMENT((#5946));
#5640=PRESENTATION_STYLE_ASSIGNMENT((#5947));
#5641=PRESENTATION_STYLE_ASSIGNMENT((#5948));
#5642=PRESENTATION_STYLE_ASSIGNMENT((#5949));
#5643=PRESENTATION_STYLE_ASSIGNMENT((#5950));
#5644=PRESENTATION_STYLE_ASSIGNMENT((#5951));
#5645=PRESENTATION_STYLE_ASSIGNMENT((#5952));
#5646=PRESENTATION_STYLE_ASSIGNMENT((#5953));
#5647=PRESENTATION_STYLE_ASSIGNMENT((#5954));
#5648=PRESENTATION_STYLE_ASSIGNMENT((#5955));
#5649=SURFACE_STYLE_USAGE(.BOTH.,#5956);
#5650=SURFACE_STYLE_USAGE(.BOTH.,#5957);
#5651=SURFACE_STYLE_USAGE(.BOTH.,#5958);
#5652=SURFACE_STYLE_USAGE(.BOTH.,#5959);
#5653=SURFACE_STYLE_USAGE(.BOTH.,#5960);
#5654=SURFACE_STYLE_USAGE(.BOTH.,#5961);
#5655=SURFACE_STYLE_USAGE(.BOTH.,#5962);
#5656=SURFACE_STYLE_USAGE(.BOTH.,#5963);
#5657=SURFACE_STYLE_USAGE(.BOTH.,#5964);
#5658=SURFACE_STYLE_USAGE(.BOTH.,#5965);
#5659=SURFACE_STYLE_USAGE(.BOTH.,#5966);
#5660=SURFACE_STYLE_USAGE(.BOTH.,#5967);
#5661=SURFACE_STYLE_USAGE(.BOTH.,#5968);
#5662=SURFACE_STYLE_USAGE(.BOTH.,#5969);
#5663=SURFACE_STYLE_USAGE(.BOTH.,#5970);
#5664=SURFACE_STYLE_USAGE(.BOTH.,#5971);
#5665=SURFACE_STYLE_USAGE(.BOTH.,#5972);
#5666=SURFACE_STYLE_USAGE(.BOTH.,#5973);
#5667=SURFACE_STYLE_USAGE(.BOTH.,#5974);
#5668=SURFACE_STYLE_USAGE(.BOTH.,#5975);
#5669=SURFACE_STYLE_USAGE(.BOTH.,#5976);
#5670=SURFACE_STYLE_USAGE(.BOTH.,#5977);
#5671=SURFACE_STYLE_USAGE(.BOTH.,#5978);
#5672=SURFACE_STYLE_USAGE(.BOTH.,#5979);
#5673=SURFACE_STYLE_USAGE(.BOTH.,#5980);
#5674=SURFACE_STYLE_USAGE(.BOTH.,#5981);
#5675=SURFACE_STYLE_USAGE(.BOTH.,#5982);
#5676=SURFACE_STYLE_USAGE(.BOTH.,#5983);
#5677=SURFACE_STYLE_USAGE(.BOTH.,#5984);
#5678=SURFACE_STYLE_USAGE(.BOTH.,#5985);
#5679=SURFACE_STYLE_USAGE(.BOTH.,#5986);
#5680=SURFACE_STYLE_USAGE(.BOTH.,#5987);
#5681=SURFACE_STYLE_USAGE(.BOTH.,#5988);
#5682=SURFACE_STYLE_USAGE(.BOTH.,#5989);
#5683=SURFACE_STYLE_USAGE(.BOTH.,#5990);
#5684=SURFACE_STYLE_USAGE(.BOTH.,#5991);
#5685=SURFACE_STYLE_USAGE(.BOTH.,#5992);
#5686=SURFACE_STYLE_USAGE(.BOTH.,#5993);
#5687=SURFACE_STYLE_USAGE(.BOTH.,#5994);
#5688=SURFACE_STYLE_USAGE(.BOTH.,#5995);
#5689=SURFACE_STYLE_USAGE(.BOTH.,#5996);
#5690=SURFACE_STYLE_USAGE(.BOTH.,#5997);
#5691=SURFACE_STYLE_USAGE(.BOTH.,#5998);
#5692=SURFACE_STYLE_USAGE(.BOTH.,#5999);
#5693=SURFACE_STYLE_USAGE(.BOTH.,#6000);
#5694=SURFACE_STYLE_USAGE(.BOTH.,#6001);
#5695=SURFACE_STYLE_USAGE(.BOTH.,#6002);
#5696=SURFACE_STYLE_USAGE(.BOTH.,#6003);
#5697=SURFACE_STYLE_USAGE(.BOTH.,#6004);
#5698=SURFACE_STYLE_USAGE(.BOTH.,#6005);
#5699=SURFACE_STYLE_USAGE(.BOTH.,#6006);
#5700=SURFACE_STYLE_USAGE(.BOTH.,#6007);
#5701=SURFACE_STYLE_USAGE(.BOTH.,#6008);
#5702=SURFACE_STYLE_USAGE(.BOTH.,#6009);
#5703=SURFACE_STYLE_USAGE(.BOTH.,#6010);
#5704=SURFACE_STYLE_USAGE(.BOTH.,#6011);
#5705=SURFACE_STYLE_USAGE(.BOTH.,#6012);
#5706=SURFACE_STYLE_USAGE(.BOTH.,#6013);
#5707=SURFACE_STYLE_USAGE(.BOTH.,#6014);
#5708=SURFACE_STYLE_USAGE(.BOTH.,#6015);
#5709=SURFACE_STYLE_USAGE(.BOTH.,#6016);
#5710=SURFACE_STYLE_USAGE(.BOTH.,#6017);
#5711=SURFACE_STYLE_USAGE(.BOTH.,#6018);
#5712=SURFACE_STYLE_USAGE(.BOTH.,#6019);
#5713=SURFACE_STYLE_USAGE(.BOTH.,#6020);
#5714=SURFACE_STYLE_USAGE(.BOTH.,#6021);
#5715=SURFACE_STYLE_USAGE(.BOTH.,#6022);
#5716=SURFACE_STYLE_USAGE(.BOTH.,#6023);
#5717=SURFACE_STYLE_USAGE(.BOTH.,#6024);
#5718=SURFACE_STYLE_USAGE(.BOTH.,#6025);
#5719=SURFACE_STYLE_USAGE(.BOTH.,#6026);
#5720=SURFACE_STYLE_USAGE(.BOTH.,#6027);
#5721=SURFACE_STYLE_USAGE(.BOTH.,#6028);
#5722=SURFACE_STYLE_USAGE(.BOTH.,#6029);
#5723=SURFACE_STYLE_USAGE(.BOTH.,#6030);
#5724=SURFACE_STYLE_USAGE(.BOTH.,#6031);
#5725=SURFACE_STYLE_USAGE(.BOTH.,#6032);
#5726=SURFACE_STYLE_USAGE(.BOTH.,#6033);
#5727=SURFACE_STYLE_USAGE(.BOTH.,#6034);
#5728=SURFACE_STYLE_USAGE(.BOTH.,#6035);
#5729=SURFACE_STYLE_USAGE(.BOTH.,#6036);
#5730=SURFACE_STYLE_USAGE(.BOTH.,#6037);
#5731=SURFACE_STYLE_USAGE(.BOTH.,#6038);
#5732=SURFACE_STYLE_USAGE(.BOTH.,#6039);
#5733=SURFACE_STYLE_USAGE(.BOTH.,#6040);
#5734=SURFACE_STYLE_USAGE(.BOTH.,#6041);
#5735=SURFACE_STYLE_USAGE(.BOTH.,#6042);
#5736=SURFACE_STYLE_USAGE(.BOTH.,#6043);
#5737=SURFACE_STYLE_USAGE(.BOTH.,#6044);
#5738=SURFACE_STYLE_USAGE(.BOTH.,#6045);
#5739=SURFACE_STYLE_USAGE(.BOTH.,#6046);
#5740=SURFACE_STYLE_USAGE(.BOTH.,#6047);
#5741=SURFACE_STYLE_USAGE(.BOTH.,#6048);
#5742=SURFACE_STYLE_USAGE(.BOTH.,#6049);
#5743=SURFACE_STYLE_USAGE(.BOTH.,#6050);
#5744=SURFACE_STYLE_USAGE(.BOTH.,#6051);
#5745=SURFACE_STYLE_USAGE(.BOTH.,#6052);
#5746=SURFACE_STYLE_USAGE(.BOTH.,#6053);
#5747=SURFACE_STYLE_USAGE(.BOTH.,#6054);
#5748=SURFACE_STYLE_USAGE(.BOTH.,#6055);
#5749=SURFACE_STYLE_USAGE(.BOTH.,#6056);
#5750=SURFACE_STYLE_USAGE(.BOTH.,#6057);
#5751=SURFACE_STYLE_USAGE(.BOTH.,#6058);
#5752=SURFACE_STYLE_USAGE(.BOTH.,#6059);
#5753=SURFACE_STYLE_USAGE(.BOTH.,#6060);
#5754=SURFACE_STYLE_USAGE(.BOTH.,#6061);
#5755=SURFACE_STYLE_USAGE(.BOTH.,#6062);
#5756=SURFACE_STYLE_USAGE(.BOTH.,#6063);
#5757=SURFACE_STYLE_USAGE(.BOTH.,#6064);
#5758=SURFACE_STYLE_USAGE(.BOTH.,#6065);
#5759=SURFACE_STYLE_USAGE(.BOTH.,#6066);
#5760=SURFACE_STYLE_USAGE(.BOTH.,#6067);
#5761=SURFACE_STYLE_USAGE(.BOTH.,#6068);
#5762=SURFACE_STYLE_USAGE(.BOTH.,#6069);
#5763=SURFACE_STYLE_USAGE(.BOTH.,#6070);
#5764=SURFACE_STYLE_USAGE(.BOTH.,#6071);
#5765=SURFACE_STYLE_USAGE(.BOTH.,#6072);
#5766=SURFACE_STYLE_USAGE(.BOTH.,#6073);
#5767=SURFACE_STYLE_USAGE(.BOTH.,#6074);
#5768=SURFACE_STYLE_USAGE(.BOTH.,#6075);
#5769=SURFACE_STYLE_USAGE(.BOTH.,#6076);
#5770=SURFACE_STYLE_USAGE(.BOTH.,#6077);
#5771=SURFACE_STYLE_USAGE(.BOTH.,#6078);
#5772=SURFACE_STYLE_USAGE(.BOTH.,#6079);
#5773=SURFACE_STYLE_USAGE(.BOTH.,#6080);
#5774=SURFACE_STYLE_USAGE(.BOTH.,#6081);
#5775=SURFACE_STYLE_USAGE(.BOTH.,#6082);
#5776=SURFACE_STYLE_USAGE(.BOTH.,#6083);
#5777=SURFACE_STYLE_USAGE(.BOTH.,#6084);
#5778=SURFACE_STYLE_USAGE(.BOTH.,#6085);
#5779=SURFACE_STYLE_USAGE(.BOTH.,#6086);
#5780=SURFACE_STYLE_USAGE(.BOTH.,#6087);
#5781=SURFACE_STYLE_USAGE(.BOTH.,#6088);
#5782=SURFACE_STYLE_USAGE(.BOTH.,#6089);
#5783=SURFACE_STYLE_USAGE(.BOTH.,#6090);
#5784=SURFACE_STYLE_USAGE(.BOTH.,#6091);
#5785=SURFACE_STYLE_USAGE(.BOTH.,#6092);
#5786=SURFACE_STYLE_USAGE(.BOTH.,#6093);
#5787=SURFACE_STYLE_USAGE(.BOTH.,#6094);
#5788=SURFACE_STYLE_USAGE(.BOTH.,#6095);
#5789=SURFACE_STYLE_USAGE(.BOTH.,#6096);
#5790=SURFACE_STYLE_USAGE(.BOTH.,#6097);
#5791=SURFACE_STYLE_USAGE(.BOTH.,#6098);
#5792=SURFACE_STYLE_USAGE(.BOTH.,#6099);
#5793=SURFACE_STYLE_USAGE(.BOTH.,#6100);
#5794=SURFACE_STYLE_USAGE(.BOTH.,#6101);
#5795=SURFACE_STYLE_USAGE(.BOTH.,#6102);
#5796=SURFACE_STYLE_USAGE(.BOTH.,#6103);
#5797=SURFACE_STYLE_USAGE(.BOTH.,#6104);
#5798=SURFACE_STYLE_USAGE(.BOTH.,#6105);
#5799=SURFACE_STYLE_USAGE(.BOTH.,#6106);
#5800=SURFACE_STYLE_USAGE(.BOTH.,#6107);
#5801=SURFACE_STYLE_USAGE(.BOTH.,#6108);
#5802=SURFACE_STYLE_USAGE(.BOTH.,#6109);
#5803=SURFACE_STYLE_USAGE(.BOTH.,#6110);
#5804=SURFACE_STYLE_USAGE(.BOTH.,#6111);
#5805=SURFACE_STYLE_USAGE(.BOTH.,#6112);
#5806=SURFACE_STYLE_USAGE(.BOTH.,#6113);
#5807=SURFACE_STYLE_USAGE(.BOTH.,#6114);
#5808=SURFACE_STYLE_USAGE(.BOTH.,#6115);
#5809=SURFACE_STYLE_USAGE(.BOTH.,#6116);
#5810=SURFACE_STYLE_USAGE(.BOTH.,#6117);
#5811=SURFACE_STYLE_USAGE(.BOTH.,#6118);
#5812=SURFACE_STYLE_USAGE(.BOTH.,#6119);
#5813=SURFACE_STYLE_USAGE(.BOTH.,#6120);
#5814=SURFACE_STYLE_USAGE(.BOTH.,#6121);
#5815=SURFACE_STYLE_USAGE(.BOTH.,#6122);
#5816=SURFACE_STYLE_USAGE(.BOTH.,#6123);
#5817=SURFACE_STYLE_USAGE(.BOTH.,#6124);
#5818=SURFACE_STYLE_USAGE(.BOTH.,#6125);
#5819=SURFACE_STYLE_USAGE(.BOTH.,#6126);
#5820=SURFACE_STYLE_USAGE(.BOTH.,#6127);
#5821=SURFACE_STYLE_USAGE(.BOTH.,#6128);
#5822=SURFACE_STYLE_USAGE(.BOTH.,#6129);
#5823=SURFACE_STYLE_USAGE(.BOTH.,#6130);
#5824=SURFACE_STYLE_USAGE(.BOTH.,#6131);
#5825=SURFACE_STYLE_USAGE(.BOTH.,#6132);
#5826=SURFACE_STYLE_USAGE(.BOTH.,#6133);
#5827=SURFACE_STYLE_USAGE(.BOTH.,#6134);
#5828=SURFACE_STYLE_USAGE(.BOTH.,#6135);
#5829=SURFACE_STYLE_USAGE(.BOTH.,#6136);
#5830=SURFACE_STYLE_USAGE(.BOTH.,#6137);
#5831=SURFACE_STYLE_USAGE(.BOTH.,#6138);
#5832=SURFACE_STYLE_USAGE(.BOTH.,#6139);
#5833=SURFACE_STYLE_USAGE(.BOTH.,#6140);
#5834=SURFACE_STYLE_USAGE(.BOTH.,#6141);
#5835=SURFACE_STYLE_USAGE(.BOTH.,#6142);
#5836=SURFACE_STYLE_USAGE(.BOTH.,#6143);
#5837=SURFACE_STYLE_USAGE(.BOTH.,#6144);
#5838=SURFACE_STYLE_USAGE(.BOTH.,#6145);
#5839=SURFACE_STYLE_USAGE(.BOTH.,#6146);
#5840=SURFACE_STYLE_USAGE(.BOTH.,#6147);
#5841=SURFACE_STYLE_USAGE(.BOTH.,#6148);
#5842=SURFACE_STYLE_USAGE(.BOTH.,#6149);
#5843=SURFACE_STYLE_USAGE(.BOTH.,#6150);
#5844=SURFACE_STYLE_USAGE(.BOTH.,#6151);
#5845=SURFACE_STYLE_USAGE(.BOTH.,#6152);
#5846=SURFACE_STYLE_USAGE(.BOTH.,#6153);
#5847=SURFACE_STYLE_USAGE(.BOTH.,#6154);
#5848=SURFACE_STYLE_USAGE(.BOTH.,#6155);
#5849=SURFACE_STYLE_USAGE(.BOTH.,#6156);
#5850=SURFACE_STYLE_USAGE(.BOTH.,#6157);
#5851=SURFACE_STYLE_USAGE(.BOTH.,#6158);
#5852=SURFACE_STYLE_USAGE(.BOTH.,#6159);
#5853=SURFACE_STYLE_USAGE(.BOTH.,#6160);
#5854=SURFACE_STYLE_USAGE(.BOTH.,#6161);
#5855=SURFACE_STYLE_USAGE(.BOTH.,#6162);
#5856=SURFACE_STYLE_USAGE(.BOTH.,#6163);
#5857=SURFACE_STYLE_USAGE(.BOTH.,#6164);
#5858=SURFACE_STYLE_USAGE(.BOTH.,#6165);
#5859=SURFACE_STYLE_USAGE(.BOTH.,#6166);
#5860=SURFACE_STYLE_USAGE(.BOTH.,#6167);
#5861=SURFACE_STYLE_USAGE(.BOTH.,#6168);
#5862=SURFACE_STYLE_USAGE(.BOTH.,#6169);
#5863=SURFACE_STYLE_USAGE(.BOTH.,#6170);
#5864=SURFACE_STYLE_USAGE(.BOTH.,#6171);
#5865=SURFACE_STYLE_USAGE(.BOTH.,#6172);
#5866=SURFACE_STYLE_USAGE(.BOTH.,#6173);
#5867=SURFACE_STYLE_USAGE(.BOTH.,#6174);
#5868=SURFACE_STYLE_USAGE(.BOTH.,#6175);
#5869=SURFACE_STYLE_USAGE(.BOTH.,#6176);
#5870=SURFACE_STYLE_USAGE(.BOTH.,#6177);
#5871=SURFACE_STYLE_USAGE(.BOTH.,#6178);
#5872=SURFACE_STYLE_USAGE(.BOTH.,#6179);
#5873=SURFACE_STYLE_USAGE(.BOTH.,#6180);
#5874=SURFACE_STYLE_USAGE(.BOTH.,#6181);
#5875=SURFACE_STYLE_USAGE(.BOTH.,#6182);
#5876=SURFACE_STYLE_USAGE(.BOTH.,#6183);
#5877=SURFACE_STYLE_USAGE(.BOTH.,#6184);
#5878=SURFACE_STYLE_USAGE(.BOTH.,#6185);
#5879=SURFACE_STYLE_USAGE(.BOTH.,#6186);
#5880=SURFACE_STYLE_USAGE(.BOTH.,#6187);
#5881=SURFACE_STYLE_USAGE(.BOTH.,#6188);
#5882=SURFACE_STYLE_USAGE(.BOTH.,#6189);
#5883=SURFACE_STYLE_USAGE(.BOTH.,#6190);
#5884=SURFACE_STYLE_USAGE(.BOTH.,#6191);
#5885=SURFACE_STYLE_USAGE(.BOTH.,#6192);
#5886=SURFACE_STYLE_USAGE(.BOTH.,#6193);
#5887=SURFACE_STYLE_USAGE(.BOTH.,#6194);
#5888=SURFACE_STYLE_USAGE(.BOTH.,#6195);
#5889=SURFACE_STYLE_USAGE(.BOTH.,#6196);
#5890=SURFACE_STYLE_USAGE(.BOTH.,#6197);
#5891=SURFACE_STYLE_USAGE(.BOTH.,#6198);
#5892=SURFACE_STYLE_USAGE(.BOTH.,#6199);
#5893=SURFACE_STYLE_USAGE(.BOTH.,#6200);
#5894=SURFACE_STYLE_USAGE(.BOTH.,#6201);
#5895=SURFACE_STYLE_USAGE(.BOTH.,#6202);
#5896=SURFACE_STYLE_USAGE(.BOTH.,#6203);
#5897=SURFACE_STYLE_USAGE(.BOTH.,#6204);
#5898=SURFACE_STYLE_USAGE(.BOTH.,#6205);
#5899=SURFACE_STYLE_USAGE(.BOTH.,#6206);
#5900=SURFACE_STYLE_USAGE(.BOTH.,#6207);
#5901=SURFACE_STYLE_USAGE(.BOTH.,#6208);
#5902=SURFACE_STYLE_USAGE(.BOTH.,#6209);
#5903=SURFACE_STYLE_USAGE(.BOTH.,#6210);
#5904=SURFACE_STYLE_USAGE(.BOTH.,#6211);
#5905=SURFACE_STYLE_USAGE(.BOTH.,#6212);
#5906=SURFACE_STYLE_USAGE(.BOTH.,#6213);
#5907=SURFACE_STYLE_USAGE(.BOTH.,#6214);
#5908=SURFACE_STYLE_USAGE(.BOTH.,#6215);
#5909=SURFACE_STYLE_USAGE(.BOTH.,#6216);
#5910=SURFACE_STYLE_USAGE(.BOTH.,#6217);
#5911=SURFACE_STYLE_USAGE(.BOTH.,#6218);
#5912=SURFACE_STYLE_USAGE(.BOTH.,#6219);
#5913=SURFACE_STYLE_USAGE(.BOTH.,#6220);
#5914=SURFACE_STYLE_USAGE(.BOTH.,#6221);
#5915=SURFACE_STYLE_USAGE(.BOTH.,#6222);
#5916=SURFACE_STYLE_USAGE(.BOTH.,#6223);
#5917=SURFACE_STYLE_USAGE(.BOTH.,#6224);
#5918=SURFACE_STYLE_USAGE(.BOTH.,#6225);
#5919=SURFACE_STYLE_USAGE(.BOTH.,#6226);
#5920=SURFACE_STYLE_USAGE(.BOTH.,#6227);
#5921=SURFACE_STYLE_USAGE(.BOTH.,#6228);
#5922=SURFACE_STYLE_USAGE(.BOTH.,#6229);
#5923=SURFACE_STYLE_USAGE(.BOTH.,#6230);
#5924=SURFACE_STYLE_USAGE(.BOTH.,#6231);
#5925=SURFACE_STYLE_USAGE(.BOTH.,#6232);
#5926=SURFACE_STYLE_USAGE(.BOTH.,#6233);
#5927=SURFACE_STYLE_USAGE(.BOTH.,#6234);
#5928=SURFACE_STYLE_USAGE(.BOTH.,#6235);
#5929=SURFACE_STYLE_USAGE(.BOTH.,#6236);
#5930=SURFACE_STYLE_USAGE(.BOTH.,#6237);
#5931=SURFACE_STYLE_USAGE(.BOTH.,#6238);
#5932=SURFACE_STYLE_USAGE(.BOTH.,#6239);
#5933=SURFACE_STYLE_USAGE(.BOTH.,#6240);
#5934=SURFACE_STYLE_USAGE(.BOTH.,#6241);
#5935=SURFACE_STYLE_USAGE(.BOTH.,#6242);
#5936=SURFACE_STYLE_USAGE(.BOTH.,#6243);
#5937=SURFACE_STYLE_USAGE(.BOTH.,#6244);
#5938=SURFACE_STYLE_USAGE(.BOTH.,#6245);
#5939=SURFACE_STYLE_USAGE(.BOTH.,#6246);
#5940=SURFACE_STYLE_USAGE(.BOTH.,#6247);
#5941=SURFACE_STYLE_USAGE(.BOTH.,#6248);
#5942=SURFACE_STYLE_USAGE(.BOTH.,#6249);
#5943=SURFACE_STYLE_USAGE(.BOTH.,#6250);
#5944=SURFACE_STYLE_USAGE(.BOTH.,#6251);
#5945=SURFACE_STYLE_USAGE(.BOTH.,#6252);
#5946=SURFACE_STYLE_USAGE(.BOTH.,#6253);
#5947=SURFACE_STYLE_USAGE(.BOTH.,#6254);
#5948=SURFACE_STYLE_USAGE(.BOTH.,#6255);
#5949=SURFACE_STYLE_USAGE(.BOTH.,#6256);
#5950=SURFACE_STYLE_USAGE(.BOTH.,#6257);
#5951=SURFACE_STYLE_USAGE(.BOTH.,#6258);
#5952=SURFACE_STYLE_USAGE(.BOTH.,#6259);
#5953=SURFACE_STYLE_USAGE(.BOTH.,#6260);
#5954=SURFACE_STYLE_USAGE(.BOTH.,#6261);
#5955=SURFACE_STYLE_USAGE(.BOTH.,#6262);
#5956=SURFACE_SIDE_STYLE('',(#6263));
#5957=SURFACE_SIDE_STYLE('',(#6264));
#5958=SURFACE_SIDE_STYLE('',(#6265));
#5959=SURFACE_SIDE_STYLE('',(#6266));
#5960=SURFACE_SIDE_STYLE('',(#6267));
#5961=SURFACE_SIDE_STYLE('',(#6268));
#5962=SURFACE_SIDE_STYLE('',(#6269));
#5963=SURFACE_SIDE_STYLE('',(#6270));
#5964=SURFACE_SIDE_STYLE('',(#6271));
#5965=SURFACE_SIDE_STYLE('',(#6272));
#5966=SURFACE_SIDE_STYLE('',(#6273));
#5967=SURFACE_SIDE_STYLE('',(#6274));
#5968=SURFACE_SIDE_STYLE('',(#6275));
#5969=SURFACE_SIDE_STYLE('',(#6276));
#5970=SURFACE_SIDE_STYLE('',(#6277));
#5971=SURFACE_SIDE_STYLE('',(#6278));
#5972=SURFACE_SIDE_STYLE('',(#6279));
#5973=SURFACE_SIDE_STYLE('',(#6280));
#5974=SURFACE_SIDE_STYLE('',(#6281));
#5975=SURFACE_SIDE_STYLE('',(#6282));
#5976=SURFACE_SIDE_STYLE('',(#6283));
#5977=SURFACE_SIDE_STYLE('',(#6284));
#5978=SURFACE_SIDE_STYLE('',(#6285));
#5979=SURFACE_SIDE_STYLE('',(#6286));
#5980=SURFACE_SIDE_STYLE('',(#6287));
#5981=SURFACE_SIDE_STYLE('',(#6288));
#5982=SURFACE_SIDE_STYLE('',(#6289));
#5983=SURFACE_SIDE_STYLE('',(#6290));
#5984=SURFACE_SIDE_STYLE('',(#6291));
#5985=SURFACE_SIDE_STYLE('',(#6292));
#5986=SURFACE_SIDE_STYLE('',(#6293));
#5987=SURFACE_SIDE_STYLE('',(#6294));
#5988=SURFACE_SIDE_STYLE('',(#6295));
#5989=SURFACE_SIDE_STYLE('',(#6296));
#5990=SURFACE_SIDE_STYLE('',(#6297));
#5991=SURFACE_SIDE_STYLE('',(#6298));
#5992=SURFACE_SIDE_STYLE('',(#6299));
#5993=SURFACE_SIDE_STYLE('',(#6300));
#5994=SURFACE_SIDE_STYLE('',(#6301));
#5995=SURFACE_SIDE_STYLE('',(#6302));
#5996=SURFACE_SIDE_STYLE('',(#6303));
#5997=SURFACE_SIDE_STYLE('',(#6304));
#5998=SURFACE_SIDE_STYLE('',(#6305));
#5999=SURFACE_SIDE_STYLE('',(#6306));
#6000=SURFACE_SIDE_STYLE('',(#6307));
#6001=SURFACE_SIDE_STYLE('',(#6308));
#6002=SURFACE_SIDE_STYLE('',(#6309));
#6003=SURFACE_SIDE_STYLE('',(#6310));
#6004=SURFACE_SIDE_STYLE('',(#6311));
#6005=SURFACE_SIDE_STYLE('',(#6312));
#6006=SURFACE_SIDE_STYLE('',(#6313));
#6007=SURFACE_SIDE_STYLE('',(#6314));
#6008=SURFACE_SIDE_STYLE('',(#6315));
#6009=SURFACE_SIDE_STYLE('',(#6316));
#6010=SURFACE_SIDE_STYLE('',(#6317));
#6011=SURFACE_SIDE_STYLE('',(#6318));
#6012=SURFACE_SIDE_STYLE('',(#6319));
#6013=SURFACE_SIDE_STYLE('',(#6320));
#6014=SURFACE_SIDE_STYLE('',(#6321));
#6015=SURFACE_SIDE_STYLE('',(#6322));
#6016=SURFACE_SIDE_STYLE('',(#6323));
#6017=SURFACE_SIDE_STYLE('',(#6324));
#6018=SURFACE_SIDE_STYLE('',(#6325));
#6019=SURFACE_SIDE_STYLE('',(#6326));
#6020=SURFACE_SIDE_STYLE('',(#6327));
#6021=SURFACE_SIDE_STYLE('',(#6328));
#6022=SURFACE_SIDE_STYLE('',(#6329));
#6023=SURFACE_SIDE_STYLE('',(#6330));
#6024=SURFACE_SIDE_STYLE('',(#6331));
#6025=SURFACE_SIDE_STYLE('',(#6332));
#6026=SURFACE_SIDE_STYLE('',(#6333));
#6027=SURFACE_SIDE_STYLE('',(#6334));
#6028=SURFACE_SIDE_STYLE('',(#6335));
#6029=SURFACE_SIDE_STYLE('',(#6336));
#6030=SURFACE_SIDE_STYLE('',(#6337));
#6031=SURFACE_SIDE_STYLE('',(#6338));
#6032=SURFACE_SIDE_STYLE('',(#6339));
#6033=SURFACE_SIDE_STYLE('',(#6340));
#6034=SURFACE_SIDE_STYLE('',(#6341));
#6035=SURFACE_SIDE_STYLE('',(#6342));
#6036=SURFACE_SIDE_STYLE('',(#6343));
#6037=SURFACE_SIDE_STYLE('',(#6344));
#6038=SURFACE_SIDE_STYLE('',(#6345));
#6039=SURFACE_SIDE_STYLE('',(#6346));
#6040=SURFACE_SIDE_STYLE('',(#6347));
#6041=SURFACE_SIDE_STYLE('',(#6348));
#6042=SURFACE_SIDE_STYLE('',(#6349));
#6043=SURFACE_SIDE_STYLE('',(#6350));
#6044=SURFACE_SIDE_STYLE('',(#6351));
#6045=SURFACE_SIDE_STYLE('',(#6352));
#6046=SURFACE_SIDE_STYLE('',(#6353));
#6047=SURFACE_SIDE_STYLE('',(#6354));
#6048=SURFACE_SIDE_STYLE('',(#6355));
#6049=SURFACE_SIDE_STYLE('',(#6356));
#6050=SURFACE_SIDE_STYLE('',(#6357));
#6051=SURFACE_SIDE_STYLE('',(#6358));
#6052=SURFACE_SIDE_STYLE('',(#6359));
#6053=SURFACE_SIDE_STYLE('',(#6360));
#6054=SURFACE_SIDE_STYLE('',(#6361));
#6055=SURFACE_SIDE_STYLE('',(#6362));
#6056=SURFACE_SIDE_STYLE('',(#6363));
#6057=SURFACE_SIDE_STYLE('',(#6364));
#6058=SURFACE_SIDE_STYLE('',(#6365));
#6059=SURFACE_SIDE_STYLE('',(#6366));
#6060=SURFACE_SIDE_STYLE('',(#6367));
#6061=SURFACE_SIDE_STYLE('',(#6368));
#6062=SURFACE_SIDE_STYLE('',(#6369));
#6063=SURFACE_SIDE_STYLE('',(#6370));
#6064=SURFACE_SIDE_STYLE('',(#6371));
#6065=SURFACE_SIDE_STYLE('',(#6372));
#6066=SURFACE_SIDE_STYLE('',(#6373));
#6067=SURFACE_SIDE_STYLE('',(#6374));
#6068=SURFACE_SIDE_STYLE('',(#6375));
#6069=SURFACE_SIDE_STYLE('',(#6376));
#6070=SURFACE_SIDE_STYLE('',(#6377));
#6071=SURFACE_SIDE_STYLE('',(#6378));
#6072=SURFACE_SIDE_STYLE('',(#6379));
#6073=SURFACE_SIDE_STYLE('',(#6380));
#6074=SURFACE_SIDE_STYLE('',(#6381));
#6075=SURFACE_SIDE_STYLE('',(#6382));
#6076=SURFACE_SIDE_STYLE('',(#6383));
#6077=SURFACE_SIDE_STYLE('',(#6384));
#6078=SURFACE_SIDE_STYLE('',(#6385));
#6079=SURFACE_SIDE_STYLE('',(#6386));
#6080=SURFACE_SIDE_STYLE('',(#6387));
#6081=SURFACE_SIDE_STYLE('',(#6388));
#6082=SURFACE_SIDE_STYLE('',(#6389));
#6083=SURFACE_SIDE_STYLE('',(#6390));
#6084=SURFACE_SIDE_STYLE('',(#6391));
#6085=SURFACE_SIDE_STYLE('',(#6392));
#6086=SURFACE_SIDE_STYLE('',(#6393));
#6087=SURFACE_SIDE_STYLE('',(#6394));
#6088=SURFACE_SIDE_STYLE('',(#6395));
#6089=SURFACE_SIDE_STYLE('',(#6396));
#6090=SURFACE_SIDE_STYLE('',(#6397));
#6091=SURFACE_SIDE_STYLE('',(#6398));
#6092=SURFACE_SIDE_STYLE('',(#6399));
#6093=SURFACE_SIDE_STYLE('',(#6400));
#6094=SURFACE_SIDE_STYLE('',(#6401));
#6095=SURFACE_SIDE_STYLE('',(#6402));
#6096=SURFACE_SIDE_STYLE('',(#6403));
#6097=SURFACE_SIDE_STYLE('',(#6404));
#6098=SURFACE_SIDE_STYLE('',(#6405));
#6099=SURFACE_SIDE_STYLE('',(#6406));
#6100=SURFACE_SIDE_STYLE('',(#6407));
#6101=SURFACE_SIDE_STYLE('',(#6408));
#6102=SURFACE_SIDE_STYLE('',(#6409));
#6103=SURFACE_SIDE_STYLE('',(#6410));
#6104=SURFACE_SIDE_STYLE('',(#6411));
#6105=SURFACE_SIDE_STYLE('',(#6412));
#6106=SURFACE_SIDE_STYLE('',(#6413));
#6107=SURFACE_SIDE_STYLE('',(#6414));
#6108=SURFACE_SIDE_STYLE('',(#6415));
#6109=SURFACE_SIDE_STYLE('',(#6416));
#6110=SURFACE_SIDE_STYLE('',(#6417));
#6111=SURFACE_SIDE_STYLE('',(#6418));
#6112=SURFACE_SIDE_STYLE('',(#6419));
#6113=SURFACE_SIDE_STYLE('',(#6420));
#6114=SURFACE_SIDE_STYLE('',(#6421));
#6115=SURFACE_SIDE_STYLE('',(#6422));
#6116=SURFACE_SIDE_STYLE('',(#6423));
#6117=SURFACE_SIDE_STYLE('',(#6424));
#6118=SURFACE_SIDE_STYLE('',(#6425));
#6119=SURFACE_SIDE_STYLE('',(#6426));
#6120=SURFACE_SIDE_STYLE('',(#6427));
#6121=SURFACE_SIDE_STYLE('',(#6428));
#6122=SURFACE_SIDE_STYLE('',(#6429));
#6123=SURFACE_SIDE_STYLE('',(#6430));
#6124=SURFACE_SIDE_STYLE('',(#6431));
#6125=SURFACE_SIDE_STYLE('',(#6432));
#6126=SURFACE_SIDE_STYLE('',(#6433));
#6127=SURFACE_SIDE_STYLE('',(#6434));
#6128=SURFACE_SIDE_STYLE('',(#6435));
#6129=SURFACE_SIDE_STYLE('',(#6436));
#6130=SURFACE_SIDE_STYLE('',(#6437));
#6131=SURFACE_SIDE_STYLE('',(#6438));
#6132=SURFACE_SIDE_STYLE('',(#6439));
#6133=SURFACE_SIDE_STYLE('',(#6440));
#6134=SURFACE_SIDE_STYLE('',(#6441));
#6135=SURFACE_SIDE_STYLE('',(#6442));
#6136=SURFACE_SIDE_STYLE('',(#6443));
#6137=SURFACE_SIDE_STYLE('',(#6444));
#6138=SURFACE_SIDE_STYLE('',(#6445));
#6139=SURFACE_SIDE_STYLE('',(#6446));
#6140=SURFACE_SIDE_STYLE('',(#6447));
#6141=SURFACE_SIDE_STYLE('',(#6448));
#6142=SURFACE_SIDE_STYLE('',(#6449));
#6143=SURFACE_SIDE_STYLE('',(#6450));
#6144=SURFACE_SIDE_STYLE('',(#6451));
#6145=SURFACE_SIDE_STYLE('',(#6452));
#6146=SURFACE_SIDE_STYLE('',(#6453));
#6147=SURFACE_SIDE_STYLE('',(#6454));
#6148=SURFACE_SIDE_STYLE('',(#6455));
#6149=SURFACE_SIDE_STYLE('',(#6456));
#6150=SURFACE_SIDE_STYLE('',(#6457));
#6151=SURFACE_SIDE_STYLE('',(#6458));
#6152=SURFACE_SIDE_STYLE('',(#6459));
#6153=SURFACE_SIDE_STYLE('',(#6460));
#6154=SURFACE_SIDE_STYLE('',(#6461));
#6155=SURFACE_SIDE_STYLE('',(#6462));
#6156=SURFACE_SIDE_STYLE('',(#6463));
#6157=SURFACE_SIDE_STYLE('',(#6464));
#6158=SURFACE_SIDE_STYLE('',(#6465));
#6159=SURFACE_SIDE_STYLE('',(#6466));
#6160=SURFACE_SIDE_STYLE('',(#6467));
#6161=SURFACE_SIDE_STYLE('',(#6468));
#6162=SURFACE_SIDE_STYLE('',(#6469));
#6163=SURFACE_SIDE_STYLE('',(#6470));
#6164=SURFACE_SIDE_STYLE('',(#6471));
#6165=SURFACE_SIDE_STYLE('',(#6472));
#6166=SURFACE_SIDE_STYLE('',(#6473));
#6167=SURFACE_SIDE_STYLE('',(#6474));
#6168=SURFACE_SIDE_STYLE('',(#6475));
#6169=SURFACE_SIDE_STYLE('',(#6476));
#6170=SURFACE_SIDE_STYLE('',(#6477));
#6171=SURFACE_SIDE_STYLE('',(#6478));
#6172=SURFACE_SIDE_STYLE('',(#6479));
#6173=SURFACE_SIDE_STYLE('',(#6480));
#6174=SURFACE_SIDE_STYLE('',(#6481));
#6175=SURFACE_SIDE_STYLE('',(#6482));
#6176=SURFACE_SIDE_STYLE('',(#6483));
#6177=SURFACE_SIDE_STYLE('',(#6484));
#6178=SURFACE_SIDE_STYLE('',(#6485));
#6179=SURFACE_SIDE_STYLE('',(#6486));
#6180=SURFACE_SIDE_STYLE('',(#6487));
#6181=SURFACE_SIDE_STYLE('',(#6488));
#6182=SURFACE_SIDE_STYLE('',(#6489));
#6183=SURFACE_SIDE_STYLE('',(#6490));
#6184=SURFACE_SIDE_STYLE('',(#6491));
#6185=SURFACE_SIDE_STYLE('',(#6492));
#6186=SURFACE_SIDE_STYLE('',(#6493));
#6187=SURFACE_SIDE_STYLE('',(#6494));
#6188=SURFACE_SIDE_STYLE('',(#6495));
#6189=SURFACE_SIDE_STYLE('',(#6496));
#6190=SURFACE_SIDE_STYLE('',(#6497));
#6191=SURFACE_SIDE_STYLE('',(#6498));
#6192=SURFACE_SIDE_STYLE('',(#6499));
#6193=SURFACE_SIDE_STYLE('',(#6500));
#6194=SURFACE_SIDE_STYLE('',(#6501));
#6195=SURFACE_SIDE_STYLE('',(#6502));
#6196=SURFACE_SIDE_STYLE('',(#6503));
#6197=SURFACE_SIDE_STYLE('',(#6504));
#6198=SURFACE_SIDE_STYLE('',(#6505));
#6199=SURFACE_SIDE_STYLE('',(#6506));
#6200=SURFACE_SIDE_STYLE('',(#6507));
#6201=SURFACE_SIDE_STYLE('',(#6508));
#6202=SURFACE_SIDE_STYLE('',(#6509));
#6203=SURFACE_SIDE_STYLE('',(#6510));
#6204=SURFACE_SIDE_STYLE('',(#6511));
#6205=SURFACE_SIDE_STYLE('',(#6512));
#6206=SURFACE_SIDE_STYLE('',(#6513));
#6207=SURFACE_SIDE_STYLE('',(#6514));
#6208=SURFACE_SIDE_STYLE('',(#6515));
#6209=SURFACE_SIDE_STYLE('',(#6516));
#6210=SURFACE_SIDE_STYLE('',(#6517));
#6211=SURFACE_SIDE_STYLE('',(#6518));
#6212=SURFACE_SIDE_STYLE('',(#6519));
#6213=SURFACE_SIDE_STYLE('',(#6520));
#6214=SURFACE_SIDE_STYLE('',(#6521));
#6215=SURFACE_SIDE_STYLE('',(#6522));
#6216=SURFACE_SIDE_STYLE('',(#6523));
#6217=SURFACE_SIDE_STYLE('',(#6524));
#6218=SURFACE_SIDE_STYLE('',(#6525));
#6219=SURFACE_SIDE_STYLE('',(#6526));
#6220=SURFACE_SIDE_STYLE('',(#6527));
#6221=SURFACE_SIDE_STYLE('',(#6528));
#6222=SURFACE_SIDE_STYLE('',(#6529));
#6223=SURFACE_SIDE_STYLE('',(#6530));
#6224=SURFACE_SIDE_STYLE('',(#6531));
#6225=SURFACE_SIDE_STYLE('',(#6532));
#6226=SURFACE_SIDE_STYLE('',(#6533));
#6227=SURFACE_SIDE_STYLE('',(#6534));
#6228=SURFACE_SIDE_STYLE('',(#6535));
#6229=SURFACE_SIDE_STYLE('',(#6536));
#6230=SURFACE_SIDE_STYLE('',(#6537));
#6231=SURFACE_SIDE_STYLE('',(#6538));
#6232=SURFACE_SIDE_STYLE('',(#6539));
#6233=SURFACE_SIDE_STYLE('',(#6540));
#6234=SURFACE_SIDE_STYLE('',(#6541));
#6235=SURFACE_SIDE_STYLE('',(#6542));
#6236=SURFACE_SIDE_STYLE('',(#6543));
#6237=SURFACE_SIDE_STYLE('',(#6544));
#6238=SURFACE_SIDE_STYLE('',(#6545));
#6239=SURFACE_SIDE_STYLE('',(#6546));
#6240=SURFACE_SIDE_STYLE('',(#6547));
#6241=SURFACE_SIDE_STYLE('',(#6548));
#6242=SURFACE_SIDE_STYLE('',(#6549));
#6243=SURFACE_SIDE_STYLE('',(#6550));
#6244=SURFACE_SIDE_STYLE('',(#6551));
#6245=SURFACE_SIDE_STYLE('',(#6552));
#6246=SURFACE_SIDE_STYLE('',(#6553));
#6247=SURFACE_SIDE_STYLE('',(#6554));
#6248=SURFACE_SIDE_STYLE('',(#6555));
#6249=SURFACE_SIDE_STYLE('',(#6556));
#6250=SURFACE_SIDE_STYLE('',(#6557));
#6251=SURFACE_SIDE_STYLE('',(#6558));
#6252=SURFACE_SIDE_STYLE('',(#6559));
#6253=SURFACE_SIDE_STYLE('',(#6560));
#6254=SURFACE_SIDE_STYLE('',(#6561));
#6255=SURFACE_SIDE_STYLE('',(#6562));
#6256=SURFACE_SIDE_STYLE('',(#6563));
#6257=SURFACE_SIDE_STYLE('',(#6564));
#6258=SURFACE_SIDE_STYLE('',(#6565));
#6259=SURFACE_SIDE_STYLE('',(#6566));
#6260=SURFACE_SIDE_STYLE('',(#6567));
#6261=SURFACE_SIDE_STYLE('',(#6568));
#6262=SURFACE_SIDE_STYLE('',(#6569));
#6263=SURFACE_STYLE_FILL_AREA(#6570);
#6264=SURFACE_STYLE_FILL_AREA(#6571);
#6265=SURFACE_STYLE_FILL_AREA(#6572);
#6266=SURFACE_STYLE_FILL_AREA(#6573);
#6267=SURFACE_STYLE_FILL_AREA(#6574);
#6268=SURFACE_STYLE_FILL_AREA(#6575);
#6269=SURFACE_STYLE_FILL_AREA(#6576);
#6270=SURFACE_STYLE_FILL_AREA(#6577);
#6271=SURFACE_STYLE_FILL_AREA(#6578);
#6272=SURFACE_STYLE_FILL_AREA(#6579);
#6273=SURFACE_STYLE_FILL_AREA(#6580);
#6274=SURFACE_STYLE_FILL_AREA(#6581);
#6275=SURFACE_STYLE_FILL_AREA(#6582);
#6276=SURFACE_STYLE_FILL_AREA(#6583);
#6277=SURFACE_STYLE_FILL_AREA(#6584);
#6278=SURFACE_STYLE_FILL_AREA(#6585);
#6279=SURFACE_STYLE_FILL_AREA(#6586);
#6280=SURFACE_STYLE_FILL_AREA(#6587);
#6281=SURFACE_STYLE_FILL_AREA(#6588);
#6282=SURFACE_STYLE_FILL_AREA(#6589);
#6283=SURFACE_STYLE_FILL_AREA(#6590);
#6284=SURFACE_STYLE_FILL_AREA(#6591);
#6285=SURFACE_STYLE_FILL_AREA(#6592);
#6286=SURFACE_STYLE_FILL_AREA(#6593);
#6287=SURFACE_STYLE_FILL_AREA(#6594);
#6288=SURFACE_STYLE_FILL_AREA(#6595);
#6289=SURFACE_STYLE_FILL_AREA(#6596);
#6290=SURFACE_STYLE_FILL_AREA(#6597);
#6291=SURFACE_STYLE_FILL_AREA(#6598);
#6292=SURFACE_STYLE_FILL_AREA(#6599);
#6293=SURFACE_STYLE_FILL_AREA(#6600);
#6294=SURFACE_STYLE_FILL_AREA(#6601);
#6295=SURFACE_STYLE_FILL_AREA(#6602);
#6296=SURFACE_STYLE_FILL_AREA(#6603);
#6297=SURFACE_STYLE_FILL_AREA(#6604);
#6298=SURFACE_STYLE_FILL_AREA(#6605);
#6299=SURFACE_STYLE_FILL_AREA(#6606);
#6300=SURFACE_STYLE_FILL_AREA(#6607);
#6301=SURFACE_STYLE_FILL_AREA(#6608);
#6302=SURFACE_STYLE_FILL_AREA(#6609);
#6303=SURFACE_STYLE_FILL_AREA(#6610);
#6304=SURFACE_STYLE_FILL_AREA(#6611);
#6305=SURFACE_STYLE_FILL_AREA(#6612);
#6306=SURFACE_STYLE_FILL_AREA(#6613);
#6307=SURFACE_STYLE_FILL_AREA(#6614);
#6308=SURFACE_STYLE_FILL_AREA(#6615);
#6309=SURFACE_STYLE_FILL_AREA(#6616);
#6310=SURFACE_STYLE_FILL_AREA(#6617);
#6311=SURFACE_STYLE_FILL_AREA(#6618);
#6312=SURFACE_STYLE_FILL_AREA(#6619);
#6313=SURFACE_STYLE_FILL_AREA(#6620);
#6314=SURFACE_STYLE_FILL_AREA(#6621);
#6315=SURFACE_STYLE_FILL_AREA(#6622);
#6316=SURFACE_STYLE_FILL_AREA(#6623);
#6317=SURFACE_STYLE_FILL_AREA(#6624);
#6318=SURFACE_STYLE_FILL_AREA(#6625);
#6319=SURFACE_STYLE_FILL_AREA(#6626);
#6320=SURFACE_STYLE_FILL_AREA(#6627);
#6321=SURFACE_STYLE_FILL_AREA(#6628);
#6322=SURFACE_STYLE_FILL_AREA(#6629);
#6323=SURFACE_STYLE_FILL_AREA(#6630);
#6324=SURFACE_STYLE_FILL_AREA(#6631);
#6325=SURFACE_STYLE_FILL_AREA(#6632);
#6326=SURFACE_STYLE_FILL_AREA(#6633);
#6327=SURFACE_STYLE_FILL_AREA(#6634);
#6328=SURFACE_STYLE_FILL_AREA(#6635);
#6329=SURFACE_STYLE_FILL_AREA(#6636);
#6330=SURFACE_STYLE_FILL_AREA(#6637);
#6331=SURFACE_STYLE_FILL_AREA(#6638);
#6332=SURFACE_STYLE_FILL_AREA(#6639);
#6333=SURFACE_STYLE_FILL_AREA(#6640);
#6334=SURFACE_STYLE_FILL_AREA(#6641);
#6335=SURFACE_STYLE_FILL_AREA(#6642);
#6336=SURFACE_STYLE_FILL_AREA(#6643);
#6337=SURFACE_STYLE_FILL_AREA(#6644);
#6338=SURFACE_STYLE_FILL_AREA(#6645);
#6339=SURFACE_STYLE_FILL_AREA(#6646);
#6340=SURFACE_STYLE_FILL_AREA(#6647);
#6341=SURFACE_STYLE_FILL_AREA(#6648);
#6342=SURFACE_STYLE_FILL_AREA(#6649);
#6343=SURFACE_STYLE_FILL_AREA(#6650);
#6344=SURFACE_STYLE_FILL_AREA(#6651);
#6345=SURFACE_STYLE_FILL_AREA(#6652);
#6346=SURFACE_STYLE_FILL_AREA(#6653);
#6347=SURFACE_STYLE_FILL_AREA(#6654);
#6348=SURFACE_STYLE_FILL_AREA(#6655);
#6349=SURFACE_STYLE_FILL_AREA(#6656);
#6350=SURFACE_STYLE_FILL_AREA(#6657);
#6351=SURFACE_STYLE_FILL_AREA(#6658);
#6352=SURFACE_STYLE_FILL_AREA(#6659);
#6353=SURFACE_STYLE_FILL_AREA(#6660);
#6354=SURFACE_STYLE_FILL_AREA(#6661);
#6355=SURFACE_STYLE_FILL_AREA(#6662);
#6356=SURFACE_STYLE_FILL_AREA(#6663);
#6357=SURFACE_STYLE_FILL_AREA(#6664);
#6358=SURFACE_STYLE_FILL_AREA(#6665);
#6359=SURFACE_STYLE_FILL_AREA(#6666);
#6360=SURFACE_STYLE_FILL_AREA(#6667);
#6361=SURFACE_STYLE_FILL_AREA(#6668);
#6362=SURFACE_STYLE_FILL_AREA(#6669);
#6363=SURFACE_STYLE_FILL_AREA(#6670);
#6364=SURFACE_STYLE_FILL_AREA(#6671);
#6365=SURFACE_STYLE_FILL_AREA(#6672);
#6366=SURFACE_STYLE_FILL_AREA(#6673);
#6367=SURFACE_STYLE_FILL_AREA(#6674);
#6368=SURFACE_STYLE_FILL_AREA(#6675);
#6369=SURFACE_STYLE_FILL_AREA(#6676);
#6370=SURFACE_STYLE_FILL_AREA(#6677);
#6371=SURFACE_STYLE_FILL_AREA(#6678);
#6372=SURFACE_STYLE_FILL_AREA(#6679);
#6373=SURFACE_STYLE_FILL_AREA(#6680);
#6374=SURFACE_STYLE_FILL_AREA(#6681);
#6375=SURFACE_STYLE_FILL_AREA(#6682);
#6376=SURFACE_STYLE_FILL_AREA(#6683);
#6377=SURFACE_STYLE_FILL_AREA(#6684);
#6378=SURFACE_STYLE_FILL_AREA(#6685);
#6379=SURFACE_STYLE_FILL_AREA(#6686);
#6380=SURFACE_STYLE_FILL_AREA(#6687);
#6381=SURFACE_STYLE_FILL_AREA(#6688);
#6382=SURFACE_STYLE_FILL_AREA(#6689);
#6383=SURFACE_STYLE_FILL_AREA(#6690);
#6384=SURFACE_STYLE_FILL_AREA(#6691);
#6385=SURFACE_STYLE_FILL_AREA(#6692);
#6386=SURFACE_STYLE_FILL_AREA(#6693);
#6387=SURFACE_STYLE_FILL_AREA(#6694);
#6388=SURFACE_STYLE_FILL_AREA(#6695);
#6389=SURFACE_STYLE_FILL_AREA(#6696);
#6390=SURFACE_STYLE_FILL_AREA(#6697);
#6391=SURFACE_STYLE_FILL_AREA(#6698);
#6392=SURFACE_STYLE_FILL_AREA(#6699);
#6393=SURFACE_STYLE_FILL_AREA(#6700);
#6394=SURFACE_STYLE_FILL_AREA(#6701);
#6395=SURFACE_STYLE_FILL_AREA(#6702);
#6396=SURFACE_STYLE_FILL_AREA(#6703);
#6397=SURFACE_STYLE_FILL_AREA(#6704);
#6398=SURFACE_STYLE_FILL_AREA(#6705);
#6399=SURFACE_STYLE_FILL_AREA(#6706);
#6400=SURFACE_STYLE_FILL_AREA(#6707);
#6401=SURFACE_STYLE_FILL_AREA(#6708);
#6402=SURFACE_STYLE_FILL_AREA(#6709);
#6403=SURFACE_STYLE_FILL_AREA(#6710);
#6404=SURFACE_STYLE_FILL_AREA(#6711);
#6405=SURFACE_STYLE_FILL_AREA(#6712);
#6406=SURFACE_STYLE_FILL_AREA(#6713);
#6407=SURFACE_STYLE_FILL_AREA(#6714);
#6408=SURFACE_STYLE_FILL_AREA(#6715);
#6409=SURFACE_STYLE_FILL_AREA(#6716);
#6410=SURFACE_STYLE_FILL_AREA(#6717);
#6411=SURFACE_STYLE_FILL_AREA(#6718);
#6412=SURFACE_STYLE_FILL_AREA(#6719);
#6413=SURFACE_STYLE_FILL_AREA(#6720);
#6414=SURFACE_STYLE_FILL_AREA(#6721);
#6415=SURFACE_STYLE_FILL_AREA(#6722);
#6416=SURFACE_STYLE_FILL_AREA(#6723);
#6417=SURFACE_STYLE_FILL_AREA(#6724);
#6418=SURFACE_STYLE_FILL_AREA(#6725);
#6419=SURFACE_STYLE_FILL_AREA(#6726);
#6420=SURFACE_STYLE_FILL_AREA(#6727);
#6421=SURFACE_STYLE_FILL_AREA(#6728);
#6422=SURFACE_STYLE_FILL_AREA(#6729);
#6423=SURFACE_STYLE_FILL_AREA(#6730);
#6424=SURFACE_STYLE_FILL_AREA(#6731);
#6425=SURFACE_STYLE_FILL_AREA(#6732);
#6426=SURFACE_STYLE_FILL_AREA(#6733);
#6427=SURFACE_STYLE_FILL_AREA(#6734);
#6428=SURFACE_STYLE_FILL_AREA(#6735);
#6429=SURFACE_STYLE_FILL_AREA(#6736);
#6430=SURFACE_STYLE_FILL_AREA(#6737);
#6431=SURFACE_STYLE_FILL_AREA(#6738);
#6432=SURFACE_STYLE_FILL_AREA(#6739);
#6433=SURFACE_STYLE_FILL_AREA(#6740);
#6434=SURFACE_STYLE_FILL_AREA(#6741);
#6435=SURFACE_STYLE_FILL_AREA(#6742);
#6436=SURFACE_STYLE_FILL_AREA(#6743);
#6437=SURFACE_STYLE_FILL_AREA(#6744);
#6438=SURFACE_STYLE_FILL_AREA(#6745);
#6439=SURFACE_STYLE_FILL_AREA(#6746);
#6440=SURFACE_STYLE_FILL_AREA(#6747);
#6441=SURFACE_STYLE_FILL_AREA(#6748);
#6442=SURFACE_STYLE_FILL_AREA(#6749);
#6443=SURFACE_STYLE_FILL_AREA(#6750);
#6444=SURFACE_STYLE_FILL_AREA(#6751);
#6445=SURFACE_STYLE_FILL_AREA(#6752);
#6446=SURFACE_STYLE_FILL_AREA(#6753);
#6447=SURFACE_STYLE_FILL_AREA(#6754);
#6448=SURFACE_STYLE_FILL_AREA(#6755);
#6449=SURFACE_STYLE_FILL_AREA(#6756);
#6450=SURFACE_STYLE_FILL_AREA(#6757);
#6451=SURFACE_STYLE_FILL_AREA(#6758);
#6452=SURFACE_STYLE_FILL_AREA(#6759);
#6453=SURFACE_STYLE_FILL_AREA(#6760);
#6454=SURFACE_STYLE_FILL_AREA(#6761);
#6455=SURFACE_STYLE_FILL_AREA(#6762);
#6456=SURFACE_STYLE_FILL_AREA(#6763);
#6457=SURFACE_STYLE_FILL_AREA(#6764);
#6458=SURFACE_STYLE_FILL_AREA(#6765);
#6459=SURFACE_STYLE_FILL_AREA(#6766);
#6460=SURFACE_STYLE_FILL_AREA(#6767);
#6461=SURFACE_STYLE_FILL_AREA(#6768);
#6462=SURFACE_STYLE_FILL_AREA(#6769);
#6463=SURFACE_STYLE_FILL_AREA(#6770);
#6464=SURFACE_STYLE_FILL_AREA(#6771);
#6465=SURFACE_STYLE_FILL_AREA(#6772);
#6466=SURFACE_STYLE_FILL_AREA(#6773);
#6467=SURFACE_STYLE_FILL_AREA(#6774);
#6468=SURFACE_STYLE_FILL_AREA(#6775);
#6469=SURFACE_STYLE_FILL_AREA(#6776);
#6470=SURFACE_STYLE_FILL_AREA(#6777);
#6471=SURFACE_STYLE_FILL_AREA(#6778);
#6472=SURFACE_STYLE_FILL_AREA(#6779);
#6473=SURFACE_STYLE_FILL_AREA(#6780);
#6474=SURFACE_STYLE_FILL_AREA(#6781);
#6475=SURFACE_STYLE_FILL_AREA(#6782);
#6476=SURFACE_STYLE_FILL_AREA(#6783);
#6477=SURFACE_STYLE_FILL_AREA(#6784);
#6478=SURFACE_STYLE_FILL_AREA(#6785);
#6479=SURFACE_STYLE_FILL_AREA(#6786);
#6480=SURFACE_STYLE_FILL_AREA(#6787);
#6481=SURFACE_STYLE_FILL_AREA(#6788);
#6482=SURFACE_STYLE_FILL_AREA(#6789);
#6483=SURFACE_STYLE_FILL_AREA(#6790);
#6484=SURFACE_STYLE_FILL_AREA(#6791);
#6485=SURFACE_STYLE_FILL_AREA(#6792);
#6486=SURFACE_STYLE_FILL_AREA(#6793);
#6487=SURFACE_STYLE_FILL_AREA(#6794);
#6488=SURFACE_STYLE_FILL_AREA(#6795);
#6489=SURFACE_STYLE_FILL_AREA(#6796);
#6490=SURFACE_STYLE_FILL_AREA(#6797);
#6491=SURFACE_STYLE_FILL_AREA(#6798);
#6492=SURFACE_STYLE_FILL_AREA(#6799);
#6493=SURFACE_STYLE_FILL_AREA(#6800);
#6494=SURFACE_STYLE_FILL_AREA(#6801);
#6495=SURFACE_STYLE_FILL_AREA(#6802);
#6496=SURFACE_STYLE_FILL_AREA(#6803);
#6497=SURFACE_STYLE_FILL_AREA(#6804);
#6498=SURFACE_STYLE_FILL_AREA(#6805);
#6499=SURFACE_STYLE_FILL_AREA(#6806);
#6500=SURFACE_STYLE_FILL_AREA(#6807);
#6501=SURFACE_STYLE_FILL_AREA(#6808);
#6502=SURFACE_STYLE_FILL_AREA(#6809);
#6503=SURFACE_STYLE_FILL_AREA(#6810);
#6504=SURFACE_STYLE_FILL_AREA(#6811);
#6505=SURFACE_STYLE_FILL_AREA(#6812);
#6506=SURFACE_STYLE_FILL_AREA(#6813);
#6507=SURFACE_STYLE_FILL_AREA(#6814);
#6508=SURFACE_STYLE_FILL_AREA(#6815);
#6509=SURFACE_STYLE_FILL_AREA(#6816);
#6510=SURFACE_STYLE_FILL_AREA(#6817);
#6511=SURFACE_STYLE_FILL_AREA(#6818);
#6512=SURFACE_STYLE_FILL_AREA(#6819);
#6513=SURFACE_STYLE_FILL_AREA(#6820);
#6514=SURFACE_STYLE_FILL_AREA(#6821);
#6515=SURFACE_STYLE_FILL_AREA(#6822);
#6516=SURFACE_STYLE_FILL_AREA(#6823);
#6517=SURFACE_STYLE_FILL_AREA(#6824);
#6518=SURFACE_STYLE_FILL_AREA(#6825);
#6519=SURFACE_STYLE_FILL_AREA(#6826);
#6520=SURFACE_STYLE_FILL_AREA(#6827);
#6521=SURFACE_STYLE_FILL_AREA(#6828);
#6522=SURFACE_STYLE_FILL_AREA(#6829);
#6523=SURFACE_STYLE_FILL_AREA(#6830);
#6524=SURFACE_STYLE_FILL_AREA(#6831);
#6525=SURFACE_STYLE_FILL_AREA(#6832);
#6526=SURFACE_STYLE_FILL_AREA(#6833);
#6527=SURFACE_STYLE_FILL_AREA(#6834);
#6528=SURFACE_STYLE_FILL_AREA(#6835);
#6529=SURFACE_STYLE_FILL_AREA(#6836);
#6530=SURFACE_STYLE_FILL_AREA(#6837);
#6531=SURFACE_STYLE_FILL_AREA(#6838);
#6532=SURFACE_STYLE_FILL_AREA(#6839);
#6533=SURFACE_STYLE_FILL_AREA(#6840);
#6534=SURFACE_STYLE_FILL_AREA(#6841);
#6535=SURFACE_STYLE_FILL_AREA(#6842);
#6536=SURFACE_STYLE_FILL_AREA(#6843);
#6537=SURFACE_STYLE_FILL_AREA(#6844);
#6538=SURFACE_STYLE_FILL_AREA(#6845);
#6539=SURFACE_STYLE_FILL_AREA(#6846);
#6540=SURFACE_STYLE_FILL_AREA(#6847);
#6541=SURFACE_STYLE_FILL_AREA(#6848);
#6542=SURFACE_STYLE_FILL_AREA(#6849);
#6543=SURFACE_STYLE_FILL_AREA(#6850);
#6544=SURFACE_STYLE_FILL_AREA(#6851);
#6545=SURFACE_STYLE_FILL_AREA(#6852);
#6546=SURFACE_STYLE_FILL_AREA(#6853);
#6547=SURFACE_STYLE_FILL_AREA(#6854);
#6548=SURFACE_STYLE_FILL_AREA(#6855);
#6549=SURFACE_STYLE_FILL_AREA(#6856);
#6550=SURFACE_STYLE_FILL_AREA(#6857);
#6551=SURFACE_STYLE_FILL_AREA(#6858);
#6552=SURFACE_STYLE_FILL_AREA(#6859);
#6553=SURFACE_STYLE_FILL_AREA(#6860);
#6554=SURFACE_STYLE_FILL_AREA(#6861);
#6555=SURFACE_STYLE_FILL_AREA(#6862);
#6556=SURFACE_STYLE_FILL_AREA(#6863);
#6557=SURFACE_STYLE_FILL_AREA(#6864);
#6558=SURFACE_STYLE_FILL_AREA(#6865);
#6559=SURFACE_STYLE_FILL_AREA(#6866);
#6560=SURFACE_STYLE_FILL_AREA(#6867);
#6561=SURFACE_STYLE_FILL_AREA(#6868);
#6562=SURFACE_STYLE_FILL_AREA(#6869);
#6563=SURFACE_STYLE_FILL_AREA(#6870);
#6564=SURFACE_STYLE_FILL_AREA(#6871);
#6565=SURFACE_STYLE_FILL_AREA(#6872);
#6566=SURFACE_STYLE_FILL_AREA(#6873);
#6567=SURFACE_STYLE_FILL_AREA(#6874);
#6568=SURFACE_STYLE_FILL_AREA(#6875);
#6569=SURFACE_STYLE_FILL_AREA(#6876);
#6570=FILL_AREA_STYLE('',(#6877));
#6571=FILL_AREA_STYLE('',(#6878));
#6572=FILL_AREA_STYLE('',(#6879));
#6573=FILL_AREA_STYLE('',(#6880));
#6574=FILL_AREA_STYLE('',(#6881));
#6575=FILL_AREA_STYLE('',(#6882));
#6576=FILL_AREA_STYLE('',(#6883));
#6577=FILL_AREA_STYLE('',(#6884));
#6578=FILL_AREA_STYLE('',(#6885));
#6579=FILL_AREA_STYLE('',(#6886));
#6580=FILL_AREA_STYLE('',(#6887));
#6581=FILL_AREA_STYLE('',(#6888));
#6582=FILL_AREA_STYLE('',(#6889));
#6583=FILL_AREA_STYLE('',(#6890));
#6584=FILL_AREA_STYLE('',(#6891));
#6585=FILL_AREA_STYLE('',(#6892));
#6586=FILL_AREA_STYLE('',(#6893));
#6587=FILL_AREA_STYLE('',(#6894));
#6588=FILL_AREA_STYLE('',(#6895));
#6589=FILL_AREA_STYLE('',(#6896));
#6590=FILL_AREA_STYLE('',(#6897));
#6591=FILL_AREA_STYLE('',(#6898));
#6592=FILL_AREA_STYLE('',(#6899));
#6593=FILL_AREA_STYLE('',(#6900));
#6594=FILL_AREA_STYLE('',(#6901));
#6595=FILL_AREA_STYLE('',(#6902));
#6596=FILL_AREA_STYLE('',(#6903));
#6597=FILL_AREA_STYLE('',(#6904));
#6598=FILL_AREA_STYLE('',(#6905));
#6599=FILL_AREA_STYLE('',(#6906));
#6600=FILL_AREA_STYLE('',(#6907));
#6601=FILL_AREA_STYLE('',(#6908));
#6602=FILL_AREA_STYLE('',(#6909));
#6603=FILL_AREA_STYLE('',(#6910));
#6604=FILL_AREA_STYLE('',(#6911));
#6605=FILL_AREA_STYLE('',(#6912));
#6606=FILL_AREA_STYLE('',(#6913));
#6607=FILL_AREA_STYLE('',(#6914));
#6608=FILL_AREA_STYLE('',(#6915));
#6609=FILL_AREA_STYLE('',(#6916));
#6610=FILL_AREA_STYLE('',(#6917));
#6611=FILL_AREA_STYLE('',(#6918));
#6612=FILL_AREA_STYLE('',(#6919));
#6613=FILL_AREA_STYLE('',(#6920));
#6614=FILL_AREA_STYLE('',(#6921));
#6615=FILL_AREA_STYLE('',(#6922));
#6616=FILL_AREA_STYLE('',(#6923));
#6617=FILL_AREA_STYLE('',(#6924));
#6618=FILL_AREA_STYLE('',(#6925));
#6619=FILL_AREA_STYLE('',(#6926));
#6620=FILL_AREA_STYLE('',(#6927));
#6621=FILL_AREA_STYLE('',(#6928));
#6622=FILL_AREA_STYLE('',(#6929));
#6623=FILL_AREA_STYLE('',(#6930));
#6624=FILL_AREA_STYLE('',(#6931));
#6625=FILL_AREA_STYLE('',(#6932));
#6626=FILL_AREA_STYLE('',(#6933));
#6627=FILL_AREA_STYLE('',(#6934));
#6628=FILL_AREA_STYLE('',(#6935));
#6629=FILL_AREA_STYLE('',(#6936));
#6630=FILL_AREA_STYLE('',(#6937));
#6631=FILL_AREA_STYLE('',(#6938));
#6632=FILL_AREA_STYLE('',(#6939));
#6633=FILL_AREA_STYLE('',(#6940));
#6634=FILL_AREA_STYLE('',(#6941));
#6635=FILL_AREA_STYLE('',(#6942));
#6636=FILL_AREA_STYLE('',(#6943));
#6637=FILL_AREA_STYLE('',(#6944));
#6638=FILL_AREA_STYLE('',(#6945));
#6639=FILL_AREA_STYLE('',(#6946));
#6640=FILL_AREA_STYLE('',(#6947));
#6641=FILL_AREA_STYLE('',(#6948));
#6642=FILL_AREA_STYLE('',(#6949));
#6643=FILL_AREA_STYLE('',(#6950));
#6644=FILL_AREA_STYLE('',(#6951));
#6645=FILL_AREA_STYLE('',(#6952));
#6646=FILL_AREA_STYLE('',(#6953));
#6647=FILL_AREA_STYLE('',(#6954));
#6648=FILL_AREA_STYLE('',(#6955));
#6649=FILL_AREA_STYLE('',(#6956));
#6650=FILL_AREA_STYLE('',(#6957));
#6651=FILL_AREA_STYLE('',(#6958));
#6652=FILL_AREA_STYLE('',(#6959));
#6653=FILL_AREA_STYLE('',(#6960));
#6654=FILL_AREA_STYLE('',(#6961));
#6655=FILL_AREA_STYLE('',(#6962));
#6656=FILL_AREA_STYLE('',(#6963));
#6657=FILL_AREA_STYLE('',(#6964));
#6658=FILL_AREA_STYLE('',(#6965));
#6659=FILL_AREA_STYLE('',(#6966));
#6660=FILL_AREA_STYLE('',(#6967));
#6661=FILL_AREA_STYLE('',(#6968));
#6662=FILL_AREA_STYLE('',(#6969));
#6663=FILL_AREA_STYLE('',(#6970));
#6664=FILL_AREA_STYLE('',(#6971));
#6665=FILL_AREA_STYLE('',(#6972));
#6666=FILL_AREA_STYLE('',(#6973));
#6667=FILL_AREA_STYLE('',(#6974));
#6668=FILL_AREA_STYLE('',(#6975));
#6669=FILL_AREA_STYLE('',(#6976));
#6670=FILL_AREA_STYLE('',(#6977));
#6671=FILL_AREA_STYLE('',(#6978));
#6672=FILL_AREA_STYLE('',(#6979));
#6673=FILL_AREA_STYLE('',(#6980));
#6674=FILL_AREA_STYLE('',(#6981));
#6675=FILL_AREA_STYLE('',(#6982));
#6676=FILL_AREA_STYLE('',(#6983));
#6677=FILL_AREA_STYLE('',(#6984));
#6678=FILL_AREA_STYLE('',(#6985));
#6679=FILL_AREA_STYLE('',(#6986));
#6680=FILL_AREA_STYLE('',(#6987));
#6681=FILL_AREA_STYLE('',(#6988));
#6682=FILL_AREA_STYLE('',(#6989));
#6683=FILL_AREA_STYLE('',(#6990));
#6684=FILL_AREA_STYLE('',(#6991));
#6685=FILL_AREA_STYLE('',(#6992));
#6686=FILL_AREA_STYLE('',(#6993));
#6687=FILL_AREA_STYLE('',(#6994));
#6688=FILL_AREA_STYLE('',(#6995));
#6689=FILL_AREA_STYLE('',(#6996));
#6690=FILL_AREA_STYLE('',(#6997));
#6691=FILL_AREA_STYLE('',(#6998));
#6692=FILL_AREA_STYLE('',(#6999));
#6693=FILL_AREA_STYLE('',(#7000));
#6694=FILL_AREA_STYLE('',(#7001));
#6695=FILL_AREA_STYLE('',(#7002));
#6696=FILL_AREA_STYLE('',(#7003));
#6697=FILL_AREA_STYLE('',(#7004));
#6698=FILL_AREA_STYLE('',(#7005));
#6699=FILL_AREA_STYLE('',(#7006));
#6700=FILL_AREA_STYLE('',(#7007));
#6701=FILL_AREA_STYLE('',(#7008));
#6702=FILL_AREA_STYLE('',(#7009));
#6703=FILL_AREA_STYLE('',(#7010));
#6704=FILL_AREA_STYLE('',(#7011));
#6705=FILL_AREA_STYLE('',(#7012));
#6706=FILL_AREA_STYLE('',(#7013));
#6707=FILL_AREA_STYLE('',(#7014));
#6708=FILL_AREA_STYLE('',(#7015));
#6709=FILL_AREA_STYLE('',(#7016));
#6710=FILL_AREA_STYLE('',(#7017));
#6711=FILL_AREA_STYLE('',(#7018));
#6712=FILL_AREA_STYLE('',(#7019));
#6713=FILL_AREA_STYLE('',(#7020));
#6714=FILL_AREA_STYLE('',(#7021));
#6715=FILL_AREA_STYLE('',(#7022));
#6716=FILL_AREA_STYLE('',(#7023));
#6717=FILL_AREA_STYLE('',(#7024));
#6718=FILL_AREA_STYLE('',(#7025));
#6719=FILL_AREA_STYLE('',(#7026));
#6720=FILL_AREA_STYLE('',(#7027));
#6721=FILL_AREA_STYLE('',(#7028));
#6722=FILL_AREA_STYLE('',(#7029));
#6723=FILL_AREA_STYLE('',(#7030));
#6724=FILL_AREA_STYLE('',(#7031));
#6725=FILL_AREA_STYLE('',(#7032));
#6726=FILL_AREA_STYLE('',(#7033));
#6727=FILL_AREA_STYLE('',(#7034));
#6728=FILL_AREA_STYLE('',(#7035));
#6729=FILL_AREA_STYLE('',(#7036));
#6730=FILL_AREA_STYLE('',(#7037));
#6731=FILL_AREA_STYLE('',(#7038));
#6732=FILL_AREA_STYLE('',(#7039));
#6733=FILL_AREA_STYLE('',(#7040));
#6734=FILL_AREA_STYLE('',(#7041));
#6735=FILL_AREA_STYLE('',(#7042));
#6736=FILL_AREA_STYLE('',(#7043));
#6737=FILL_AREA_STYLE('',(#7044));
#6738=FILL_AREA_STYLE('',(#7045));
#6739=FILL_AREA_STYLE('',(#7046));
#6740=FILL_AREA_STYLE('',(#7047));
#6741=FILL_AREA_STYLE('',(#7048));
#6742=FILL_AREA_STYLE('',(#7049));
#6743=FILL_AREA_STYLE('',(#7050));
#6744=FILL_AREA_STYLE('',(#7051));
#6745=FILL_AREA_STYLE('',(#7052));
#6746=FILL_AREA_STYLE('',(#7053));
#6747=FILL_AREA_STYLE('',(#7054));
#6748=FILL_AREA_STYLE('',(#7055));
#6749=FILL_AREA_STYLE('',(#7056));
#6750=FILL_AREA_STYLE('',(#7057));
#6751=FILL_AREA_STYLE('',(#7058));
#6752=FILL_AREA_STYLE('',(#7059));
#6753=FILL_AREA_STYLE('',(#7060));
#6754=FILL_AREA_STYLE('',(#7061));
#6755=FILL_AREA_STYLE('',(#7062));
#6756=FILL_AREA_STYLE('',(#7063));
#6757=FILL_AREA_STYLE('',(#7064));
#6758=FILL_AREA_STYLE('',(#7065));
#6759=FILL_AREA_STYLE('',(#7066));
#6760=FILL_AREA_STYLE('',(#7067));
#6761=FILL_AREA_STYLE('',(#7068));
#6762=FILL_AREA_STYLE('',(#7069));
#6763=FILL_AREA_STYLE('',(#7070));
#6764=FILL_AREA_STYLE('',(#7071));
#6765=FILL_AREA_STYLE('',(#7072));
#6766=FILL_AREA_STYLE('',(#7073));
#6767=FILL_AREA_STYLE('',(#7074));
#6768=FILL_AREA_STYLE('',(#7075));
#6769=FILL_AREA_STYLE('',(#7076));
#6770=FILL_AREA_STYLE('',(#7077));
#6771=FILL_AREA_STYLE('',(#7078));
#6772=FILL_AREA_STYLE('',(#7079));
#6773=FILL_AREA_STYLE('',(#7080));
#6774=FILL_AREA_STYLE('',(#7081));
#6775=FILL_AREA_STYLE('',(#7082));
#6776=FILL_AREA_STYLE('',(#7083));
#6777=FILL_AREA_STYLE('',(#7084));
#6778=FILL_AREA_STYLE('',(#7085));
#6779=FILL_AREA_STYLE('',(#7086));
#6780=FILL_AREA_STYLE('',(#7087));
#6781=FILL_AREA_STYLE('',(#7088));
#6782=FILL_AREA_STYLE('',(#7089));
#6783=FILL_AREA_STYLE('',(#7090));
#6784=FILL_AREA_STYLE('',(#7091));
#6785=FILL_AREA_STYLE('',(#7092));
#6786=FILL_AREA_STYLE('',(#7093));
#6787=FILL_AREA_STYLE('',(#7094));
#6788=FILL_AREA_STYLE('',(#7095));
#6789=FILL_AREA_STYLE('',(#7096));
#6790=FILL_AREA_STYLE('',(#7097));
#6791=FILL_AREA_STYLE('',(#7098));
#6792=FILL_AREA_STYLE('',(#7099));
#6793=FILL_AREA_STYLE('',(#7100));
#6794=FILL_AREA_STYLE('',(#7101));
#6795=FILL_AREA_STYLE('',(#7102));
#6796=FILL_AREA_STYLE('',(#7103));
#6797=FILL_AREA_STYLE('',(#7104));
#6798=FILL_AREA_STYLE('',(#7105));
#6799=FILL_AREA_STYLE('',(#7106));
#6800=FILL_AREA_STYLE('',(#7107));
#6801=FILL_AREA_STYLE('',(#7108));
#6802=FILL_AREA_STYLE('',(#7109));
#6803=FILL_AREA_STYLE('',(#7110));
#6804=FILL_AREA_STYLE('',(#7111));
#6805=FILL_AREA_STYLE('',(#7112));
#6806=FILL_AREA_STYLE('',(#7113));
#6807=FILL_AREA_STYLE('',(#7114));
#6808=FILL_AREA_STYLE('',(#7115));
#6809=FILL_AREA_STYLE('',(#7116));
#6810=FILL_AREA_STYLE('',(#7117));
#6811=FILL_AREA_STYLE('',(#7118));
#6812=FILL_AREA_STYLE('',(#7119));
#6813=FILL_AREA_STYLE('',(#7120));
#6814=FILL_AREA_STYLE('',(#7121));
#6815=FILL_AREA_STYLE('',(#7122));
#6816=FILL_AREA_STYLE('',(#7123));
#6817=FILL_AREA_STYLE('',(#7124));
#6818=FILL_AREA_STYLE('',(#7125));
#6819=FILL_AREA_STYLE('',(#7126));
#6820=FILL_AREA_STYLE('',(#7127));
#6821=FILL_AREA_STYLE('',(#7128));
#6822=FILL_AREA_STYLE('',(#7129));
#6823=FILL_AREA_STYLE('',(#7130));
#6824=FILL_AREA_STYLE('',(#7131));
#6825=FILL_AREA_STYLE('',(#7132));
#6826=FILL_AREA_STYLE('',(#7133));
#6827=FILL_AREA_STYLE('',(#7134));
#6828=FILL_AREA_STYLE('',(#7135));
#6829=FILL_AREA_STYLE('',(#7136));
#6830=FILL_AREA_STYLE('',(#7137));
#6831=FILL_AREA_STYLE('',(#7138));
#6832=FILL_AREA_STYLE('',(#7139));
#6833=FILL_AREA_STYLE('',(#7140));
#6834=FILL_AREA_STYLE('',(#7141));
#6835=FILL_AREA_STYLE('',(#7142));
#6836=FILL_AREA_STYLE('',(#7143));
#6837=FILL_AREA_STYLE('',(#7144));
#6838=FILL_AREA_STYLE('',(#7145));
#6839=FILL_AREA_STYLE('',(#7146));
#6840=FILL_AREA_STYLE('',(#7147));
#6841=FILL_AREA_STYLE('',(#7148));
#6842=FILL_AREA_STYLE('',(#7149));
#6843=FILL_AREA_STYLE('',(#7150));
#6844=FILL_AREA_STYLE('',(#7151));
#6845=FILL_AREA_STYLE('',(#7152));
#6846=FILL_AREA_STYLE('',(#7153));
#6847=FILL_AREA_STYLE('',(#7154));
#6848=FILL_AREA_STYLE('',(#7155));
#6849=FILL_AREA_STYLE('',(#7156));
#6850=FILL_AREA_STYLE('',(#7157));
#6851=FILL_AREA_STYLE('',(#7158));
#6852=FILL_AREA_STYLE('',(#7159));
#6853=FILL_AREA_STYLE('',(#7160));
#6854=FILL_AREA_STYLE('',(#7161));
#6855=FILL_AREA_STYLE('',(#7162));
#6856=FILL_AREA_STYLE('',(#7163));
#6857=FILL_AREA_STYLE('',(#7164));
#6858=FILL_AREA_STYLE('',(#7165));
#6859=FILL_AREA_STYLE('',(#7166));
#6860=FILL_AREA_STYLE('',(#7167));
#6861=FILL_AREA_STYLE('',(#7168));
#6862=FILL_AREA_STYLE('',(#7169));
#6863=FILL_AREA_STYLE('',(#7170));
#6864=FILL_AREA_STYLE('',(#7171));
#6865=FILL_AREA_STYLE('',(#7172));
#6866=FILL_AREA_STYLE('',(#7173));
#6867=FILL_AREA_STYLE('',(#7174));
#6868=FILL_AREA_STYLE('',(#7175));
#6869=FILL_AREA_STYLE('',(#7176));
#6870=FILL_AREA_STYLE('',(#7177));
#6871=FILL_AREA_STYLE('',(#7178));
#6872=FILL_AREA_STYLE('',(#7179));
#6873=FILL_AREA_STYLE('',(#7180));
#6874=FILL_AREA_STYLE('',(#7181));
#6875=FILL_AREA_STYLE('',(#7182));
#6876=FILL_AREA_STYLE('',(#7183));
#6877=FILL_AREA_STYLE_COLOUR('',#7184);
#6878=FILL_AREA_STYLE_COLOUR('',#7184);
#6879=FILL_AREA_STYLE_COLOUR('',#7184);
#6880=FILL_AREA_STYLE_COLOUR('',#7184);
#6881=FILL_AREA_STYLE_COLOUR('',#7184);
#6882=FILL_AREA_STYLE_COLOUR('',#7184);
#6883=FILL_AREA_STYLE_COLOUR('',#7184);
#6884=FILL_AREA_STYLE_COLOUR('',#7184);
#6885=FILL_AREA_STYLE_COLOUR('',#7184);
#6886=FILL_AREA_STYLE_COLOUR('',#7184);
#6887=FILL_AREA_STYLE_COLOUR('',#7185);
#6888=FILL_AREA_STYLE_COLOUR('',#87);
#6889=FILL_AREA_STYLE_COLOUR('',#7185);
#6890=FILL_AREA_STYLE_COLOUR('',#7185);
#6891=FILL_AREA_STYLE_COLOUR('',#7185);
#6892=FILL_AREA_STYLE_COLOUR('',#7185);
#6893=FILL_AREA_STYLE_COLOUR('',#7185);
#6894=FILL_AREA_STYLE_COLOUR('',#7185);
#6895=FILL_AREA_STYLE_COLOUR('',#7185);
#6896=FILL_AREA_STYLE_COLOUR('',#7185);
#6897=FILL_AREA_STYLE_COLOUR('',#7185);
#6898=FILL_AREA_STYLE_COLOUR('',#7185);
#6899=FILL_AREA_STYLE_COLOUR('',#7185);
#6900=FILL_AREA_STYLE_COLOUR('',#7185);
#6901=FILL_AREA_STYLE_COLOUR('',#7186);
#6902=FILL_AREA_STYLE_COLOUR('',#7185);
#6903=FILL_AREA_STYLE_COLOUR('',#7185);
#6904=FILL_AREA_STYLE_COLOUR('',#7185);
#6905=FILL_AREA_STYLE_COLOUR('',#7185);
#6906=FILL_AREA_STYLE_COLOUR('',#87);
#6907=FILL_AREA_STYLE_COLOUR('',#87);
#6908=FILL_AREA_STYLE_COLOUR('',#87);
#6909=FILL_AREA_STYLE_COLOUR('',#87);
#6910=FILL_AREA_STYLE_COLOUR('',#87);
#6911=FILL_AREA_STYLE_COLOUR('',#87);
#6912=FILL_AREA_STYLE_COLOUR('',#87);
#6913=FILL_AREA_STYLE_COLOUR('',#87);
#6914=FILL_AREA_STYLE_COLOUR('',#87);
#6915=FILL_AREA_STYLE_COLOUR('',#7185);
#6916=FILL_AREA_STYLE_COLOUR('',#7185);
#6917=FILL_AREA_STYLE_COLOUR('',#7185);
#6918=FILL_AREA_STYLE_COLOUR('',#7185);
#6919=FILL_AREA_STYLE_COLOUR('',#7185);
#6920=FILL_AREA_STYLE_COLOUR('',#7185);
#6921=FILL_AREA_STYLE_COLOUR('',#7185);
#6922=FILL_AREA_STYLE_COLOUR('',#7185);
#6923=FILL_AREA_STYLE_COLOUR('',#7184);
#6924=FILL_AREA_STYLE_COLOUR('',#7184);
#6925=FILL_AREA_STYLE_COLOUR('',#7184);
#6926=FILL_AREA_STYLE_COLOUR('',#7184);
#6927=FILL_AREA_STYLE_COLOUR('',#7184);
#6928=FILL_AREA_STYLE_COLOUR('',#7184);
#6929=FILL_AREA_STYLE_COLOUR('',#7184);
#6930=FILL_AREA_STYLE_COLOUR('',#7184);
#6931=FILL_AREA_STYLE_COLOUR('',#7184);
#6932=FILL_AREA_STYLE_COLOUR('',#7184);
#6933=FILL_AREA_STYLE_COLOUR('',#7184);
#6934=FILL_AREA_STYLE_COLOUR('',#7185);
#6935=FILL_AREA_STYLE_COLOUR('',#7184);
#6936=FILL_AREA_STYLE_COLOUR('',#7184);
#6937=FILL_AREA_STYLE_COLOUR('',#7187);
#6938=FILL_AREA_STYLE_COLOUR('',#7187);
#6939=FILL_AREA_STYLE_COLOUR('',#7187);
#6940=FILL_AREA_STYLE_COLOUR('',#7187);
#6941=FILL_AREA_STYLE_COLOUR('',#7187);
#6942=FILL_AREA_STYLE_COLOUR('',#7187);
#6943=FILL_AREA_STYLE_COLOUR('',#7187);
#6944=FILL_AREA_STYLE_COLOUR('',#7187);
#6945=FILL_AREA_STYLE_COLOUR('',#7187);
#6946=FILL_AREA_STYLE_COLOUR('',#7187);
#6947=FILL_AREA_STYLE_COLOUR('',#7187);
#6948=FILL_AREA_STYLE_COLOUR('',#7187);
#6949=FILL_AREA_STYLE_COLOUR('',#7187);
#6950=FILL_AREA_STYLE_COLOUR('',#7187);
#6951=FILL_AREA_STYLE_COLOUR('',#7187);
#6952=FILL_AREA_STYLE_COLOUR('',#7187);
#6953=FILL_AREA_STYLE_COLOUR('',#7187);
#6954=FILL_AREA_STYLE_COLOUR('',#7187);
#6955=FILL_AREA_STYLE_COLOUR('',#7187);
#6956=FILL_AREA_STYLE_COLOUR('',#7187);
#6957=FILL_AREA_STYLE_COLOUR('',#7187);
#6958=FILL_AREA_STYLE_COLOUR('',#7187);
#6959=FILL_AREA_STYLE_COLOUR('',#7187);
#6960=FILL_AREA_STYLE_COLOUR('',#7187);
#6961=FILL_AREA_STYLE_COLOUR('',#7187);
#6962=FILL_AREA_STYLE_COLOUR('',#7187);
#6963=FILL_AREA_STYLE_COLOUR('',#7187);
#6964=FILL_AREA_STYLE_COLOUR('',#7187);
#6965=FILL_AREA_STYLE_COLOUR('',#7187);
#6966=FILL_AREA_STYLE_COLOUR('',#7187);
#6967=FILL_AREA_STYLE_COLOUR('',#7187);
#6968=FILL_AREA_STYLE_COLOUR('',#7187);
#6969=FILL_AREA_STYLE_COLOUR('',#7187);
#6970=FILL_AREA_STYLE_COLOUR('',#7187);
#6971=FILL_AREA_STYLE_COLOUR('',#7187);
#6972=FILL_AREA_STYLE_COLOUR('',#7187);
#6973=FILL_AREA_STYLE_COLOUR('',#7187);
#6974=FILL_AREA_STYLE_COLOUR('',#7187);
#6975=FILL_AREA_STYLE_COLOUR('',#7187);
#6976=FILL_AREA_STYLE_COLOUR('',#7187);
#6977=FILL_AREA_STYLE_COLOUR('',#7187);
#6978=FILL_AREA_STYLE_COLOUR('',#7187);
#6979=FILL_AREA_STYLE_COLOUR('',#7187);
#6980=FILL_AREA_STYLE_COLOUR('',#7187);
#6981=FILL_AREA_STYLE_COLOUR('',#7187);
#6982=FILL_AREA_STYLE_COLOUR('',#7187);
#6983=FILL_AREA_STYLE_COLOUR('',#7187);
#6984=FILL_AREA_STYLE_COLOUR('',#7187);
#6985=FILL_AREA_STYLE_COLOUR('',#88);
#6986=FILL_AREA_STYLE_COLOUR('',#88);
#6987=FILL_AREA_STYLE_COLOUR('',#88);
#6988=FILL_AREA_STYLE_COLOUR('',#88);
#6989=FILL_AREA_STYLE_COLOUR('',#88);
#6990=FILL_AREA_STYLE_COLOUR('',#88);
#6991=FILL_AREA_STYLE_COLOUR('',#88);
#6992=FILL_AREA_STYLE_COLOUR('',#88);
#6993=FILL_AREA_STYLE_COLOUR('',#88);
#6994=FILL_AREA_STYLE_COLOUR('',#88);
#6995=FILL_AREA_STYLE_COLOUR('',#88);
#6996=FILL_AREA_STYLE_COLOUR('',#88);
#6997=FILL_AREA_STYLE_COLOUR('',#88);
#6998=FILL_AREA_STYLE_COLOUR('',#88);
#6999=FILL_AREA_STYLE_COLOUR('',#88);
#7000=FILL_AREA_STYLE_COLOUR('',#88);
#7001=FILL_AREA_STYLE_COLOUR('',#88);
#7002=FILL_AREA_STYLE_COLOUR('',#88);
#7003=FILL_AREA_STYLE_COLOUR('',#88);
#7004=FILL_AREA_STYLE_COLOUR('',#88);
#7005=FILL_AREA_STYLE_COLOUR('',#88);
#7006=FILL_AREA_STYLE_COLOUR('',#88);
#7007=FILL_AREA_STYLE_COLOUR('',#88);
#7008=FILL_AREA_STYLE_COLOUR('',#88);
#7009=FILL_AREA_STYLE_COLOUR('',#88);
#7010=FILL_AREA_STYLE_COLOUR('',#88);
#7011=FILL_AREA_STYLE_COLOUR('',#7185);
#7012=FILL_AREA_STYLE_COLOUR('',#7185);
#7013=FILL_AREA_STYLE_COLOUR('',#7185);
#7014=FILL_AREA_STYLE_COLOUR('',#7185);
#7015=FILL_AREA_STYLE_COLOUR('',#7185);
#7016=FILL_AREA_STYLE_COLOUR('',#7185);
#7017=FILL_AREA_STYLE_COLOUR('',#7185);
#7018=FILL_AREA_STYLE_COLOUR('',#7185);
#7019=FILL_AREA_STYLE_COLOUR('',#7185);
#7020=FILL_AREA_STYLE_COLOUR('',#7185);
#7021=FILL_AREA_STYLE_COLOUR('',#7185);
#7022=FILL_AREA_STYLE_COLOUR('',#7185);
#7023=FILL_AREA_STYLE_COLOUR('',#7185);
#7024=FILL_AREA_STYLE_COLOUR('',#7185);
#7025=FILL_AREA_STYLE_COLOUR('',#7185);
#7026=FILL_AREA_STYLE_COLOUR('',#7185);
#7027=FILL_AREA_STYLE_COLOUR('',#7185);
#7028=FILL_AREA_STYLE_COLOUR('',#7185);
#7029=FILL_AREA_STYLE_COLOUR('',#7185);
#7030=FILL_AREA_STYLE_COLOUR('',#7185);
#7031=FILL_AREA_STYLE_COLOUR('',#7185);
#7032=FILL_AREA_STYLE_COLOUR('',#7185);
#7033=FILL_AREA_STYLE_COLOUR('',#7185);
#7034=FILL_AREA_STYLE_COLOUR('',#7185);
#7035=FILL_AREA_STYLE_COLOUR('',#7185);
#7036=FILL_AREA_STYLE_COLOUR('',#7185);
#7037=FILL_AREA_STYLE_COLOUR('',#7185);
#7038=FILL_AREA_STYLE_COLOUR('',#7185);
#7039=FILL_AREA_STYLE_COLOUR('',#7185);
#7040=FILL_AREA_STYLE_COLOUR('',#7185);
#7041=FILL_AREA_STYLE_COLOUR('',#7185);
#7042=FILL_AREA_STYLE_COLOUR('',#7185);
#7043=FILL_AREA_STYLE_COLOUR('',#7185);
#7044=FILL_AREA_STYLE_COLOUR('',#7185);
#7045=FILL_AREA_STYLE_COLOUR('',#7185);
#7046=FILL_AREA_STYLE_COLOUR('',#7185);
#7047=FILL_AREA_STYLE_COLOUR('',#7185);
#7048=FILL_AREA_STYLE_COLOUR('',#7185);
#7049=FILL_AREA_STYLE_COLOUR('',#7185);
#7050=FILL_AREA_STYLE_COLOUR('',#7185);
#7051=FILL_AREA_STYLE_COLOUR('',#7185);
#7052=FILL_AREA_STYLE_COLOUR('',#7185);
#7053=FILL_AREA_STYLE_COLOUR('',#7185);
#7054=FILL_AREA_STYLE_COLOUR('',#7185);
#7055=FILL_AREA_STYLE_COLOUR('',#7185);
#7056=FILL_AREA_STYLE_COLOUR('',#7185);
#7057=FILL_AREA_STYLE_COLOUR('',#7185);
#7058=FILL_AREA_STYLE_COLOUR('',#7185);
#7059=FILL_AREA_STYLE_COLOUR('',#7185);
#7060=FILL_AREA_STYLE_COLOUR('',#7185);
#7061=FILL_AREA_STYLE_COLOUR('',#7185);
#7062=FILL_AREA_STYLE_COLOUR('',#7185);
#7063=FILL_AREA_STYLE_COLOUR('',#7185);
#7064=FILL_AREA_STYLE_COLOUR('',#7185);
#7065=FILL_AREA_STYLE_COLOUR('',#7185);
#7066=FILL_AREA_STYLE_COLOUR('',#7185);
#7067=FILL_AREA_STYLE_COLOUR('',#7185);
#7068=FILL_AREA_STYLE_COLOUR('',#7185);
#7069=FILL_AREA_STYLE_COLOUR('',#7185);
#7070=FILL_AREA_STYLE_COLOUR('',#7185);
#7071=FILL_AREA_STYLE_COLOUR('',#7185);
#7072=FILL_AREA_STYLE_COLOUR('',#7185);
#7073=FILL_AREA_STYLE_COLOUR('',#7185);
#7074=FILL_AREA_STYLE_COLOUR('',#7185);
#7075=FILL_AREA_STYLE_COLOUR('',#7185);
#7076=FILL_AREA_STYLE_COLOUR('',#7185);
#7077=FILL_AREA_STYLE_COLOUR('',#7185);
#7078=FILL_AREA_STYLE_COLOUR('',#7185);
#7079=FILL_AREA_STYLE_COLOUR('',#7185);
#7080=FILL_AREA_STYLE_COLOUR('',#7185);
#7081=FILL_AREA_STYLE_COLOUR('',#7185);
#7082=FILL_AREA_STYLE_COLOUR('',#7185);
#7083=FILL_AREA_STYLE_COLOUR('',#7185);
#7084=FILL_AREA_STYLE_COLOUR('',#7185);
#7085=FILL_AREA_STYLE_COLOUR('',#7185);
#7086=FILL_AREA_STYLE_COLOUR('',#7185);
#7087=FILL_AREA_STYLE_COLOUR('',#7185);
#7088=FILL_AREA_STYLE_COLOUR('',#7185);
#7089=FILL_AREA_STYLE_COLOUR('',#7185);
#7090=FILL_AREA_STYLE_COLOUR('',#7185);
#7091=FILL_AREA_STYLE_COLOUR('',#7185);
#7092=FILL_AREA_STYLE_COLOUR('',#7185);
#7093=FILL_AREA_STYLE_COLOUR('',#7185);
#7094=FILL_AREA_STYLE_COLOUR('',#7185);
#7095=FILL_AREA_STYLE_COLOUR('',#7185);
#7096=FILL_AREA_STYLE_COLOUR('',#7185);
#7097=FILL_AREA_STYLE_COLOUR('',#7185);
#7098=FILL_AREA_STYLE_COLOUR('',#7185);
#7099=FILL_AREA_STYLE_COLOUR('',#7185);
#7100=FILL_AREA_STYLE_COLOUR('',#7185);
#7101=FILL_AREA_STYLE_COLOUR('',#7185);
#7102=FILL_AREA_STYLE_COLOUR('',#7185);
#7103=FILL_AREA_STYLE_COLOUR('',#7185);
#7104=FILL_AREA_STYLE_COLOUR('',#7185);
#7105=FILL_AREA_STYLE_COLOUR('',#7185);
#7106=FILL_AREA_STYLE_COLOUR('',#7185);
#7107=FILL_AREA_STYLE_COLOUR('',#7185);
#7108=FILL_AREA_STYLE_COLOUR('',#7185);
#7109=FILL_AREA_STYLE_COLOUR('',#7185);
#7110=FILL_AREA_STYLE_COLOUR('',#7185);
#7111=FILL_AREA_STYLE_COLOUR('',#7185);
#7112=FILL_AREA_STYLE_COLOUR('',#7185);
#7113=FILL_AREA_STYLE_COLOUR('',#7185);
#7114=FILL_AREA_STYLE_COLOUR('',#7185);
#7115=FILL_AREA_STYLE_COLOUR('',#7185);
#7116=FILL_AREA_STYLE_COLOUR('',#7185);
#7117=FILL_AREA_STYLE_COLOUR('',#7185);
#7118=FILL_AREA_STYLE_COLOUR('',#7185);
#7119=FILL_AREA_STYLE_COLOUR('',#7185);
#7120=FILL_AREA_STYLE_COLOUR('',#7185);
#7121=FILL_AREA_STYLE_COLOUR('',#7185);
#7122=FILL_AREA_STYLE_COLOUR('',#7185);
#7123=FILL_AREA_STYLE_COLOUR('',#7185);
#7124=FILL_AREA_STYLE_COLOUR('',#7185);
#7125=FILL_AREA_STYLE_COLOUR('',#7185);
#7126=FILL_AREA_STYLE_COLOUR('',#7185);
#7127=FILL_AREA_STYLE_COLOUR('',#7185);
#7128=FILL_AREA_STYLE_COLOUR('',#7185);
#7129=FILL_AREA_STYLE_COLOUR('',#7185);
#7130=FILL_AREA_STYLE_COLOUR('',#7185);
#7131=FILL_AREA_STYLE_COLOUR('',#7185);
#7132=FILL_AREA_STYLE_COLOUR('',#7185);
#7133=FILL_AREA_STYLE_COLOUR('',#7185);
#7134=FILL_AREA_STYLE_COLOUR('',#7185);
#7135=FILL_AREA_STYLE_COLOUR('',#7185);
#7136=FILL_AREA_STYLE_COLOUR('',#7185);
#7137=FILL_AREA_STYLE_COLOUR('',#7185);
#7138=FILL_AREA_STYLE_COLOUR('',#7185);
#7139=FILL_AREA_STYLE_COLOUR('',#7185);
#7140=FILL_AREA_STYLE_COLOUR('',#7185);
#7141=FILL_AREA_STYLE_COLOUR('',#7185);
#7142=FILL_AREA_STYLE_COLOUR('',#7185);
#7143=FILL_AREA_STYLE_COLOUR('',#7185);
#7144=FILL_AREA_STYLE_COLOUR('',#7185);
#7145=FILL_AREA_STYLE_COLOUR('',#7185);
#7146=FILL_AREA_STYLE_COLOUR('',#7185);
#7147=FILL_AREA_STYLE_COLOUR('',#7185);
#7148=FILL_AREA_STYLE_COLOUR('',#7185);
#7149=FILL_AREA_STYLE_COLOUR('',#7185);
#7150=FILL_AREA_STYLE_COLOUR('',#7185);
#7151=FILL_AREA_STYLE_COLOUR('',#7185);
#7152=FILL_AREA_STYLE_COLOUR('',#7185);
#7153=FILL_AREA_STYLE_COLOUR('',#7185);
#7154=FILL_AREA_STYLE_COLOUR('',#7185);
#7155=FILL_AREA_STYLE_COLOUR('',#7185);
#7156=FILL_AREA_STYLE_COLOUR('',#7185);
#7157=FILL_AREA_STYLE_COLOUR('',#7185);
#7158=FILL_AREA_STYLE_COLOUR('',#7185);
#7159=FILL_AREA_STYLE_COLOUR('',#7185);
#7160=FILL_AREA_STYLE_COLOUR('',#7185);
#7161=FILL_AREA_STYLE_COLOUR('',#7185);
#7162=FILL_AREA_STYLE_COLOUR('',#7185);
#7163=FILL_AREA_STYLE_COLOUR('',#7185);
#7164=FILL_AREA_STYLE_COLOUR('',#7185);
#7165=FILL_AREA_STYLE_COLOUR('',#7185);
#7166=FILL_AREA_STYLE_COLOUR('',#7185);
#7167=FILL_AREA_STYLE_COLOUR('',#7185);
#7168=FILL_AREA_STYLE_COLOUR('',#7185);
#7169=FILL_AREA_STYLE_COLOUR('',#7185);
#7170=FILL_AREA_STYLE_COLOUR('',#7185);
#7171=FILL_AREA_STYLE_COLOUR('',#7185);
#7172=FILL_AREA_STYLE_COLOUR('',#7185);
#7173=FILL_AREA_STYLE_COLOUR('',#7185);
#7174=FILL_AREA_STYLE_COLOUR('',#7185);
#7175=FILL_AREA_STYLE_COLOUR('',#7185);
#7176=FILL_AREA_STYLE_COLOUR('',#7185);
#7177=FILL_AREA_STYLE_COLOUR('',#7185);
#7178=FILL_AREA_STYLE_COLOUR('',#7185);
#7179=FILL_AREA_STYLE_COLOUR('',#7185);
#7180=FILL_AREA_STYLE_COLOUR('',#7185);
#7181=FILL_AREA_STYLE_COLOUR('',#7185);
#7182=FILL_AREA_STYLE_COLOUR('',#7185);
#7183=FILL_AREA_STYLE_COLOUR('',#7185);
#7184=COLOUR_RGB('',0.649999976158142,0.388235300779343,0.);
#7185=COLOUR_RGB('',0.699999988079071,0.699999988079071,0.699999988079071);
#7186=COLOUR_RGB('',0.200000002980232,0.200000002980232,0.200000002980232);
#7187=COLOUR_RGB('',0.87058824300766,0.633254885673523,0.172549024224281);
#7188=ADVANCED_FACE('',(#4465),#4795,.T.);
#7189=ADVANCED_FACE('',(#4466),#4796,.T.);
#7190=ADVANCED_FACE('',(#4467),#4797,.T.);
#7191=ADVANCED_FACE('',(#4468,#4469,#4470,#4471),#4798,.T.);
#7192=ADVANCED_FACE('',(#4472),#4799,.F.);
#7193=ADVANCED_FACE('',(#4473),#4800,.T.);
#7194=ADVANCED_FACE('',(#4474),#89,.F.);
#7195=ADVANCED_FACE('',(#4475),#90,.T.);
#7196=ADVANCED_FACE('',(#4476),#91,.F.);
#7197=ADVANCED_FACE('',(#4477),#92,.T.);
#7198=ADVANCED_FACE('',(#4478,#4479,#4480),#4801,.T.);
#7199=ADVANCED_FACE('',(#4481,#4482,#4483),#4802,.F.);
#7200=ADVANCED_FACE('',(#4484),#4803,.T.);
#7201=ADVANCED_FACE('',(#4485),#4804,.T.);
#7202=ADVANCED_FACE('',(#4486),#4805,.T.);
#7203=ADVANCED_FACE('',(#4487),#4806,.T.);
#7204=ADVANCED_FACE('',(#4488),#93,.T.);
#7205=ADVANCED_FACE('',(#4489),#94,.T.);
#7206=ADVANCED_FACE('',(#4490),#95,.T.);
#7207=ADVANCED_FACE('',(#4491),#96,.T.);
#7208=ADVANCED_FACE('',(#4492),#4807,.T.);
#7209=ADVANCED_FACE('',(#4493),#4808,.T.);
#7210=ADVANCED_FACE('',(#4494),#4809,.T.);
#7211=ADVANCED_FACE('',(#4495),#4810,.T.);
#7212=ADVANCED_FACE('',(#4496),#4811,.F.);
#7213=ADVANCED_FACE('',(#4497),#97,.T.);
#7214=ADVANCED_FACE('',(#4498),#98,.T.);
#7215=ADVANCED_FACE('',(#4499),#99,.T.);
#7216=ADVANCED_FACE('',(#4500),#100,.T.);
#7217=ADVANCED_FACE('',(#4501),#4812,.T.);
#7218=ADVANCED_FACE('',(#4502),#4813,.T.);
#7219=ADVANCED_FACE('',(#4503),#4814,.T.);
#7220=ADVANCED_FACE('',(#4504),#4815,.T.);
#7221=ADVANCED_FACE('',(#4505),#4816,.F.);
#7222=ADVANCED_FACE('',(#4506),#4817,.T.);
#7223=ADVANCED_FACE('',(#4507),#4818,.T.);
#7224=ADVANCED_FACE('',(#4508),#4819,.T.);
#7225=ADVANCED_FACE('',(#4509),#4820,.F.);
#7226=ADVANCED_FACE('',(#4510),#83,.T.);
#7227=ADVANCED_FACE('',(#4511),#101,.T.);
#7228=ADVANCED_FACE('',(#4512),#102,.T.);
#7229=ADVANCED_FACE('',(#4513),#84,.T.);
#7230=ADVANCED_FACE('',(#4514),#85,.T.);
#7231=ADVANCED_FACE('',(#4515),#103,.T.);
#7232=ADVANCED_FACE('',(#4516),#104,.T.);
#7233=ADVANCED_FACE('',(#4517),#86,.T.);
#7234=ADVANCED_FACE('',(#4518),#4821,.T.);
#7235=ADVANCED_FACE('',(#4519),#4822,.F.);
#7236=ADVANCED_FACE('',(#4520),#4823,.F.);
#7237=ADVANCED_FACE('',(#4521),#4824,.T.);
#7238=ADVANCED_FACE('',(#4522),#4825,.F.);
#7239=ADVANCED_FACE('',(#4523),#4826,.F.);
#7240=ADVANCED_FACE('',(#4524),#105,.T.);
#7241=ADVANCED_FACE('',(#4525),#106,.T.);
#7242=ADVANCED_FACE('',(#4526),#107,.T.);
#7243=ADVANCED_FACE('',(#4527),#4827,.F.);
#7244=ADVANCED_FACE('',(#4528),#4828,.T.);
#7245=ADVANCED_FACE('',(#4529),#4829,.T.);
#7246=ADVANCED_FACE('',(#4530),#4830,.F.);
#7247=ADVANCED_FACE('',(#4531),#108,.F.);
#7248=ADVANCED_FACE('',(#4532),#4831,.T.);
#7249=ADVANCED_FACE('',(#4533),#4832,.T.);
#7250=ADVANCED_FACE('',(#4534),#4833,.T.);
#7251=ADVANCED_FACE('',(#4535),#4834,.F.);
#7252=ADVANCED_FACE('',(#4536),#4835,.T.);
#7253=ADVANCED_FACE('',(#4537),#4836,.T.);
#7254=ADVANCED_FACE('',(#4538),#4837,.T.);
#7255=ADVANCED_FACE('',(#4539),#4838,.F.);
#7256=ADVANCED_FACE('',(#4540),#4839,.T.);
#7257=ADVANCED_FACE('',(#4541),#4840,.T.);
#7258=ADVANCED_FACE('',(#4542),#4841,.T.);
#7259=ADVANCED_FACE('',(#4543),#4842,.F.);
#7260=ADVANCED_FACE('',(#4544),#4843,.T.);
#7261=ADVANCED_FACE('',(#4545),#4844,.T.);
#7262=ADVANCED_FACE('',(#4546),#4845,.T.);
#7263=ADVANCED_FACE('',(#4547),#4846,.F.);
#7264=ADVANCED_FACE('',(#4548),#4847,.T.);
#7265=ADVANCED_FACE('',(#4549),#4848,.T.);
#7266=ADVANCED_FACE('',(#4550),#4849,.T.);
#7267=ADVANCED_FACE('',(#4551),#4850,.F.);
#7268=ADVANCED_FACE('',(#4552),#4851,.T.);
#7269=ADVANCED_FACE('',(#4553),#4852,.T.);
#7270=ADVANCED_FACE('',(#4554),#4853,.T.);
#7271=ADVANCED_FACE('',(#4555),#4854,.F.);
#7272=ADVANCED_FACE('',(#4556),#4855,.T.);
#7273=ADVANCED_FACE('',(#4557),#4856,.T.);
#7274=ADVANCED_FACE('',(#4558),#4857,.T.);
#7275=ADVANCED_FACE('',(#4559),#4858,.F.);
#7276=ADVANCED_FACE('',(#4560),#4859,.T.);
#7277=ADVANCED_FACE('',(#4561),#4860,.T.);
#7278=ADVANCED_FACE('',(#4562),#4861,.T.);
#7279=ADVANCED_FACE('',(#4563),#4862,.F.);
#7280=ADVANCED_FACE('',(#4564),#4863,.T.);
#7281=ADVANCED_FACE('',(#4565),#4864,.T.);
#7282=ADVANCED_FACE('',(#4566),#4865,.T.);
#7283=ADVANCED_FACE('',(#4567),#4866,.F.);
#7284=ADVANCED_FACE('',(#4568),#4867,.T.);
#7285=ADVANCED_FACE('',(#4569),#4868,.T.);
#7286=ADVANCED_FACE('',(#4570),#4869,.T.);
#7287=ADVANCED_FACE('',(#4571),#4870,.F.);
#7288=ADVANCED_FACE('',(#4572),#4871,.T.);
#7289=ADVANCED_FACE('',(#4573),#4872,.T.);
#7290=ADVANCED_FACE('',(#4574),#4873,.T.);
#7291=ADVANCED_FACE('',(#4575),#4874,.F.);
#7292=ADVANCED_FACE('',(#4576),#4875,.T.);
#7293=ADVANCED_FACE('',(#4577),#4876,.T.);
#7294=ADVANCED_FACE('',(#4578),#4877,.T.);
#7295=ADVANCED_FACE('',(#4579),#4878,.F.);
#7296=ADVANCED_FACE('',(#4580),#4879,.T.);
#7297=ADVANCED_FACE('',(#4581),#4880,.T.);
#7298=ADVANCED_FACE('',(#4582),#4881,.T.);
#7299=ADVANCED_FACE('',(#4583),#4882,.T.);
#7300=ADVANCED_FACE('',(#4584),#4883,.T.);
#7301=ADVANCED_FACE('',(#4585),#4884,.T.);
#7302=ADVANCED_FACE('',(#4586),#4885,.T.);
#7303=ADVANCED_FACE('',(#4587),#4886,.T.);
#7304=ADVANCED_FACE('',(#4588),#4887,.T.);
#7305=ADVANCED_FACE('',(#4589),#4888,.T.);
#7306=ADVANCED_FACE('',(#4590),#4889,.T.);
#7307=ADVANCED_FACE('',(#4591),#40,.T.);
#7308=ADVANCED_FACE('',(#4592),#4890,.T.);
#7309=ADVANCED_FACE('',(#4593),#41,.T.);
#7310=ADVANCED_FACE('',(#4594),#4891,.T.);
#7311=ADVANCED_FACE('',(#4595),#42,.T.);
#7312=ADVANCED_FACE('',(#4596),#4892,.T.);
#7313=ADVANCED_FACE('',(#4597),#4893,.F.);
#7314=ADVANCED_FACE('',(#4598),#4894,.T.);
#7315=ADVANCED_FACE('',(#4599),#4895,.T.);
#7316=ADVANCED_FACE('',(#4600),#4896,.T.);
#7317=ADVANCED_FACE('',(#4601),#4897,.T.);
#7318=ADVANCED_FACE('',(#4602),#4898,.T.);
#7319=ADVANCED_FACE('',(#4603),#4899,.T.);
#7320=ADVANCED_FACE('',(#4604),#4900,.T.);
#7321=ADVANCED_FACE('',(#4605),#4901,.T.);
#7322=ADVANCED_FACE('',(#4606),#4902,.F.);
#7323=ADVANCED_FACE('',(#4607),#43,.F.);
#7324=ADVANCED_FACE('',(#4608),#4903,.F.);
#7325=ADVANCED_FACE('',(#4609),#44,.F.);
#7326=ADVANCED_FACE('',(#4610),#4904,.F.);
#7327=ADVANCED_FACE('',(#4611),#4905,.F.);
#7328=ADVANCED_FACE('',(#4612),#4906,.T.);
#7329=ADVANCED_FACE('',(#4613,#4614),#45,.F.);
#7330=ADVANCED_FACE('',(#4615,#4616),#46,.F.);
#7331=ADVANCED_FACE('',(#4617,#4618),#4907,.F.);
#7332=ADVANCED_FACE('',(#4619,#4620),#4908,.T.);
#7333=ADVANCED_FACE('',(#4621),#47,.F.);
#7334=ADVANCED_FACE('',(#4622),#4909,.F.);
#7335=ADVANCED_FACE('',(#4623),#48,.F.);
#7336=ADVANCED_FACE('',(#4624),#4910,.F.);
#7337=ADVANCED_FACE('',(#4625),#4911,.F.);
#7338=ADVANCED_FACE('',(#4626),#4912,.F.);
#7339=ADVANCED_FACE('',(#4627),#4913,.F.);
#7340=ADVANCED_FACE('',(#4628),#4914,.F.);
#7341=ADVANCED_FACE('',(#4629),#4915,.F.);
#7342=ADVANCED_FACE('',(#4630),#4916,.T.);
#7343=ADVANCED_FACE('',(#4631),#49,.F.);
#7344=ADVANCED_FACE('',(#4632),#4917,.F.);
#7345=ADVANCED_FACE('',(#4633),#50,.F.);
#7346=ADVANCED_FACE('',(#4634),#51,.F.);
#7347=ADVANCED_FACE('',(#4635),#4918,.F.);
#7348=ADVANCED_FACE('',(#4636),#4919,.F.);
#7349=ADVANCED_FACE('',(#4637),#4920,.F.);
#7350=ADVANCED_FACE('',(#4638),#4921,.F.);
#7351=ADVANCED_FACE('',(#4639),#4922,.T.);
#7352=ADVANCED_FACE('',(#4640),#4923,.F.);
#7353=ADVANCED_FACE('',(#4641),#4924,.F.);
#7354=ADVANCED_FACE('',(#4642),#4925,.F.);
#7355=ADVANCED_FACE('',(#4643),#4926,.F.);
#7356=ADVANCED_FACE('',(#4644),#4927,.F.);
#7357=ADVANCED_FACE('',(#4645),#4928,.F.);
#7358=ADVANCED_FACE('',(#4646),#4929,.F.);
#7359=ADVANCED_FACE('',(#4647),#4930,.F.);
#7360=ADVANCED_FACE('',(#4648),#4931,.F.);
#7361=ADVANCED_FACE('',(#4649),#4932,.F.);
#7362=ADVANCED_FACE('',(#4650),#4933,.F.);
#7363=ADVANCED_FACE('',(#4651),#4934,.F.);
#7364=ADVANCED_FACE('',(#4652),#4935,.F.);
#7365=ADVANCED_FACE('',(#4653),#4936,.F.);
#7366=ADVANCED_FACE('',(#4654),#4937,.T.);
#7367=ADVANCED_FACE('',(#4655),#4938,.F.);
#7368=ADVANCED_FACE('',(#4656),#4939,.F.);
#7369=ADVANCED_FACE('',(#4657),#4940,.F.);
#7370=ADVANCED_FACE('',(#4658),#4941,.F.);
#7371=ADVANCED_FACE('',(#4659),#4942,.F.);
#7372=ADVANCED_FACE('',(#4660),#4943,.T.);
#7373=ADVANCED_FACE('',(#4661),#4944,.F.);
#7374=ADVANCED_FACE('',(#4662),#4945,.F.);
#7375=ADVANCED_FACE('',(#4663),#4946,.F.);
#7376=ADVANCED_FACE('',(#4664),#4947,.F.);
#7377=ADVANCED_FACE('',(#4665),#4948,.F.);
#7378=ADVANCED_FACE('',(#4666),#4949,.T.);
#7379=ADVANCED_FACE('',(#4667),#4950,.F.);
#7380=ADVANCED_FACE('',(#4668),#52,.F.);
#7381=ADVANCED_FACE('',(#4669),#53,.F.);
#7382=ADVANCED_FACE('',(#4670),#4951,.F.);
#7383=ADVANCED_FACE('',(#4671),#54,.F.);
#7384=ADVANCED_FACE('',(#4672),#55,.F.);
#7385=ADVANCED_FACE('',(#4673),#4952,.F.);
#7386=ADVANCED_FACE('',(#4674),#4953,.T.);
#7387=ADVANCED_FACE('',(#4675),#56,.F.);
#7388=ADVANCED_FACE('',(#4676),#4954,.F.);
#7389=ADVANCED_FACE('',(#4677),#57,.F.);
#7390=ADVANCED_FACE('',(#4678),#4955,.F.);
#7391=ADVANCED_FACE('',(#4679),#4956,.F.);
#7392=ADVANCED_FACE('',(#4680),#4957,.F.);
#7393=ADVANCED_FACE('',(#4681),#4958,.F.);
#7394=ADVANCED_FACE('',(#4682),#4959,.F.);
#7395=ADVANCED_FACE('',(#4683),#4960,.F.);
#7396=ADVANCED_FACE('',(#4684),#4961,.T.);
#7397=ADVANCED_FACE('',(#4685),#4962,.F.);
#7398=ADVANCED_FACE('',(#4686),#58,.F.);
#7399=ADVANCED_FACE('',(#4687),#59,.F.);
#7400=ADVANCED_FACE('',(#4688),#4963,.F.);
#7401=ADVANCED_FACE('',(#4689),#60,.F.);
#7402=ADVANCED_FACE('',(#4690),#61,.F.);
#7403=ADVANCED_FACE('',(#4691,#4692),#4964,.F.);
#7404=ADVANCED_FACE('',(#4693,#4694),#4965,.T.);
#7405=ADVANCED_FACE('',(#4695),#62,.F.);
#7406=ADVANCED_FACE('',(#4696),#4966,.F.);
#7407=ADVANCED_FACE('',(#4697),#63,.F.);
#7408=ADVANCED_FACE('',(#4698),#4967,.F.);
#7409=ADVANCED_FACE('',(#4699),#4968,.F.);
#7410=ADVANCED_FACE('',(#4700),#64,.F.);
#7411=ADVANCED_FACE('',(#4701),#4969,.F.);
#7412=ADVANCED_FACE('',(#4702,#4703),#4970,.F.);
#7413=ADVANCED_FACE('',(#4704,#4705),#4971,.T.);
#7414=ADVANCED_FACE('',(#4706),#65,.F.);
#7415=ADVANCED_FACE('',(#4707),#4972,.F.);
#7416=ADVANCED_FACE('',(#4708),#66,.F.);
#7417=ADVANCED_FACE('',(#4709),#4973,.F.);
#7418=ADVANCED_FACE('',(#4710),#4974,.T.);
#7419=ADVANCED_FACE('',(#4711),#4975,.F.);
#7420=ADVANCED_FACE('',(#4712),#4976,.F.);
#7421=ADVANCED_FACE('',(#4713),#4977,.F.);
#7422=ADVANCED_FACE('',(#4714),#4978,.F.);
#7423=ADVANCED_FACE('',(#4715),#4979,.F.);
#7424=ADVANCED_FACE('',(#4716),#4980,.F.);
#7425=ADVANCED_FACE('',(#4717),#4981,.F.);
#7426=ADVANCED_FACE('',(#4718),#4982,.F.);
#7427=ADVANCED_FACE('',(#4719),#4983,.T.);
#7428=ADVANCED_FACE('',(#4720,#4721),#67,.F.);
#7429=ADVANCED_FACE('',(#4722,#4723),#68,.F.);
#7430=ADVANCED_FACE('',(#4724,#4725),#4984,.F.);
#7431=ADVANCED_FACE('',(#4726,#4727),#4985,.T.);
#7432=ADVANCED_FACE('',(#4728),#69,.F.);
#7433=ADVANCED_FACE('',(#4729),#4986,.F.);
#7434=ADVANCED_FACE('',(#4730),#70,.F.);
#7435=ADVANCED_FACE('',(#4731),#4987,.F.);
#7436=ADVANCED_FACE('',(#4732),#4988,.F.);
#7437=ADVANCED_FACE('',(#4733),#71,.F.);
#7438=ADVANCED_FACE('',(#4734),#4989,.F.);
#7439=ADVANCED_FACE('',(#4735,#4736),#4990,.F.);
#7440=ADVANCED_FACE('',(#4737,#4738),#4991,.T.);
#7441=ADVANCED_FACE('',(#4739),#4992,.F.);
#7442=ADVANCED_FACE('',(#4740),#72,.F.);
#7443=ADVANCED_FACE('',(#4741),#4993,.F.);
#7444=ADVANCED_FACE('',(#4742),#4994,.F.);
#7445=ADVANCED_FACE('',(#4743),#4995,.F.);
#7446=ADVANCED_FACE('',(#4744),#4996,.F.);
#7447=ADVANCED_FACE('',(#4745),#4997,.F.);
#7448=ADVANCED_FACE('',(#4746),#4998,.F.);
#7449=ADVANCED_FACE('',(#4747),#4999,.F.);
#7450=ADVANCED_FACE('',(#4748),#5000,.F.);
#7451=ADVANCED_FACE('',(#4749),#5001,.F.);
#7452=ADVANCED_FACE('',(#4750),#73,.F.);
#7453=ADVANCED_FACE('',(#4751),#5002,.F.);
#7454=ADVANCED_FACE('',(#4752),#5003,.T.);
#7455=ADVANCED_FACE('',(#4753),#5004,.F.);
#7456=ADVANCED_FACE('',(#4754),#5005,.F.);
#7457=ADVANCED_FACE('',(#4755),#74,.F.);
#7458=ADVANCED_FACE('',(#4756),#5006,.F.);
#7459=ADVANCED_FACE('',(#4757),#5007,.F.);
#7460=ADVANCED_FACE('',(#4758),#5008,.F.);
#7461=ADVANCED_FACE('',(#4759),#5009,.F.);
#7462=ADVANCED_FACE('',(#4760),#5010,.F.);
#7463=ADVANCED_FACE('',(#4761),#5011,.F.);
#7464=ADVANCED_FACE('',(#4762),#5012,.F.);
#7465=ADVANCED_FACE('',(#4763),#5013,.F.);
#7466=ADVANCED_FACE('',(#4764),#5014,.F.);
#7467=ADVANCED_FACE('',(#4765),#75,.F.);
#7468=ADVANCED_FACE('',(#4766),#5015,.F.);
#7469=ADVANCED_FACE('',(#4767),#5016,.T.);
#7470=ADVANCED_FACE('',(#4768),#5017,.F.);
#7471=ADVANCED_FACE('',(#4769),#76,.F.);
#7472=ADVANCED_FACE('',(#4770),#5018,.F.);
#7473=ADVANCED_FACE('',(#4771),#77,.F.);
#7474=ADVANCED_FACE('',(#4772),#5019,.F.);
#7475=ADVANCED_FACE('',(#4773),#5020,.T.);
#7476=ADVANCED_FACE('',(#4774),#5021,.F.);
#7477=ADVANCED_FACE('',(#4775),#78,.F.);
#7478=ADVANCED_FACE('',(#4776),#5022,.F.);
#7479=ADVANCED_FACE('',(#4777),#79,.F.);
#7480=ADVANCED_FACE('',(#4778),#5023,.F.);
#7481=ADVANCED_FACE('',(#4779),#5024,.F.);
#7482=ADVANCED_FACE('',(#4780),#80,.F.);
#7483=ADVANCED_FACE('',(#4781),#5025,.F.);
#7484=ADVANCED_FACE('',(#4782,#4783),#5026,.F.);
#7485=ADVANCED_FACE('',(#4784,#4785),#5027,.T.);
#7486=ADVANCED_FACE('',(#4786),#5028,.F.);
#7487=ADVANCED_FACE('',(#4787),#5029,.F.);
#7488=ADVANCED_FACE('',(#4788),#81,.F.);
#7489=ADVANCED_FACE('',(#4789),#5030,.F.);
#7490=ADVANCED_FACE('',(#4790),#5031,.F.);
#7491=ADVANCED_FACE('',(#4791),#5032,.F.);
#7492=ADVANCED_FACE('',(#4792),#82,.F.);
#7493=ADVANCED_FACE('',(#4793),#5033,.T.);
#7494=ADVANCED_FACE('',(#4794),#5034,.F.);
#7495=CLOSED_SHELL('',(#7188,#7189,#7190,#7191,#7192,#7193,#7194,#7195,
#7196,#7197,#7198,#7199,#7200,#7201,#7202,#7203,#7204,#7205,#7206,#7207,
#7208,#7209,#7210,#7211,#7212,#7213,#7214,#7215,#7216,#7217,#7218,#7219,
#7220,#7221,#7222,#7223,#7224,#7225,#7226,#7227,#7228,#7229,#7230,#7231,
#7232,#7233,#7234,#7235,#7236,#7237,#7238,#7239,#7240,#7241,#7242,#7243,
#7244,#7245,#7246,#7247,#7248,#7249,#7250,#7251,#7252,#7253,#7254,#7255,
#7256,#7257,#7258,#7259,#7260,#7261,#7262,#7263,#7264,#7265,#7266,#7267,
#7268,#7269,#7270,#7271,#7272,#7273,#7274,#7275,#7276,#7277,#7278,#7279,
#7280,#7281,#7282,#7283,#7284,#7285,#7286,#7287,#7288,#7289,#7290,#7291,
#7292,#7293,#7294,#7295,#7296,#7297,#7298,#7299,#7300,#7301,#7302,#7303,
#7304,#7305,#7306,#7307,#7308,#7309,#7310,#7311,#7312,#7313,#7314,#7315,
#7316,#7317,#7318,#7319,#7320,#7321));
#7496=CLOSED_SHELL('',(#7322,#7323,#7324,#7325,#7326,#7327,#7328));
#7497=CLOSED_SHELL('',(#7329,#7330,#7331,#7332));
#7498=CLOSED_SHELL('',(#7333,#7334,#7335,#7336,#7337,#7338,#7339,#7340,
#7341,#7342));
#7499=CLOSED_SHELL('',(#7343,#7344,#7345,#7346,#7347,#7348,#7349,#7350,
#7351));
#7500=CLOSED_SHELL('',(#7352,#7353,#7354,#7355,#7356,#7357,#7358,#7359,
#7360,#7361,#7362,#7363,#7364,#7365,#7366));
#7501=CLOSED_SHELL('',(#7367,#7368,#7369,#7370,#7371,#7372));
#7502=CLOSED_SHELL('',(#7373,#7374,#7375,#7376,#7377,#7378));
#7503=CLOSED_SHELL('',(#7379,#7380,#7381,#7382,#7383,#7384,#7385,#7386));
#7504=CLOSED_SHELL('',(#7387,#7388,#7389,#7390,#7391,#7392,#7393,#7394,
#7395,#7396));
#7505=CLOSED_SHELL('',(#7397,#7398,#7399,#7400,#7401,#7402,#7403,#7404));
#7506=CLOSED_SHELL('',(#7405,#7406,#7407,#7408,#7409,#7410,#7411,#7412,
#7413));
#7507=CLOSED_SHELL('',(#7414,#7415,#7416,#7417,#7418,#7419));
#7508=CLOSED_SHELL('',(#7420,#7421,#7422,#7423,#7424,#7425,#7426,#7427));
#7509=CLOSED_SHELL('',(#7428,#7429,#7430,#7431));
#7510=CLOSED_SHELL('',(#7432,#7433,#7434,#7435,#7436,#7437,#7438,#7439,
#7440));
#7511=CLOSED_SHELL('',(#7441,#7442,#7443,#7444,#7445,#7446,#7447,#7448,
#7449,#7450,#7451,#7452,#7453,#7454,#7455));
#7512=CLOSED_SHELL('',(#7456,#7457,#7458,#7459,#7460,#7461,#7462,#7463,
#7464,#7465,#7466,#7467,#7468,#7469,#7470));
#7513=CLOSED_SHELL('',(#7471,#7472,#7473,#7474,#7475,#7476));
#7514=CLOSED_SHELL('',(#7477,#7478,#7479,#7480,#7481,#7482,#7483,#7484,
#7485));
#7515=CLOSED_SHELL('',(#7486,#7487,#7488,#7489,#7490,#7491,#7492,#7493,
#7494));
#7516=BREP_WITH_VOIDS('',#7495,(#20,#21,#22,#23,#24,#25,#26,#27,#28,#29,
#30,#31,#32,#33,#34,#35,#36,#37,#38,#39));
#7517=SHAPE_DEFINITION_REPRESENTATION(#12905,#7518);
#7518=SHAPE_REPRESENTATION('Lcd - 1.69in - St7789 - Flat Flush',(#7519),
#12900);
#7519=AXIS2_PLACEMENT_3D('',#8880,#7828,#7829);
#7520=AXIS2_PLACEMENT_3D('',#8881,#7830,#7831);
#7521=AXIS2_PLACEMENT_3D('',#8890,#7836,#7837);
#7522=AXIS2_PLACEMENT_3D('',#8899,#7842,#7843);
#7523=AXIS2_PLACEMENT_3D('',#8908,#7848,#7849);
#7524=AXIS2_PLACEMENT_3D('',#8989,#7872,#7873);
#7525=AXIS2_PLACEMENT_3D('',#8993,#7875,#7876);
#7526=AXIS2_PLACEMENT_3D('',#8997,#7878,#7879);
#7527=AXIS2_PLACEMENT_3D('',#9018,#7890,#7891);
#7528=AXIS2_PLACEMENT_3D('',#9113,#7939,#7940);
#7529=AXIS2_PLACEMENT_3D('',#9119,#7944,#7945);
#7530=AXIS2_PLACEMENT_3D('',#9185,#7985,#7986);
#7531=AXIS2_PLACEMENT_3D('',#9189,#7988,#7989);
#7532=AXIS2_PLACEMENT_3D('',#9190,#7990,#7991);
#7533=AXIS2_PLACEMENT_3D('',#9191,#7992,#7993);
#7534=AXIS2_PLACEMENT_3D('',#9192,#7994,#7995);
#7535=AXIS2_PLACEMENT_3D('',#9196,#7997,#7998);
#7536=AXIS2_PLACEMENT_3D('',#9197,#7999,#8000);
#7537=AXIS2_PLACEMENT_3D('',#9198,#8001,#8002);
#7538=AXIS2_PLACEMENT_3D('',#9200,#8003,#8004);
#7539=AXIS2_PLACEMENT_3D('',#9203,#8006,#8007);
#7540=AXIS2_PLACEMENT_3D('',#9204,#8008,#8009);
#7541=AXIS2_PLACEMENT_3D('',#9208,#8011,#8012);
#7542=AXIS2_PLACEMENT_3D('',#9209,#8013,#8014);
#7543=AXIS2_PLACEMENT_3D('',#9230,#8027,#8028);
#7544=AXIS2_PLACEMENT_3D('',#9236,#8032,#8033);
#7545=AXIS2_PLACEMENT_3D('',#9240,#8035,#8036);
#7546=AXIS2_PLACEMENT_3D('',#9244,#8038,#8039);
#7547=AXIS2_PLACEMENT_3D('',#9248,#8041,#8042);
#7548=AXIS2_PLACEMENT_3D('',#9260,#8048,#8049);
#7549=AXIS2_PLACEMENT_3D('',#9264,#8051,#8052);
#7550=AXIS2_PLACEMENT_3D('',#9268,#8054,#8055);
#7551=AXIS2_PLACEMENT_3D('',#9272,#8057,#8058);
#7552=AXIS2_PLACEMENT_3D('',#9273,#8059,#8060);
#7553=AXIS2_PLACEMENT_3D('',#9279,#8064,#8065);
#7554=AXIS2_PLACEMENT_3D('',#9285,#8069,#8070);
#7555=AXIS2_PLACEMENT_3D('',#9291,#8074,#8075);
#7556=AXIS2_PLACEMENT_3D('',#9295,#8077,#8078);
#7557=AXIS2_PLACEMENT_3D('',#9299,#8080,#8081);
#7558=AXIS2_PLACEMENT_3D('',#9300,#8082,#8083);
#7559=AXIS2_PLACEMENT_3D('',#9306,#8087,#8088);
#7560=AXIS2_PLACEMENT_3D('',#9310,#8090,#8091);
#7561=AXIS2_PLACEMENT_3D('',#9314,#8093,#8094);
#7562=AXIS2_PLACEMENT_3D('',#9318,#8096,#8097);
#7563=AXIS2_PLACEMENT_3D('',#9324,#8101,#8102);
#7564=AXIS2_PLACEMENT_3D('',#9325,#8103,#8104);
#7565=AXIS2_PLACEMENT_3D('',#9326,#8105,#8106);
#7566=AXIS2_PLACEMENT_3D('',#9327,#8107,#8108);
#7567=AXIS2_PLACEMENT_3D('',#9328,#8109,#8110);
#7568=AXIS2_PLACEMENT_3D('',#9329,#8111,#8112);
#7569=AXIS2_PLACEMENT_3D('',#9330,#8113,#8114);
#7570=AXIS2_PLACEMENT_3D('',#9331,#8115,#8116);
#7571=AXIS2_PLACEMENT_3D('',#9332,#8117,#8118);
#7572=AXIS2_PLACEMENT_3D('',#9333,#8119,#8120);
#7573=AXIS2_PLACEMENT_3D('',#9339,#8124,#8125);
#7574=AXIS2_PLACEMENT_3D('',#9345,#8129,#8130);
#7575=AXIS2_PLACEMENT_3D('',#9351,#8134,#8135);
#7576=AXIS2_PLACEMENT_3D('',#9357,#8139,#8140);
#7577=AXIS2_PLACEMENT_3D('',#9358,#8141,#8142);
#7578=AXIS2_PLACEMENT_3D('',#9359,#8143,#8144);
#7579=AXIS2_PLACEMENT_3D('',#9360,#8145,#8146);
#7580=AXIS2_PLACEMENT_3D('',#9361,#8147,#8148);
#7581=AXIS2_PLACEMENT_3D('',#9362,#8149,#8150);
#7582=AXIS2_PLACEMENT_3D('',#9363,#8151,#8152);
#7583=AXIS2_PLACEMENT_3D('',#9364,#8153,#8154);
#7584=AXIS2_PLACEMENT_3D('',#9365,#8155,#8156);
#7585=AXIS2_PLACEMENT_3D('',#9366,#8157,#8158);
#7586=AXIS2_PLACEMENT_3D('',#9372,#8162,#8163);
#7587=AXIS2_PLACEMENT_3D('',#9376,#8166,#8167);
#7588=AXIS2_PLACEMENT_3D('',#9380,#8170,#8171);
#7589=AXIS2_PLACEMENT_3D('',#9382,#8173,#8174);
#7590=AXIS2_PLACEMENT_3D('',#9383,#8175,#8176);
#7591=AXIS2_PLACEMENT_3D('',#9387,#8179,#8180);
#7592=AXIS2_PLACEMENT_3D('',#9391,#8183,#8184);
#7593=AXIS2_PLACEMENT_3D('',#9393,#8186,#8187);
#7594=AXIS2_PLACEMENT_3D('',#9394,#8188,#8189);
#7595=AXIS2_PLACEMENT_3D('',#9395,#8190,#8191);
#7596=AXIS2_PLACEMENT_3D('',#9396,#8192,#8193);
#7597=AXIS2_PLACEMENT_3D('',#9397,#8194,#8195);
#7598=AXIS2_PLACEMENT_3D('',#9398,#8196,#8197);
#7599=AXIS2_PLACEMENT_3D('',#9399,#8198,#8199);
#7600=AXIS2_PLACEMENT_3D('',#9400,#8200,#8201);
#7601=AXIS2_PLACEMENT_3D('',#9401,#8202,#8203);
#7602=AXIS2_PLACEMENT_3D('',#9402,#8204,#8205);
#7603=AXIS2_PLACEMENT_3D('',#9403,#8206,#8207);
#7604=AXIS2_PLACEMENT_3D('',#9404,#8208,#8209);
#7605=AXIS2_PLACEMENT_3D('',#9405,#8210,#8211);
#7606=AXIS2_PLACEMENT_3D('',#9406,#8212,#8213);
#7607=AXIS2_PLACEMENT_3D('',#9408,#8215,#8216);
#7608=AXIS2_PLACEMENT_3D('',#9409,#8217,#8218);
#7609=AXIS2_PLACEMENT_3D('',#9410,#8219,#8220);
#7610=AXIS2_PLACEMENT_3D('',#9411,#8221,#8222);
#7611=AXIS2_PLACEMENT_3D('',#9413,#8224,#8225);
#7612=AXIS2_PLACEMENT_3D('',#9417,#8228,#8229);
#7613=AXIS2_PLACEMENT_3D('',#9421,#8232,#8233);
#7614=AXIS2_PLACEMENT_3D('',#9423,#8235,#8236);
#7615=AXIS2_PLACEMENT_3D('',#9426,#8239,#8240);
#7616=AXIS2_PLACEMENT_3D('',#9429,#8243,#8244);
#7617=AXIS2_PLACEMENT_3D('',#9430,#8245,#8246);
#7618=AXIS2_PLACEMENT_3D('',#9431,#8247,#8248);
#7619=AXIS2_PLACEMENT_3D('',#9432,#8249,#8250);
#7620=AXIS2_PLACEMENT_3D('',#9433,#8251,#8252);
#7621=AXIS2_PLACEMENT_3D('',#9434,#8253,#8254);
#7622=AXIS2_PLACEMENT_3D('',#9436,#8256,#8257);
#7623=AXIS2_PLACEMENT_3D('',#9437,#8258,#8259);
#7624=AXIS2_PLACEMENT_3D('',#9438,#8260,#8261);
#7625=AXIS2_PLACEMENT_3D('',#9444,#8265,#8266);
#7626=AXIS2_PLACEMENT_3D('',#9446,#8268,#8269);
#7627=AXIS2_PLACEMENT_3D('',#9448,#8271,#8272);
#7628=AXIS2_PLACEMENT_3D('',#9449,#8273,#8274);
#7629=AXIS2_PLACEMENT_3D('',#9455,#8278,#8279);
#7630=AXIS2_PLACEMENT_3D('',#9457,#8281,#8282);
#7631=AXIS2_PLACEMENT_3D('',#9459,#8284,#8285);
#7632=AXIS2_PLACEMENT_3D('',#9460,#8286,#8287);
#7633=AXIS2_PLACEMENT_3D('',#9466,#8291,#8292);
#7634=AXIS2_PLACEMENT_3D('',#9468,#8294,#8295);
#7635=AXIS2_PLACEMENT_3D('',#9470,#8297,#8298);
#7636=AXIS2_PLACEMENT_3D('',#9471,#8299,#8300);
#7637=AXIS2_PLACEMENT_3D('',#9477,#8304,#8305);
#7638=AXIS2_PLACEMENT_3D('',#9479,#8307,#8308);
#7639=AXIS2_PLACEMENT_3D('',#9481,#8310,#8311);
#7640=AXIS2_PLACEMENT_3D('',#9482,#8312,#8313);
#7641=AXIS2_PLACEMENT_3D('',#9488,#8317,#8318);
#7642=AXIS2_PLACEMENT_3D('',#9490,#8320,#8321);
#7643=AXIS2_PLACEMENT_3D('',#9492,#8323,#8324);
#7644=AXIS2_PLACEMENT_3D('',#9493,#8325,#8326);
#7645=AXIS2_PLACEMENT_3D('',#9499,#8330,#8331);
#7646=AXIS2_PLACEMENT_3D('',#9501,#8333,#8334);
#7647=AXIS2_PLACEMENT_3D('',#9503,#8336,#8337);
#7648=AXIS2_PLACEMENT_3D('',#9504,#8338,#8339);
#7649=AXIS2_PLACEMENT_3D('',#9510,#8343,#8344);
#7650=AXIS2_PLACEMENT_3D('',#9512,#8346,#8347);
#7651=AXIS2_PLACEMENT_3D('',#9514,#8349,#8350);
#7652=AXIS2_PLACEMENT_3D('',#9515,#8351,#8352);
#7653=AXIS2_PLACEMENT_3D('',#9521,#8356,#8357);
#7654=AXIS2_PLACEMENT_3D('',#9523,#8359,#8360);
#7655=AXIS2_PLACEMENT_3D('',#9525,#8362,#8363);
#7656=AXIS2_PLACEMENT_3D('',#9526,#8364,#8365);
#7657=AXIS2_PLACEMENT_3D('',#9532,#8369,#8370);
#7658=AXIS2_PLACEMENT_3D('',#9534,#8372,#8373);
#7659=AXIS2_PLACEMENT_3D('',#9536,#8375,#8376);
#7660=AXIS2_PLACEMENT_3D('',#9537,#8377,#8378);
#7661=AXIS2_PLACEMENT_3D('',#9543,#8382,#8383);
#7662=AXIS2_PLACEMENT_3D('',#9545,#8385,#8386);
#7663=AXIS2_PLACEMENT_3D('',#9547,#8388,#8389);
#7664=AXIS2_PLACEMENT_3D('',#9548,#8390,#8391);
#7665=AXIS2_PLACEMENT_3D('',#9554,#8395,#8396);
#7666=AXIS2_PLACEMENT_3D('',#9556,#8398,#8399);
#7667=AXIS2_PLACEMENT_3D('',#9558,#8401,#8402);
#7668=AXIS2_PLACEMENT_3D('',#9559,#8403,#8404);
#7669=AXIS2_PLACEMENT_3D('',#9565,#8408,#8409);
#7670=AXIS2_PLACEMENT_3D('',#9567,#8411,#8412);
#7671=AXIS2_PLACEMENT_3D('',#9569,#8414,#8415);
#7672=AXIS2_PLACEMENT_3D('',#9570,#8416,#8417);
#7673=AXIS2_PLACEMENT_3D('',#9577,#8420,#8421);
#7674=AXIS2_PLACEMENT_3D('',#9582,#8423,#8424);
#7675=AXIS2_PLACEMENT_3D('',#9587,#8426,#8427);
#7676=AXIS2_PLACEMENT_3D('',#9592,#8429,#8430);
#7677=AXIS2_PLACEMENT_3D('',#9597,#8432,#8433);
#7678=AXIS2_PLACEMENT_3D('',#9602,#8435,#8436);
#7679=AXIS2_PLACEMENT_3D('',#9605,#8437,#8438);
#7680=AXIS2_PLACEMENT_3D('',#9606,#8439,#8440);
#7681=AXIS2_PLACEMENT_3D('',#9615,#8443,#8444);
#7682=AXIS2_PLACEMENT_3D('',#9622,#8446,#8447);
#7683=AXIS2_PLACEMENT_3D('',#9652,#8450,#8451);
#7684=AXIS2_PLACEMENT_3D('',#9682,#8454,#8455);
#7685=AXIS2_PLACEMENT_3D('',#9725,#8458,#8459);
#7686=AXIS2_PLACEMENT_3D('',#9730,#8460,#8461);
#7687=AXIS2_PLACEMENT_3D('',#9731,#8462,#8463);
#7688=AXIS2_PLACEMENT_3D('',#9738,#8466,#8467);
#7689=AXIS2_PLACEMENT_3D('',#9743,#8469,#8470);
#7690=AXIS2_PLACEMENT_3D('',#9748,#8472,#8473);
#7691=AXIS2_PLACEMENT_3D('',#9753,#8475,#8476);
#7692=AXIS2_PLACEMENT_3D('',#9758,#8478,#8479);
#7693=AXIS2_PLACEMENT_3D('',#9763,#8481,#8482);
#7694=AXIS2_PLACEMENT_3D('',#9766,#8483,#8484);
#7695=AXIS2_PLACEMENT_3D('',#9767,#8485,#8486);
#7696=AXIS2_PLACEMENT_3D('',#9819,#8490,#8491);
#7697=AXIS2_PLACEMENT_3D('',#9878,#8494,#8495);
#7698=AXIS2_PLACEMENT_3D('',#9887,#8496,#8497);
#7699=AXIS2_PLACEMENT_3D('',#9888,#8498,#8499);
#7700=AXIS2_PLACEMENT_3D('',#10081,#8500,#8501);
#7701=AXIS2_PLACEMENT_3D('',#10082,#8502,#8503);
#7702=AXIS2_PLACEMENT_3D('',#10129,#8506,#8507);
#7703=AXIS2_PLACEMENT_3D('',#10184,#8510,#8511);
#7704=AXIS2_PLACEMENT_3D('',#10196,#8513,#8514);
#7705=AXIS2_PLACEMENT_3D('',#10208,#8516,#8517);
#7706=AXIS2_PLACEMENT_3D('',#10220,#8519,#8520);
#7707=AXIS2_PLACEMENT_3D('',#10232,#8522,#8523);
#7708=AXIS2_PLACEMENT_3D('',#10241,#8524,#8525);
#7709=AXIS2_PLACEMENT_3D('',#10242,#8526,#8527);
#7710=AXIS2_PLACEMENT_3D('',#10291,#8530,#8531);
#7711=AXIS2_PLACEMENT_3D('',#10365,#8535,#8536);
#7712=AXIS2_PLACEMENT_3D('',#10377,#8538,#8539);
#7713=AXIS2_PLACEMENT_3D('',#10389,#8541,#8542);
#7714=AXIS2_PLACEMENT_3D('',#10398,#8543,#8544);
#7715=AXIS2_PLACEMENT_3D('',#10399,#8545,#8546);
#7716=AXIS2_PLACEMENT_3D('',#10400,#8547,#8548);
#7717=AXIS2_PLACEMENT_3D('',#10411,#8551,#8552);
#7718=AXIS2_PLACEMENT_3D('',#10419,#8554,#8555);
#7719=AXIS2_PLACEMENT_3D('',#10427,#8557,#8558);
#7720=AXIS2_PLACEMENT_3D('',#10435,#8560,#8561);
#7721=AXIS2_PLACEMENT_3D('',#10443,#8563,#8564);
#7722=AXIS2_PLACEMENT_3D('',#10451,#8566,#8567);
#7723=AXIS2_PLACEMENT_3D('',#10459,#8569,#8570);
#7724=AXIS2_PLACEMENT_3D('',#10467,#8572,#8573);
#7725=AXIS2_PLACEMENT_3D('',#10475,#8575,#8576);
#7726=AXIS2_PLACEMENT_3D('',#10483,#8578,#8579);
#7727=AXIS2_PLACEMENT_3D('',#10491,#8581,#8582);
#7728=AXIS2_PLACEMENT_3D('',#10499,#8584,#8585);
#7729=AXIS2_PLACEMENT_3D('',#10504,#8586,#8587);
#7730=AXIS2_PLACEMENT_3D('',#10505,#8588,#8589);
#7731=AXIS2_PLACEMENT_3D('',#10506,#8590,#8591);
#7732=AXIS2_PLACEMENT_3D('',#10517,#8594,#8595);
#7733=AXIS2_PLACEMENT_3D('',#10525,#8597,#8598);
#7734=AXIS2_PLACEMENT_3D('',#10533,#8600,#8601);
#7735=AXIS2_PLACEMENT_3D('',#10538,#8602,#8603);
#7736=AXIS2_PLACEMENT_3D('',#10539,#8604,#8605);
#7737=AXIS2_PLACEMENT_3D('',#10540,#8606,#8607);
#7738=AXIS2_PLACEMENT_3D('',#10551,#8610,#8611);
#7739=AXIS2_PLACEMENT_3D('',#10559,#8613,#8614);
#7740=AXIS2_PLACEMENT_3D('',#10567,#8616,#8617);
#7741=AXIS2_PLACEMENT_3D('',#10572,#8618,#8619);
#7742=AXIS2_PLACEMENT_3D('',#10573,#8620,#8621);
#7743=AXIS2_PLACEMENT_3D('',#10574,#8622,#8623);
#7744=AXIS2_PLACEMENT_3D('',#10685,#8628,#8629);
#7745=AXIS2_PLACEMENT_3D('',#10770,#8632,#8633);
#7746=AXIS2_PLACEMENT_3D('',#10771,#8634,#8635);
#7747=AXIS2_PLACEMENT_3D('',#10818,#8638,#8639);
#7748=AXIS2_PLACEMENT_3D('',#10873,#8642,#8643);
#7749=AXIS2_PLACEMENT_3D('',#10885,#8645,#8646);
#7750=AXIS2_PLACEMENT_3D('',#10897,#8648,#8649);
#7751=AXIS2_PLACEMENT_3D('',#10909,#8651,#8652);
#7752=AXIS2_PLACEMENT_3D('',#10921,#8654,#8655);
#7753=AXIS2_PLACEMENT_3D('',#10930,#8656,#8657);
#7754=AXIS2_PLACEMENT_3D('',#10931,#8658,#8659);
#7755=AXIS2_PLACEMENT_3D('',#10932,#8660,#8661);
#7756=AXIS2_PLACEMENT_3D('',#11049,#8666,#8667);
#7757=AXIS2_PLACEMENT_3D('',#11168,#8670,#8671);
#7758=AXIS2_PLACEMENT_3D('',#11169,#8672,#8673);
#7759=AXIS2_PLACEMENT_3D('',#11266,#8676,#8677);
#7760=AXIS2_PLACEMENT_3D('',#11319,#8680,#8681);
#7761=AXIS2_PLACEMENT_3D('',#11334,#8684,#8685);
#7762=AXIS2_PLACEMENT_3D('',#11390,#8687,#8688);
#7763=AXIS2_PLACEMENT_3D('',#11399,#8689,#8690);
#7764=AXIS2_PLACEMENT_3D('',#11400,#8691,#8692);
#7765=AXIS2_PLACEMENT_3D('',#11451,#8695,#8696);
#7766=AXIS2_PLACEMENT_3D('',#11512,#8699,#8700);
#7767=AXIS2_PLACEMENT_3D('',#11521,#8701,#8702);
#7768=AXIS2_PLACEMENT_3D('',#11522,#8703,#8704);
#7769=AXIS2_PLACEMENT_3D('',#11523,#8705,#8706);
#7770=AXIS2_PLACEMENT_3D('',#11534,#8709,#8710);
#7771=AXIS2_PLACEMENT_3D('',#11542,#8712,#8713);
#7772=AXIS2_PLACEMENT_3D('',#11550,#8715,#8716);
#7773=AXIS2_PLACEMENT_3D('',#11558,#8718,#8719);
#7774=AXIS2_PLACEMENT_3D('',#11566,#8721,#8722);
#7775=AXIS2_PLACEMENT_3D('',#11571,#8723,#8724);
#7776=AXIS2_PLACEMENT_3D('',#11572,#8725,#8726);
#7777=AXIS2_PLACEMENT_3D('',#11765,#8727,#8728);
#7778=AXIS2_PLACEMENT_3D('',#11766,#8729,#8730);
#7779=AXIS2_PLACEMENT_3D('',#11861,#8733,#8734);
#7780=AXIS2_PLACEMENT_3D('',#11914,#8737,#8738);
#7781=AXIS2_PLACEMENT_3D('',#11929,#8741,#8742);
#7782=AXIS2_PLACEMENT_3D('',#11985,#8744,#8745);
#7783=AXIS2_PLACEMENT_3D('',#11994,#8746,#8747);
#7784=AXIS2_PLACEMENT_3D('',#11995,#8748,#8749);
#7785=AXIS2_PLACEMENT_3D('',#11996,#8750,#8751);
#7786=AXIS2_PLACEMENT_3D('',#12046,#8755,#8756);
#7787=AXIS2_PLACEMENT_3D('',#12058,#8758,#8759);
#7788=AXIS2_PLACEMENT_3D('',#12070,#8761,#8762);
#7789=AXIS2_PLACEMENT_3D('',#12082,#8764,#8765);
#7790=AXIS2_PLACEMENT_3D('',#12094,#8767,#8768);
#7791=AXIS2_PLACEMENT_3D('',#12106,#8770,#8771);
#7792=AXIS2_PLACEMENT_3D('',#12118,#8773,#8774);
#7793=AXIS2_PLACEMENT_3D('',#12130,#8776,#8777);
#7794=AXIS2_PLACEMENT_3D('',#12142,#8779,#8780);
#7795=AXIS2_PLACEMENT_3D('',#12195,#8783,#8784);
#7796=AXIS2_PLACEMENT_3D('',#12204,#8785,#8786);
#7797=AXIS2_PLACEMENT_3D('',#12205,#8787,#8788);
#7798=AXIS2_PLACEMENT_3D('',#12206,#8789,#8790);
#7799=AXIS2_PLACEMENT_3D('',#12256,#8794,#8795);
#7800=AXIS2_PLACEMENT_3D('',#12268,#8797,#8798);
#7801=AXIS2_PLACEMENT_3D('',#12280,#8800,#8801);
#7802=AXIS2_PLACEMENT_3D('',#12292,#8803,#8804);
#7803=AXIS2_PLACEMENT_3D('',#12304,#8806,#8807);
#7804=AXIS2_PLACEMENT_3D('',#12316,#8809,#8810);
#7805=AXIS2_PLACEMENT_3D('',#12328,#8812,#8813);
#7806=AXIS2_PLACEMENT_3D('',#12340,#8815,#8816);
#7807=AXIS2_PLACEMENT_3D('',#12352,#8818,#8819);
#7808=AXIS2_PLACEMENT_3D('',#12405,#8822,#8823);
#7809=AXIS2_PLACEMENT_3D('',#12414,#8824,#8825);
#7810=AXIS2_PLACEMENT_3D('',#12415,#8826,#8827);
#7811=AXIS2_PLACEMENT_3D('',#12466,#8830,#8831);
#7812=AXIS2_PLACEMENT_3D('',#12527,#8834,#8835);
#7813=AXIS2_PLACEMENT_3D('',#12536,#8836,#8837);
#7814=AXIS2_PLACEMENT_3D('',#12537,#8838,#8839);
#7815=AXIS2_PLACEMENT_3D('',#12634,#8842,#8843);
#7816=AXIS2_PLACEMENT_3D('',#12687,#8846,#8847);
#7817=AXIS2_PLACEMENT_3D('',#12702,#8850,#8851);
#7818=AXIS2_PLACEMENT_3D('',#12760,#8853,#8854);
#7819=AXIS2_PLACEMENT_3D('',#12769,#8855,#8856);
#7820=AXIS2_PLACEMENT_3D('',#12770,#8857,#8858);
#7821=AXIS2_PLACEMENT_3D('',#12771,#8859,#8860);
#7822=AXIS2_PLACEMENT_3D('',#12786,#8863,#8864);
#7823=AXIS2_PLACEMENT_3D('',#12827,#8867,#8868);
#7824=AXIS2_PLACEMENT_3D('',#12839,#8870,#8871);
#7825=AXIS2_PLACEMENT_3D('',#12851,#8873,#8874);
#7826=AXIS2_PLACEMENT_3D('',#12897,#8876,#8877);
#7827=AXIS2_PLACEMENT_3D('',#12898,#8878,#8879);
#7828=DIRECTION('',(0.,0.,1.));
#7829=DIRECTION('',(1.,0.,0.));
#7830=DIRECTION('',(0.,0.,1.));
#7831=DIRECTION('',(1.,0.,0.));
#7832=DIRECTION('',(-1.,0.,0.));
#7833=DIRECTION('',(0.,-1.,0.));
#7834=DIRECTION('',(-1.,0.,0.));
#7835=DIRECTION('',(0.,-1.,0.));
#7836=DIRECTION('',(0.,0.,1.));
#7837=DIRECTION('',(1.,0.,0.));
#7838=DIRECTION('',(-1.,0.,0.));
#7839=DIRECTION('',(-4.25177322543316E-16,1.,0.));
#7840=DIRECTION('',(-1.,0.,0.));
#7841=DIRECTION('',(0.,-1.,0.));
#7842=DIRECTION('',(1.,0.,0.));
#7843=DIRECTION('',(0.,0.,-1.));
#7844=DIRECTION('',(0.,1.,0.));
#7845=DIRECTION('',(0.,0.,-1.));
#7846=DIRECTION('',(0.,-1.,0.));
#7847=DIRECTION('',(0.,0.,-1.));
#7848=DIRECTION('',(0.,0.,-1.));
#7849=DIRECTION('',(-1.,0.,0.));
#7850=DIRECTION('',(0.,-1.,0.));
#7851=DIRECTION('',(0.999943418111817,0.0106376959373801,0.));
#7852=DIRECTION('',(0.,1.,0.));
#7853=DIRECTION('',(0.615498370759934,-0.788138157680408,0.));
#7854=DIRECTION('',(1.,0.,0.));
#7855=DIRECTION('',(-0.603734893851856,0.797185159135371,0.));
#7856=DIRECTION('',(-1.,0.,0.));
#7857=DIRECTION('',(0.,-1.,0.));
#7858=DIRECTION('',(1.,0.,0.));
#7859=DIRECTION('',(0.0219727158403364,0.999758570735255,0.));
#7860=DIRECTION('',(0.539666114720437,0.841879138963871,0.));
#7861=DIRECTION('',(1.,0.,0.));
#7862=DIRECTION('',(-1.,0.,0.));
#7863=DIRECTION('',(0.,-1.,0.));
#7864=DIRECTION('',(0.999943418111817,0.0106376959373603,0.));
#7865=DIRECTION('',(0.,1.,0.));
#7866=DIRECTION('',(0.615498370759937,-0.788138157680405,0.));
#7867=DIRECTION('',(1.,0.,0.));
#7868=DIRECTION('',(-0.603734893851856,0.797185159135372,0.));
#7869=DIRECTION('',(-1.,0.,0.));
#7870=DIRECTION('',(-4.33680868994202E-16,-1.,0.));
#7871=DIRECTION('',(-1.,0.,0.));
#7872=DIRECTION('',(0.,0.,-1.));
#7873=DIRECTION('',(-1.,0.,0.));
#7874=DIRECTION('',(0.,1.,0.));
#7875=DIRECTION('',(0.,0.,-1.));
#7876=DIRECTION('',(-1.,0.,0.));
#7877=DIRECTION('',(-1.,1.58364385245281E-16,0.));
#7878=DIRECTION('',(0.,0.,-1.));
#7879=DIRECTION('',(-1.,0.,0.));
#7880=DIRECTION('',(-1.,0.,0.));
#7881=DIRECTION('',(0.,-1.,0.));
#7882=DIRECTION('',(-1.,0.,0.));
#7883=DIRECTION('',(0.,-1.,0.));
#7884=DIRECTION('',(1.,0.,0.));
#7885=DIRECTION('',(-4.25177322543316E-16,1.,0.));
#7886=DIRECTION('',(-1.,0.,0.));
#7887=DIRECTION('',(0.,-1.,0.));
#7888=DIRECTION('',(1.,0.,0.));
#7889=DIRECTION('',(-1.51240058934334E-16,-1.,0.));
#7890=DIRECTION('',(0.,0.,-1.));
#7891=DIRECTION('',(-1.,0.,0.));
#7892=DIRECTION('',(-1.,0.,0.));
#7893=DIRECTION('',(0.,1.,0.));
#7894=DIRECTION('',(-1.,0.,0.));
#7895=DIRECTION('',(-4.33680868994202E-16,-1.,0.));
#7896=DIRECTION('',(-1.,0.,0.));
#7897=DIRECTION('',(0.,1.,0.));
#7898=DIRECTION('',(-1.,0.,0.));
#7899=DIRECTION('',(-4.33680868994202E-16,-1.,0.));
#7900=DIRECTION('',(-1.,0.,0.));
#7901=DIRECTION('',(0.,1.,0.));
#7902=DIRECTION('',(-1.,0.,0.));
#7903=DIRECTION('',(-4.33680868994202E-16,-1.,0.));
#7904=DIRECTION('',(-1.,0.,0.));
#7905=DIRECTION('',(0.,1.,0.));
#7906=DIRECTION('',(-1.,0.,0.));
#7907=DIRECTION('',(-4.33680868994202E-16,-1.,0.));
#7908=DIRECTION('',(-1.,0.,0.));
#7909=DIRECTION('',(0.,1.,0.));
#7910=DIRECTION('',(-1.,0.,0.));
#7911=DIRECTION('',(-4.33680868994202E-16,-1.,0.));
#7912=DIRECTION('',(-1.,0.,0.));
#7913=DIRECTION('',(0.,1.,0.));
#7914=DIRECTION('',(-1.,0.,0.));
#7915=DIRECTION('',(-4.33680868994202E-16,-1.,0.));
#7916=DIRECTION('',(-1.,0.,0.));
#7917=DIRECTION('',(0.,1.,0.));
#7918=DIRECTION('',(-1.,0.,0.));
#7919=DIRECTION('',(-4.33680868994202E-16,-1.,0.));
#7920=DIRECTION('',(-1.,0.,0.));
#7921=DIRECTION('',(0.,1.,0.));
#7922=DIRECTION('',(-1.,0.,0.));
#7923=DIRECTION('',(-4.33680868994202E-16,-1.,0.));
#7924=DIRECTION('',(-1.,0.,0.));
#7925=DIRECTION('',(0.,1.,0.));
#7926=DIRECTION('',(-1.,0.,0.));
#7927=DIRECTION('',(-4.33680868994202E-16,-1.,0.));
#7928=DIRECTION('',(-1.,0.,0.));
#7929=DIRECTION('',(0.,1.,0.));
#7930=DIRECTION('',(-1.,0.,0.));
#7931=DIRECTION('',(-4.33680868994202E-16,-1.,0.));
#7932=DIRECTION('',(-1.,0.,0.));
#7933=DIRECTION('',(0.,1.,0.));
#7934=DIRECTION('',(-1.,0.,0.));
#7935=DIRECTION('',(-4.33680868994202E-16,-1.,0.));
#7936=DIRECTION('',(-1.,0.,0.));
#7937=DIRECTION('',(0.,1.,0.));
#7938=DIRECTION('',(-1.,0.,0.));
#7939=DIRECTION('',(1.,-1.51240058934334E-16,0.));
#7940=DIRECTION('',(1.51240058934334E-16,1.,0.));
#7941=DIRECTION('',(0.,0.,-1.));
#7942=DIRECTION('',(-1.51240058934334E-16,-1.,0.));
#7943=DIRECTION('',(0.,0.,-1.));
#7944=DIRECTION('',(0.,1.,0.));
#7945=DIRECTION('',(0.,0.,1.));
#7946=DIRECTION('',(0.,0.,1.));
#7947=DIRECTION('',(-1.,0.,0.));
#7948=DIRECTION('',(0.,0.,1.));
#7949=DIRECTION('',(0.,0.,1.));
#7950=DIRECTION('',(-1.,0.,0.));
#7951=DIRECTION('',(0.,0.,1.));
#7952=DIRECTION('',(0.,0.,1.));
#7953=DIRECTION('',(-1.,0.,0.));
#7954=DIRECTION('',(0.,0.,1.));
#7955=DIRECTION('',(0.,0.,1.));
#7956=DIRECTION('',(-1.,0.,0.));
#7957=DIRECTION('',(0.,0.,1.));
#7958=DIRECTION('',(0.,0.,1.));
#7959=DIRECTION('',(-1.,0.,0.));
#7960=DIRECTION('',(0.,0.,1.));
#7961=DIRECTION('',(0.,0.,1.));
#7962=DIRECTION('',(-1.,0.,0.));
#7963=DIRECTION('',(0.,0.,1.));
#7964=DIRECTION('',(0.,0.,1.));
#7965=DIRECTION('',(-1.,0.,0.));
#7966=DIRECTION('',(0.,0.,1.));
#7967=DIRECTION('',(0.,0.,1.));
#7968=DIRECTION('',(-1.,0.,0.));
#7969=DIRECTION('',(0.,0.,1.));
#7970=DIRECTION('',(0.,0.,1.));
#7971=DIRECTION('',(-1.,0.,0.));
#7972=DIRECTION('',(0.,0.,1.));
#7973=DIRECTION('',(0.,0.,1.));
#7974=DIRECTION('',(-1.,0.,0.));
#7975=DIRECTION('',(0.,0.,1.));
#7976=DIRECTION('',(0.,0.,1.));
#7977=DIRECTION('',(-1.,0.,0.));
#7978=DIRECTION('',(0.,0.,1.));
#7979=DIRECTION('',(0.,0.,1.));
#7980=DIRECTION('',(-1.,0.,0.));
#7981=DIRECTION('',(0.,0.,1.));
#7982=DIRECTION('',(0.,0.,-1.));
#7983=DIRECTION('',(-1.,0.,0.));
#7984=DIRECTION('',(0.,0.,-1.));
#7985=DIRECTION('',(-1.,0.,0.));
#7986=DIRECTION('',(0.,0.,1.));
#7987=DIRECTION('',(-1.,0.,0.));
#7988=DIRECTION('',(1.,0.,0.));
#7989=DIRECTION('',(0.,0.,-1.));
#7990=DIRECTION('',(1.,0.,0.));
#7991=DIRECTION('',(0.,0.,-1.));
#7992=DIRECTION('',(-1.,0.,0.));
#7993=DIRECTION('',(0.,0.,1.));
#7994=DIRECTION('',(1.,0.,0.));
#7995=DIRECTION('',(0.,0.,-1.));
#7996=DIRECTION('',(-1.,0.,0.));
#7997=DIRECTION('',(1.,0.,0.));
#7998=DIRECTION('',(0.,0.,-1.));
#7999=DIRECTION('',(-1.,0.,0.));
#8000=DIRECTION('',(0.,0.,1.));
#8001=DIRECTION('',(-1.,0.,0.));
#8002=DIRECTION('',(0.,0.,1.));
#8003=DIRECTION('',(-1.,0.,0.));
#8004=DIRECTION('',(0.,0.,1.));
#8005=DIRECTION('',(-1.,0.,0.));
#8006=DIRECTION('',(-1.,0.,0.));
#8007=DIRECTION('',(0.,0.,1.));
#8008=DIRECTION('',(-1.,0.,0.));
#8009=DIRECTION('',(0.,0.,1.));
#8010=DIRECTION('',(-1.,0.,0.));
#8011=DIRECTION('',(-1.,0.,0.));
#8012=DIRECTION('',(0.,0.,1.));
#8013=DIRECTION('',(0.,-1.,0.));
#8014=DIRECTION('',(0.,0.,-1.));
#8015=DIRECTION('',(0.,0.,-1.));
#8016=DIRECTION('',(0.,0.,-1.));
#8017=DIRECTION('',(-1.,0.,0.));
#8018=DIRECTION('',(0.,0.,-1.));
#8019=DIRECTION('',(-1.,0.,0.));
#8020=DIRECTION('',(0.,0.,-1.));
#8021=DIRECTION('',(-1.,0.,0.));
#8022=DIRECTION('',(0.,0.,-1.));
#8023=DIRECTION('',(-1.,0.,0.));
#8024=DIRECTION('',(0.,0.,-1.));
#8025=DIRECTION('',(0.,0.,-1.));
#8026=DIRECTION('',(0.,0.,-1.));
#8027=DIRECTION('',(0.,0.,-1.));
#8028=DIRECTION('',(-1.,0.,0.));
#8029=DIRECTION('',(0.,1.,0.));
#8030=DIRECTION('',(1.,0.,0.));
#8031=DIRECTION('',(7.12710144593093E-16,-1.,0.));
#8032=DIRECTION('',(0.,0.,-1.));
#8033=DIRECTION('',(-1.,0.,0.));
#8034=DIRECTION('',(0.,-1.,0.));
#8035=DIRECTION('',(0.,0.,-1.));
#8036=DIRECTION('',(-1.,0.,0.));
#8037=DIRECTION('',(1.,0.,0.));
#8038=DIRECTION('',(0.,0.,-1.));
#8039=DIRECTION('',(-1.,0.,0.));
#8040=DIRECTION('',(0.,1.,0.));
#8041=DIRECTION('',(0.,0.,-1.));
#8042=DIRECTION('',(-1.,0.,0.));
#8043=DIRECTION('',(-1.,0.,0.));
#8044=DIRECTION('',(0.,1.,0.));
#8045=DIRECTION('',(1.,0.,0.));
#8046=DIRECTION('',(0.,-1.,0.));
#8047=DIRECTION('',(0.,1.,0.));
#8048=DIRECTION('',(0.,0.,-1.));
#8049=DIRECTION('',(-1.,0.,0.));
#8050=DIRECTION('',(1.,0.,0.));
#8051=DIRECTION('',(0.,0.,-1.));
#8052=DIRECTION('',(-1.,0.,0.));
#8053=DIRECTION('',(0.,-1.,0.));
#8054=DIRECTION('',(0.,0.,-1.));
#8055=DIRECTION('',(-1.,0.,0.));
#8056=DIRECTION('',(-1.,0.,0.));
#8057=DIRECTION('',(0.,0.,-1.));
#8058=DIRECTION('',(-1.,0.,0.));
#8059=DIRECTION('',(-1.,0.,0.));
#8060=DIRECTION('',(0.,0.,1.));
#8061=DIRECTION('',(0.,0.,-1.));
#8062=DIRECTION('',(0.,1.,0.));
#8063=DIRECTION('',(0.,0.,-1.));
#8064=DIRECTION('',(0.,1.,0.));
#8065=DIRECTION('',(0.,0.,1.));
#8066=DIRECTION('',(0.,0.,-1.));
#8067=DIRECTION('',(1.,0.,0.));
#8068=DIRECTION('',(0.,0.,-1.));
#8069=DIRECTION('',(1.,0.,0.));
#8070=DIRECTION('',(0.,0.,-1.));
#8071=DIRECTION('',(0.,0.,-1.));
#8072=DIRECTION('',(0.,-1.,0.));
#8073=DIRECTION('',(0.,0.,-1.));
#8074=DIRECTION('',(0.,0.,-1.));
#8075=DIRECTION('',(-1.,0.,0.));
#8076=DIRECTION('',(-1.,1.58364385245281E-16,0.));
#8077=DIRECTION('',(0.,0.,-1.));
#8078=DIRECTION('',(-1.,0.,0.));
#8079=DIRECTION('',(0.,1.,0.));
#8080=DIRECTION('',(0.,0.,-1.));
#8081=DIRECTION('',(-1.,0.,0.));
#8082=DIRECTION('',(0.,0.,-1.));
#8083=DIRECTION('',(-1.,0.,0.));
#8084=DIRECTION('',(1.,0.,0.));
#8085=DIRECTION('',(0.,-1.,0.));
#8086=DIRECTION('',(-1.,0.,0.));
#8087=DIRECTION('',(0.,0.,-1.));
#8088=DIRECTION('',(-1.,0.,0.));
#8089=DIRECTION('',(0.,1.,0.));
#8090=DIRECTION('',(0.,0.,-1.));
#8091=DIRECTION('',(-1.,0.,0.));
#8092=DIRECTION('',(1.,0.,0.));
#8093=DIRECTION('',(0.,0.,-1.));
#8094=DIRECTION('',(-1.,0.,0.));
#8095=DIRECTION('',(0.,-1.,0.));
#8096=DIRECTION('',(0.,0.,-1.));
#8097=DIRECTION('',(-1.,0.,0.));
#8098=DIRECTION('',(-1.,0.,0.));
#8099=DIRECTION('',(0.,-1.,0.));
#8100=DIRECTION('',(-1.,0.,0.));
#8101=DIRECTION('',(0.,0.,-1.));
#8102=DIRECTION('',(-1.,0.,0.));
#8103=DIRECTION('',(0.,0.,-1.));
#8104=DIRECTION('',(-1.,0.,0.));
#8105=DIRECTION('',(0.,0.,-1.));
#8106=DIRECTION('',(-1.,0.,0.));
#8107=DIRECTION('',(0.,0.,-1.));
#8108=DIRECTION('',(-1.,0.,0.));
#8109=DIRECTION('',(0.,0.,-1.));
#8110=DIRECTION('',(-1.,0.,0.));
#8111=DIRECTION('',(0.,0.,-1.));
#8112=DIRECTION('',(-1.,0.,0.));
#8113=DIRECTION('',(0.,0.,-1.));
#8114=DIRECTION('',(-1.,0.,0.));
#8115=DIRECTION('',(0.,0.,-1.));
#8116=DIRECTION('',(-1.,0.,0.));
#8117=DIRECTION('',(0.,0.,-1.));
#8118=DIRECTION('',(-1.,0.,0.));
#8119=DIRECTION('',(-1.,0.,0.));
#8120=DIRECTION('',(0.,0.,1.));
#8121=DIRECTION('',(0.,1.,0.));
#8122=DIRECTION('',(0.,0.,-1.));
#8123=DIRECTION('',(0.,0.,-1.));
#8124=DIRECTION('',(0.,1.,0.));
#8125=DIRECTION('',(0.,0.,1.));
#8126=DIRECTION('',(0.,0.,-1.));
#8127=DIRECTION('',(1.,0.,0.));
#8128=DIRECTION('',(0.,0.,-1.));
#8129=DIRECTION('',(1.,0.,0.));
#8130=DIRECTION('',(0.,0.,-1.));
#8131=DIRECTION('',(0.,-1.,0.));
#8132=DIRECTION('',(0.,0.,-1.));
#8133=DIRECTION('',(0.,0.,-1.));
#8134=DIRECTION('',(0.,-1.,0.));
#8135=DIRECTION('',(0.,0.,-1.));
#8136=DIRECTION('',(0.,0.,-1.));
#8137=DIRECTION('',(-1.,0.,0.));
#8138=DIRECTION('',(0.,0.,-1.));
#8139=DIRECTION('',(0.,0.,-1.));
#8140=DIRECTION('',(-1.,0.,0.));
#8141=DIRECTION('',(0.,0.,-1.));
#8142=DIRECTION('',(-1.,0.,0.));
#8143=DIRECTION('',(0.,0.,-1.));
#8144=DIRECTION('',(-1.,0.,0.));
#8145=DIRECTION('',(0.,0.,-1.));
#8146=DIRECTION('',(-1.,0.,0.));
#8147=DIRECTION('',(0.,0.,-1.));
#8148=DIRECTION('',(-1.,0.,0.));
#8149=DIRECTION('',(0.,0.,-1.));
#8150=DIRECTION('',(-1.,0.,0.));
#8151=DIRECTION('',(0.,0.,-1.));
#8152=DIRECTION('',(-1.,0.,0.));
#8153=DIRECTION('',(0.,0.,-1.));
#8154=DIRECTION('',(-1.,0.,0.));
#8155=DIRECTION('',(0.,0.,-1.));
#8156=DIRECTION('',(-1.,0.,0.));
#8157=DIRECTION('',(-1.,0.,0.));
#8158=DIRECTION('',(0.,0.,1.));
#8159=DIRECTION('',(0.,0.,-1.));
#8160=DIRECTION('',(0.,1.,0.));
#8161=DIRECTION('',(0.,0.,-1.));
#8162=DIRECTION('',(0.,1.,0.));
#8163=DIRECTION('',(0.,0.,1.));
#8164=DIRECTION('',(1.,0.,0.));
#8165=DIRECTION('',(0.,0.,-1.));
#8166=DIRECTION('',(1.,0.,0.));
#8167=DIRECTION('',(0.,0.,-1.));
#8168=DIRECTION('',(0.,-1.,0.));
#8169=DIRECTION('',(0.,0.,-1.));
#8170=DIRECTION('',(0.,-1.,0.));
#8171=DIRECTION('',(0.,0.,-1.));
#8172=DIRECTION('',(-1.,0.,0.));
#8173=DIRECTION('',(0.,0.,-1.));
#8174=DIRECTION('',(-1.,0.,0.));
#8175=DIRECTION('',(-1.,0.,0.));
#8176=DIRECTION('',(0.,0.,1.));
#8177=DIRECTION('',(0.,1.,0.));
#8178=DIRECTION('',(0.,0.,-1.));
#8179=DIRECTION('',(0.,1.,0.));
#8180=DIRECTION('',(0.,0.,1.));
#8181=DIRECTION('',(1.,0.,0.));
#8182=DIRECTION('',(0.,0.,-1.));
#8183=DIRECTION('',(1.,7.12710144593093E-16,0.));
#8184=DIRECTION('',(-7.12710144593093E-16,1.,0.));
#8185=DIRECTION('',(7.12710144593093E-16,-1.,0.));
#8186=DIRECTION('',(0.,0.,-1.));
#8187=DIRECTION('',(-1.,0.,0.));
#8188=DIRECTION('',(0.,0.,-1.));
#8189=DIRECTION('',(-1.,0.,0.));
#8190=DIRECTION('',(-1.,0.,0.));
#8191=DIRECTION('',(0.,0.,1.));
#8192=DIRECTION('',(0.,-1.,0.));
#8193=DIRECTION('',(0.,0.,-1.));
#8194=DIRECTION('',(0.,-1.,0.));
#8195=DIRECTION('',(0.,0.,-1.));
#8196=DIRECTION('',(0.,-1.,0.));
#8197=DIRECTION('',(0.,0.,-1.));
#8198=DIRECTION('',(1.,0.,0.));
#8199=DIRECTION('',(0.,0.,-1.));
#8200=DIRECTION('',(-1.,0.,0.));
#8201=DIRECTION('',(0.,0.,1.));
#8202=DIRECTION('',(0.,0.,-1.));
#8203=DIRECTION('',(-1.,0.,0.));
#8204=DIRECTION('',(-1.,0.,0.));
#8205=DIRECTION('',(0.,0.,1.));
#8206=DIRECTION('',(0.,0.,-1.));
#8207=DIRECTION('',(-1.,0.,0.));
#8208=DIRECTION('',(0.,-1.,0.));
#8209=DIRECTION('',(0.,0.,-1.));
#8210=DIRECTION('',(-1.,0.,0.));
#8211=DIRECTION('',(0.,0.,1.));
#8212=DIRECTION('',(-1.,0.,0.));
#8213=DIRECTION('',(0.,0.,1.));
#8214=DIRECTION('',(-1.,0.,0.));
#8215=DIRECTION('',(0.,1.,0.));
#8216=DIRECTION('',(0.,0.,1.));
#8217=DIRECTION('',(0.,-1.,0.));
#8218=DIRECTION('',(0.,0.,-1.));
#8219=DIRECTION('',(0.,0.,-1.));
#8220=DIRECTION('',(-1.,0.,0.));
#8221=DIRECTION('',(-1.,0.,0.));
#8222=DIRECTION('',(0.,0.,1.));
#8223=DIRECTION('',(0.,0.,-1.));
#8224=DIRECTION('',(-1.,0.,0.));
#8225=DIRECTION('',(0.,0.,1.));
#8226=DIRECTION('',(0.,0.,-1.));
#8227=DIRECTION('',(-4.25177322543316E-16,1.,0.));
#8228=DIRECTION('',(1.,0.,0.));
#8229=DIRECTION('',(0.,0.,-1.));
#8230=DIRECTION('',(0.,-1.,0.));
#8231=DIRECTION('',(0.,0.,-1.));
#8232=DIRECTION('',(1.,0.,0.));
#8233=DIRECTION('',(0.,0.,-1.));
#8234=DIRECTION('',(0.,0.,-1.));
#8235=DIRECTION('',(-1.58364385245281E-16,-1.,0.));
#8236=DIRECTION('',(1.,-1.58364385245281E-16,0.));
#8237=DIRECTION('',(0.,0.,-1.));
#8238=DIRECTION('',(0.,0.,-1.));
#8239=DIRECTION('',(-1.,0.,0.));
#8240=DIRECTION('',(0.,0.,1.));
#8241=DIRECTION('',(0.,0.,-1.));
#8242=DIRECTION('',(0.,0.,-1.));
#8243=DIRECTION('',(0.,0.,1.));
#8244=DIRECTION('',(1.,0.,0.));
#8245=DIRECTION('',(0.,0.,1.));
#8246=DIRECTION('',(1.,0.,0.));
#8247=DIRECTION('',(0.,0.,1.));
#8248=DIRECTION('',(1.,0.,0.));
#8249=DIRECTION('',(0.,1.,0.));
#8250=DIRECTION('',(0.,0.,1.));
#8251=DIRECTION('',(0.,-1.,0.));
#8252=DIRECTION('',(0.,0.,-1.));
#8253=DIRECTION('',(0.,0.,-1.));
#8254=DIRECTION('',(-1.,0.,0.));
#8255=DIRECTION('',(1.,0.,0.));
#8256=DIRECTION('',(0.,1.,0.));
#8257=DIRECTION('',(0.,0.,1.));
#8258=DIRECTION('',(0.,0.,1.));
#8259=DIRECTION('',(1.,0.,0.));
#8260=DIRECTION('',(0.,-1.,0.));
#8261=DIRECTION('',(0.,0.,-1.));
#8262=DIRECTION('',(0.,0.,1.));
#8263=DIRECTION('',(0.,0.,1.));
#8264=DIRECTION('',(1.,0.,0.));
#8265=DIRECTION('',(1.,-4.33680868994202E-16,0.));
#8266=DIRECTION('',(4.33680868994202E-16,1.,0.));
#8267=DIRECTION('',(4.33680868994202E-16,1.,0.));
#8268=DIRECTION('',(-1.,0.,0.));
#8269=DIRECTION('',(0.,0.,1.));
#8270=DIRECTION('',(0.,-1.,0.));
#8271=DIRECTION('',(0.,0.,1.));
#8272=DIRECTION('',(1.,0.,0.));
#8273=DIRECTION('',(0.,-1.,0.));
#8274=DIRECTION('',(0.,0.,-1.));
#8275=DIRECTION('',(0.,0.,1.));
#8276=DIRECTION('',(0.,0.,1.));
#8277=DIRECTION('',(1.,0.,0.));
#8278=DIRECTION('',(1.,-4.33680868994202E-16,0.));
#8279=DIRECTION('',(4.33680868994202E-16,1.,0.));
#8280=DIRECTION('',(4.33680868994202E-16,1.,0.));
#8281=DIRECTION('',(-1.,0.,0.));
#8282=DIRECTION('',(0.,0.,1.));
#8283=DIRECTION('',(0.,-1.,0.));
#8284=DIRECTION('',(0.,0.,1.));
#8285=DIRECTION('',(1.,0.,0.));
#8286=DIRECTION('',(0.,-1.,0.));
#8287=DIRECTION('',(0.,0.,-1.));
#8288=DIRECTION('',(0.,0.,1.));
#8289=DIRECTION('',(0.,0.,1.));
#8290=DIRECTION('',(1.,0.,0.));
#8291=DIRECTION('',(1.,-4.33680868994202E-16,0.));
#8292=DIRECTION('',(4.33680868994202E-16,1.,0.));
#8293=DIRECTION('',(4.33680868994202E-16,1.,0.));
#8294=DIRECTION('',(-1.,0.,0.));
#8295=DIRECTION('',(0.,0.,1.));
#8296=DIRECTION('',(0.,-1.,0.));
#8297=DIRECTION('',(0.,0.,1.));
#8298=DIRECTION('',(1.,0.,0.));
#8299=DIRECTION('',(0.,-1.,0.));
#8300=DIRECTION('',(0.,0.,-1.));
#8301=DIRECTION('',(0.,0.,1.));
#8302=DIRECTION('',(0.,0.,1.));
#8303=DIRECTION('',(1.,0.,0.));
#8304=DIRECTION('',(1.,-4.33680868994202E-16,0.));
#8305=DIRECTION('',(4.33680868994202E-16,1.,0.));
#8306=DIRECTION('',(4.33680868994202E-16,1.,0.));
#8307=DIRECTION('',(-1.,0.,0.));
#8308=DIRECTION('',(0.,0.,1.));
#8309=DIRECTION('',(0.,-1.,0.));
#8310=DIRECTION('',(0.,0.,1.));
#8311=DIRECTION('',(1.,0.,0.));
#8312=DIRECTION('',(0.,-1.,0.));
#8313=DIRECTION('',(0.,0.,-1.));
#8314=DIRECTION('',(0.,0.,1.));
#8315=DIRECTION('',(0.,0.,1.));
#8316=DIRECTION('',(1.,0.,0.));
#8317=DIRECTION('',(1.,-4.33680868994202E-16,0.));
#8318=DIRECTION('',(4.33680868994202E-16,1.,0.));
#8319=DIRECTION('',(4.33680868994202E-16,1.,0.));
#8320=DIRECTION('',(-1.,0.,0.));
#8321=DIRECTION('',(0.,0.,1.));
#8322=DIRECTION('',(0.,-1.,0.));
#8323=DIRECTION('',(0.,0.,1.));
#8324=DIRECTION('',(1.,0.,0.));
#8325=DIRECTION('',(0.,-1.,0.));
#8326=DIRECTION('',(0.,0.,-1.));
#8327=DIRECTION('',(0.,0.,1.));
#8328=DIRECTION('',(0.,0.,1.));
#8329=DIRECTION('',(1.,0.,0.));
#8330=DIRECTION('',(1.,-4.33680868994202E-16,0.));
#8331=DIRECTION('',(4.33680868994202E-16,1.,0.));
#8332=DIRECTION('',(4.33680868994202E-16,1.,0.));
#8333=DIRECTION('',(-1.,0.,0.));
#8334=DIRECTION('',(0.,0.,1.));
#8335=DIRECTION('',(0.,-1.,0.));
#8336=DIRECTION('',(0.,0.,1.));
#8337=DIRECTION('',(1.,0.,0.));
#8338=DIRECTION('',(0.,-1.,0.));
#8339=DIRECTION('',(0.,0.,-1.));
#8340=DIRECTION('',(0.,0.,1.));
#8341=DIRECTION('',(0.,0.,1.));
#8342=DIRECTION('',(1.,0.,0.));
#8343=DIRECTION('',(1.,-4.33680868994202E-16,0.));
#8344=DIRECTION('',(4.33680868994202E-16,1.,0.));
#8345=DIRECTION('',(4.33680868994202E-16,1.,0.));
#8346=DIRECTION('',(-1.,0.,0.));
#8347=DIRECTION('',(0.,0.,1.));
#8348=DIRECTION('',(0.,-1.,0.));
#8349=DIRECTION('',(0.,0.,1.));
#8350=DIRECTION('',(1.,0.,0.));
#8351=DIRECTION('',(0.,-1.,0.));
#8352=DIRECTION('',(0.,0.,-1.));
#8353=DIRECTION('',(0.,0.,1.));
#8354=DIRECTION('',(0.,0.,1.));
#8355=DIRECTION('',(1.,0.,0.));
#8356=DIRECTION('',(1.,-4.33680868994202E-16,0.));
#8357=DIRECTION('',(4.33680868994202E-16,1.,0.));
#8358=DIRECTION('',(4.33680868994202E-16,1.,0.));
#8359=DIRECTION('',(-1.,0.,0.));
#8360=DIRECTION('',(0.,0.,1.));
#8361=DIRECTION('',(0.,-1.,0.));
#8362=DIRECTION('',(0.,0.,1.));
#8363=DIRECTION('',(1.,0.,0.));
#8364=DIRECTION('',(0.,-1.,0.));
#8365=DIRECTION('',(0.,0.,-1.));
#8366=DIRECTION('',(0.,0.,1.));
#8367=DIRECTION('',(0.,0.,1.));
#8368=DIRECTION('',(1.,0.,0.));
#8369=DIRECTION('',(1.,-4.33680868994202E-16,0.));
#8370=DIRECTION('',(4.33680868994202E-16,1.,0.));
#8371=DIRECTION('',(4.33680868994202E-16,1.,0.));
#8372=DIRECTION('',(-1.,0.,0.));
#8373=DIRECTION('',(0.,0.,1.));
#8374=DIRECTION('',(0.,-1.,0.));
#8375=DIRECTION('',(0.,0.,1.));
#8376=DIRECTION('',(1.,0.,0.));
#8377=DIRECTION('',(0.,-1.,0.));
#8378=DIRECTION('',(0.,0.,-1.));
#8379=DIRECTION('',(0.,0.,1.));
#8380=DIRECTION('',(0.,0.,1.));
#8381=DIRECTION('',(1.,0.,0.));
#8382=DIRECTION('',(1.,-4.33680868994202E-16,0.));
#8383=DIRECTION('',(4.33680868994202E-16,1.,0.));
#8384=DIRECTION('',(4.33680868994202E-16,1.,0.));
#8385=DIRECTION('',(-1.,0.,0.));
#8386=DIRECTION('',(0.,0.,1.));
#8387=DIRECTION('',(0.,-1.,0.));
#8388=DIRECTION('',(0.,0.,1.));
#8389=DIRECTION('',(1.,0.,0.));
#8390=DIRECTION('',(0.,-1.,0.));
#8391=DIRECTION('',(0.,0.,-1.));
#8392=DIRECTION('',(0.,0.,1.));
#8393=DIRECTION('',(0.,0.,1.));
#8394=DIRECTION('',(1.,0.,0.));
#8395=DIRECTION('',(1.,-4.33680868994202E-16,0.));
#8396=DIRECTION('',(4.33680868994202E-16,1.,0.));
#8397=DIRECTION('',(4.33680868994202E-16,1.,0.));
#8398=DIRECTION('',(-1.,0.,0.));
#8399=DIRECTION('',(0.,0.,1.));
#8400=DIRECTION('',(0.,-1.,0.));
#8401=DIRECTION('',(0.,0.,1.));
#8402=DIRECTION('',(1.,0.,0.));
#8403=DIRECTION('',(0.,-1.,0.));
#8404=DIRECTION('',(0.,0.,-1.));
#8405=DIRECTION('',(0.,0.,1.));
#8406=DIRECTION('',(0.,0.,1.));
#8407=DIRECTION('',(1.,0.,0.));
#8408=DIRECTION('',(1.,-4.33680868994202E-16,0.));
#8409=DIRECTION('',(4.33680868994202E-16,1.,0.));
#8410=DIRECTION('',(4.33680868994202E-16,1.,0.));
#8411=DIRECTION('',(-1.,0.,0.));
#8412=DIRECTION('',(0.,0.,1.));
#8413=DIRECTION('',(0.,-1.,0.));
#8414=DIRECTION('',(0.,0.,1.));
#8415=DIRECTION('',(1.,0.,0.));
#8416=DIRECTION('',(1.,0.,0.));
#8417=DIRECTION('',(0.,0.,-1.));
#8418=DIRECTION('',(0.,0.,1.));
#8419=DIRECTION('',(0.,0.,1.));
#8420=DIRECTION('',(-0.0106376959373603,0.999943418111817,0.));
#8421=DIRECTION('',(-0.999943418111817,-0.0106376959373603,0.));
#8422=DIRECTION('',(0.,0.,1.));
#8423=DIRECTION('',(-1.,0.,0.));
#8424=DIRECTION('',(0.,0.,1.));
#8425=DIRECTION('',(0.,0.,1.));
#8426=DIRECTION('',(0.788138157680405,0.615498370759937,0.));
#8427=DIRECTION('',(-0.615498370759937,0.788138157680405,0.));
#8428=DIRECTION('',(0.,0.,1.));
#8429=DIRECTION('',(0.,1.,0.));
#8430=DIRECTION('',(0.,0.,1.));
#8431=DIRECTION('',(0.,0.,1.));
#8432=DIRECTION('',(-0.797185159135372,-0.603734893851856,0.));
#8433=DIRECTION('',(0.603734893851856,-0.797185159135372,0.));
#8434=DIRECTION('',(0.,0.,1.));
#8435=DIRECTION('',(0.,-1.,0.));
#8436=DIRECTION('',(0.,0.,-1.));
#8437=DIRECTION('',(0.,0.,-1.));
#8438=DIRECTION('',(-1.,0.,0.));
#8439=DIRECTION('',(1.,0.,0.));
#8440=DIRECTION('',(0.,0.,-1.));
#8441=DIRECTION('',(0.,0.,1.));
#8442=DIRECTION('',(0.,0.,1.));
#8443=DIRECTION('',(0.,1.,0.));
#8444=DIRECTION('',(0.,0.,1.));
#8445=DIRECTION('',(0.,0.,1.));
#8446=DIRECTION('',(-0.999758570735255,0.0219727158403364,0.));
#8447=DIRECTION('',(-0.0219727158403364,-0.999758570735255,0.));
#8448=DIRECTION('',(0.,0.,1.));
#8449=DIRECTION('',(0.,0.,1.));
#8450=DIRECTION('',(-0.841879138963871,0.539666114720437,0.));
#8451=DIRECTION('',(-0.539666114720437,-0.841879138963871,0.));
#8452=DIRECTION('',(0.,0.,1.));
#8453=DIRECTION('',(0.,0.,1.));
#8454=DIRECTION('',(0.,1.,0.));
#8455=DIRECTION('',(0.,0.,1.));
#8456=DIRECTION('',(0.,0.,1.));
#8457=DIRECTION('',(0.,0.,1.));
#8458=DIRECTION('',(0.,-1.,0.));
#8459=DIRECTION('',(0.,0.,-1.));
#8460=DIRECTION('',(0.,0.,1.));
#8461=DIRECTION('',(1.,0.,0.));
#8462=DIRECTION('',(1.,0.,0.));
#8463=DIRECTION('',(0.,0.,-1.));
#8464=DIRECTION('',(0.,0.,1.));
#8465=DIRECTION('',(0.,0.,1.));
#8466=DIRECTION('',(-0.0106376959373801,0.999943418111817,0.));
#8467=DIRECTION('',(-0.999943418111817,-0.0106376959373801,0.));
#8468=DIRECTION('',(0.,0.,1.));
#8469=DIRECTION('',(-1.,0.,0.));
#8470=DIRECTION('',(0.,0.,1.));
#8471=DIRECTION('',(0.,0.,1.));
#8472=DIRECTION('',(0.788138157680408,0.615498370759934,0.));
#8473=DIRECTION('',(-0.615498370759934,0.788138157680408,0.));
#8474=DIRECTION('',(0.,0.,1.));
#8475=DIRECTION('',(0.,1.,0.));
#8476=DIRECTION('',(0.,0.,1.));
#8477=DIRECTION('',(0.,0.,1.));
#8478=DIRECTION('',(-0.797185159135371,-0.603734893851856,0.));
#8479=DIRECTION('',(0.603734893851856,-0.797185159135371,0.));
#8480=DIRECTION('',(0.,0.,1.));
#8481=DIRECTION('',(0.,-1.,0.));
#8482=DIRECTION('',(0.,0.,-1.));
#8483=DIRECTION('',(0.,0.,-1.));
#8484=DIRECTION('',(-1.,0.,0.));
#8485=DIRECTION('',(1.,0.,0.));
#8486=DIRECTION('',(0.,0.,-1.));
#8487=DIRECTION('',(0.,0.,-1.));
#8488=DIRECTION('',(0.,0.,-1.));
#8489=DIRECTION('',(0.,0.,-1.));
#8490=DIRECTION('',(-1.,0.,0.));
#8491=DIRECTION('',(0.,0.,1.));
#8492=DIRECTION('',(0.,0.,-1.));
#8493=DIRECTION('',(0.,0.,-1.));
#8494=DIRECTION('',(0.,1.,0.));
#8495=DIRECTION('',(0.,0.,1.));
#8496=DIRECTION('',(0.,0.,1.));
#8497=DIRECTION('',(1.,0.,0.));
#8498=DIRECTION('',(0.,0.,1.));
#8499=DIRECTION('',(1.,0.,0.));
#8500=DIRECTION('',(0.,0.,1.));
#8501=DIRECTION('',(1.,0.,0.));
#8502=DIRECTION('',(0.,0.,1.));
#8503=DIRECTION('',(1.,0.,0.));
#8504=DIRECTION('',(0.,0.,-1.));
#8505=DIRECTION('',(0.,0.,-1.));
#8506=DIRECTION('',(0.,-1.,0.));
#8507=DIRECTION('',(0.,0.,-1.));
#8508=DIRECTION('',(0.,0.,-1.));
#8509=DIRECTION('',(0.,0.,-1.));
#8510=DIRECTION('',(1.,0.,0.));
#8511=DIRECTION('',(0.,0.,-1.));
#8512=DIRECTION('',(0.,0.,-1.));
#8513=DIRECTION('',(0.,-1.,0.));
#8514=DIRECTION('',(0.,0.,-1.));
#8515=DIRECTION('',(0.,0.,-1.));
#8516=DIRECTION('',(-1.,0.,0.));
#8517=DIRECTION('',(0.,0.,1.));
#8518=DIRECTION('',(0.,0.,-1.));
#8519=DIRECTION('',(-0.0106376959373534,0.999943418111817,0.));
#8520=DIRECTION('',(-0.999943418111817,-0.0106376959373534,0.));
#8521=DIRECTION('',(0.,0.,-1.));
#8522=DIRECTION('',(1.,0.,0.));
#8523=DIRECTION('',(0.,0.,-1.));
#8524=DIRECTION('',(0.,0.,1.));
#8525=DIRECTION('',(1.,0.,0.));
#8526=DIRECTION('',(0.,0.,1.));
#8527=DIRECTION('',(1.,0.,0.));
#8528=DIRECTION('',(0.,0.,-1.));
#8529=DIRECTION('',(0.,0.,-1.));
#8530=DIRECTION('',(0.,-1.,0.));
#8531=DIRECTION('',(0.,0.,-1.));
#8532=DIRECTION('',(0.,0.,-1.));
#8533=DIRECTION('',(0.,0.,-1.));
#8534=DIRECTION('',(0.,0.,-1.));
#8535=DIRECTION('',(1.,0.,0.));
#8536=DIRECTION('',(0.,0.,-1.));
#8537=DIRECTION('',(0.,0.,-1.));
#8538=DIRECTION('',(-0.0217339954092106,-0.999763788823916,0.));
#8539=DIRECTION('',(0.999763788823916,-0.0217339954092106,0.));
#8540=DIRECTION('',(0.,0.,-1.));
#8541=DIRECTION('',(-1.,0.,0.));
#8542=DIRECTION('',(0.,0.,1.));
#8543=DIRECTION('',(0.,0.,1.));
#8544=DIRECTION('',(1.,0.,0.));
#8545=DIRECTION('',(0.,0.,1.));
#8546=DIRECTION('',(1.,0.,0.));
#8547=DIRECTION('',(1.,0.,0.));
#8548=DIRECTION('',(0.,0.,-1.));
#8549=DIRECTION('',(0.,0.,-1.));
#8550=DIRECTION('',(0.,0.,-1.));
#8551=DIRECTION('',(0.,-1.,0.));
#8552=DIRECTION('',(0.,0.,-1.));
#8553=DIRECTION('',(0.,0.,-1.));
#8554=DIRECTION('',(-1.,0.,0.));
#8555=DIRECTION('',(0.,0.,1.));
#8556=DIRECTION('',(0.,0.,-1.));
#8557=DIRECTION('',(0.897621326133634,-0.440767461219741,0.));
#8558=DIRECTION('',(0.440767461219741,0.897621326133634,0.));
#8559=DIRECTION('',(0.,0.,-1.));
#8560=DIRECTION('',(0.,-1.,0.));
#8561=DIRECTION('',(0.,0.,-1.));
#8562=DIRECTION('',(0.,0.,-1.));
#8563=DIRECTION('',(-0.898582309505361,-0.438805005718955,0.));
#8564=DIRECTION('',(0.438805005718955,-0.898582309505361,0.));
#8565=DIRECTION('',(0.,0.,-1.));
#8566=DIRECTION('',(1.,0.,0.));
#8567=DIRECTION('',(0.,0.,-1.));
#8568=DIRECTION('',(0.,0.,-1.));
#8569=DIRECTION('',(0.,-1.,0.));
#8570=DIRECTION('',(0.,0.,-1.));
#8571=DIRECTION('',(0.,0.,-1.));
#8572=DIRECTION('',(-1.,0.,0.));
#8573=DIRECTION('',(0.,0.,1.));
#8574=DIRECTION('',(0.,0.,-1.));
#8575=DIRECTION('',(0.,1.,0.));
#8576=DIRECTION('',(0.,0.,1.));
#8577=DIRECTION('',(0.,0.,-1.));
#8578=DIRECTION('',(0.901480033720663,0.432820688972918,0.));
#8579=DIRECTION('',(-0.432820688972918,0.901480033720663,0.));
#8580=DIRECTION('',(0.,0.,-1.));
#8581=DIRECTION('',(-0.905508890512161,0.42432729019406,0.));
#8582=DIRECTION('',(-0.42432729019406,-0.905508890512162,0.));
#8583=DIRECTION('',(0.,0.,-1.));
#8584=DIRECTION('',(-0.0109883475416133,0.99993962628666,0.));
#8585=DIRECTION('',(-0.99993962628666,-0.0109883475416133,0.));
#8586=DIRECTION('',(0.,0.,1.));
#8587=DIRECTION('',(1.,0.,0.));
#8588=DIRECTION('',(0.,0.,1.));
#8589=DIRECTION('',(1.,0.,0.));
#8590=DIRECTION('',(1.,0.,0.));
#8591=DIRECTION('',(0.,0.,-1.));
#8592=DIRECTION('',(0.,0.,-1.));
#8593=DIRECTION('',(0.,0.,-1.));
#8594=DIRECTION('',(0.,-1.,0.));
#8595=DIRECTION('',(0.,0.,-1.));
#8596=DIRECTION('',(0.,0.,-1.));
#8597=DIRECTION('',(-1.,0.,0.));
#8598=DIRECTION('',(0.,0.,1.));
#8599=DIRECTION('',(0.,0.,-1.));
#8600=DIRECTION('',(0.,1.,0.));
#8601=DIRECTION('',(0.,0.,1.));
#8602=DIRECTION('',(0.,0.,1.));
#8603=DIRECTION('',(1.,0.,0.));
#8604=DIRECTION('',(0.,0.,1.));
#8605=DIRECTION('',(1.,0.,0.));
#8606=DIRECTION('',(1.,0.,0.));
#8607=DIRECTION('',(0.,0.,-1.));
#8608=DIRECTION('',(0.,0.,-1.));
#8609=DIRECTION('',(0.,0.,-1.));
#8610=DIRECTION('',(0.,-1.,0.));
#8611=DIRECTION('',(0.,0.,-1.));
#8612=DIRECTION('',(0.,0.,-1.));
#8613=DIRECTION('',(-1.,0.,0.));
#8614=DIRECTION('',(0.,0.,1.));
#8615=DIRECTION('',(0.,0.,-1.));
#8616=DIRECTION('',(0.,1.,0.));
#8617=DIRECTION('',(0.,0.,1.));
#8618=DIRECTION('',(0.,0.,1.));
#8619=DIRECTION('',(1.,0.,0.));
#8620=DIRECTION('',(0.,0.,1.));
#8621=DIRECTION('',(1.,0.,0.));
#8622=DIRECTION('',(1.,0.,0.));
#8623=DIRECTION('',(0.,0.,-1.));
#8624=DIRECTION('',(0.,0.,-1.));
#8625=DIRECTION('',(0.,0.,-1.));
#8626=DIRECTION('',(0.,0.,-1.));
#8627=DIRECTION('',(0.,0.,-1.));
#8628=DIRECTION('',(1.,0.,0.));
#8629=DIRECTION('',(0.,0.,-1.));
#8630=DIRECTION('',(0.,0.,-1.));
#8631=DIRECTION('',(0.,0.,-1.));
#8632=DIRECTION('',(0.,0.,1.));
#8633=DIRECTION('',(1.,0.,0.));
#8634=DIRECTION('',(0.,0.,1.));
#8635=DIRECTION('',(1.,0.,0.));
#8636=DIRECTION('',(0.,0.,-1.));
#8637=DIRECTION('',(0.,0.,-1.));
#8638=DIRECTION('',(0.,-1.,0.));
#8639=DIRECTION('',(0.,0.,-1.));
#8640=DIRECTION('',(0.,0.,-1.));
#8641=DIRECTION('',(0.,0.,-1.));
#8642=DIRECTION('',(1.,0.,0.));
#8643=DIRECTION('',(0.,0.,-1.));
#8644=DIRECTION('',(0.,0.,-1.));
#8645=DIRECTION('',(0.,-1.,0.));
#8646=DIRECTION('',(0.,0.,-1.));
#8647=DIRECTION('',(0.,0.,-1.));
#8648=DIRECTION('',(-1.,0.,0.));
#8649=DIRECTION('',(0.,0.,1.));
#8650=DIRECTION('',(0.,0.,-1.));
#8651=DIRECTION('',(-0.010752066611411,0.999942194861075,0.));
#8652=DIRECTION('',(-0.999942194861075,-0.0107520666114111,0.));
#8653=DIRECTION('',(0.,0.,-1.));
#8654=DIRECTION('',(1.,0.,0.));
#8655=DIRECTION('',(0.,0.,-1.));
#8656=DIRECTION('',(0.,0.,1.));
#8657=DIRECTION('',(1.,0.,0.));
#8658=DIRECTION('',(0.,0.,1.));
#8659=DIRECTION('',(1.,0.,0.));
#8660=DIRECTION('',(1.,0.,0.));
#8661=DIRECTION('',(0.,0.,-1.));
#8662=DIRECTION('',(0.,0.,-1.));
#8663=DIRECTION('',(0.,0.,-1.));
#8664=DIRECTION('',(0.,0.,-1.));
#8665=DIRECTION('',(0.,0.,-1.));
#8666=DIRECTION('',(-1.,0.,0.));
#8667=DIRECTION('',(0.,0.,1.));
#8668=DIRECTION('',(0.,0.,-1.));
#8669=DIRECTION('',(0.,0.,-1.));
#8670=DIRECTION('',(0.,0.,1.));
#8671=DIRECTION('',(1.,0.,0.));
#8672=DIRECTION('',(0.,0.,1.));
#8673=DIRECTION('',(1.,0.,0.));
#8674=DIRECTION('',(0.,0.,-1.));
#8675=DIRECTION('',(0.,0.,-1.));
#8676=DIRECTION('',(0.,-1.,0.));
#8677=DIRECTION('',(0.,0.,-1.));
#8678=DIRECTION('',(0.,0.,-1.));
#8679=DIRECTION('',(0.,0.,-1.));
#8680=DIRECTION('',(0.,1.,0.));
#8681=DIRECTION('',(0.,0.,1.));
#8682=DIRECTION('',(0.,0.,-1.));
#8683=DIRECTION('',(0.,0.,-1.));
#8684=DIRECTION('',(-1.,0.,0.));
#8685=DIRECTION('',(0.,0.,1.));
#8686=DIRECTION('',(0.,0.,-1.));
#8687=DIRECTION('',(1.,0.,0.));
#8688=DIRECTION('',(0.,0.,-1.));
#8689=DIRECTION('',(0.,0.,1.));
#8690=DIRECTION('',(1.,0.,0.));
#8691=DIRECTION('',(0.,0.,1.));
#8692=DIRECTION('',(1.,0.,0.));
#8693=DIRECTION('',(0.,0.,-1.));
#8694=DIRECTION('',(0.,0.,-1.));
#8695=DIRECTION('',(1.,0.,0.));
#8696=DIRECTION('',(0.,0.,-1.));
#8697=DIRECTION('',(0.,0.,-1.));
#8698=DIRECTION('',(0.,0.,-1.));
#8699=DIRECTION('',(0.,1.,0.));
#8700=DIRECTION('',(0.,0.,1.));
#8701=DIRECTION('',(0.,0.,-1.));
#8702=DIRECTION('',(-1.,0.,0.));
#8703=DIRECTION('',(0.,0.,-1.));
#8704=DIRECTION('',(-1.,0.,0.));
#8705=DIRECTION('',(1.,0.,0.));
#8706=DIRECTION('',(0.,0.,-1.));
#8707=DIRECTION('',(0.,0.,-1.));
#8708=DIRECTION('',(0.,0.,-1.));
#8709=DIRECTION('',(0.,-1.,0.));
#8710=DIRECTION('',(0.,0.,-1.));
#8711=DIRECTION('',(0.,0.,-1.));
#8712=DIRECTION('',(-1.,0.,0.));
#8713=DIRECTION('',(0.,0.,1.));
#8714=DIRECTION('',(0.,0.,-1.));
#8715=DIRECTION('',(0.,1.,0.));
#8716=DIRECTION('',(0.,0.,1.));
#8717=DIRECTION('',(0.,0.,-1.));
#8718=DIRECTION('',(1.,0.,0.));
#8719=DIRECTION('',(0.,0.,-1.));
#8720=DIRECTION('',(0.,0.,-1.));
#8721=DIRECTION('',(0.,1.,0.));
#8722=DIRECTION('',(0.,0.,1.));
#8723=DIRECTION('',(0.,0.,1.));
#8724=DIRECTION('',(1.,0.,0.));
#8725=DIRECTION('',(0.,0.,1.));
#8726=DIRECTION('',(1.,0.,0.));
#8727=DIRECTION('',(0.,0.,1.));
#8728=DIRECTION('',(1.,0.,0.));
#8729=DIRECTION('',(0.,0.,1.));
#8730=DIRECTION('',(1.,0.,0.));
#8731=DIRECTION('',(0.,0.,-1.));
#8732=DIRECTION('',(0.,0.,-1.));
#8733=DIRECTION('',(0.,-1.,0.));
#8734=DIRECTION('',(0.,0.,-1.));
#8735=DIRECTION('',(0.,0.,-1.));
#8736=DIRECTION('',(0.,0.,-1.));
#8737=DIRECTION('',(0.,1.,0.));
#8738=DIRECTION('',(0.,0.,1.));
#8739=DIRECTION('',(0.,0.,-1.));
#8740=DIRECTION('',(0.,0.,-1.));
#8741=DIRECTION('',(-1.,0.,0.));
#8742=DIRECTION('',(0.,0.,1.));
#8743=DIRECTION('',(0.,0.,-1.));
#8744=DIRECTION('',(1.,0.,0.));
#8745=DIRECTION('',(0.,0.,-1.));
#8746=DIRECTION('',(0.,0.,1.));
#8747=DIRECTION('',(1.,0.,0.));
#8748=DIRECTION('',(0.,0.,1.));
#8749=DIRECTION('',(1.,0.,0.));
#8750=DIRECTION('',(0.,-1.,0.));
#8751=DIRECTION('',(0.,0.,-1.));
#8752=DIRECTION('',(0.,0.,-1.));
#8753=DIRECTION('',(0.,0.,-1.));
#8754=DIRECTION('',(0.,0.,-1.));
#8755=DIRECTION('',(0.,1.,0.));
#8756=DIRECTION('',(0.,0.,1.));
#8757=DIRECTION('',(0.,0.,-1.));
#8758=DIRECTION('',(1.,0.,0.));
#8759=DIRECTION('',(0.,0.,-1.));
#8760=DIRECTION('',(0.,0.,-1.));
#8761=DIRECTION('',(0.,-1.,0.));
#8762=DIRECTION('',(0.,0.,-1.));
#8763=DIRECTION('',(0.,0.,-1.));
#8764=DIRECTION('',(1.,0.,0.));
#8765=DIRECTION('',(0.,0.,-1.));
#8766=DIRECTION('',(0.,0.,-1.));
#8767=DIRECTION('',(0.,-1.,0.));
#8768=DIRECTION('',(0.,0.,-1.));
#8769=DIRECTION('',(0.,0.,-1.));
#8770=DIRECTION('',(-1.,0.,0.));
#8771=DIRECTION('',(0.,0.,1.));
#8772=DIRECTION('',(0.,0.,-1.));
#8773=DIRECTION('',(0.,-1.,0.));
#8774=DIRECTION('',(0.,0.,-1.));
#8775=DIRECTION('',(0.,0.,-1.));
#8776=DIRECTION('',(-1.,0.,0.));
#8777=DIRECTION('',(0.,0.,1.));
#8778=DIRECTION('',(0.,0.,-1.));
#8779=DIRECTION('',(0.,1.,0.));
#8780=DIRECTION('',(0.,0.,1.));
#8781=DIRECTION('',(0.,0.,-1.));
#8782=DIRECTION('',(0.,0.,-1.));
#8783=DIRECTION('',(1.,0.,0.));
#8784=DIRECTION('',(0.,0.,-1.));
#8785=DIRECTION('',(0.,0.,-1.));
#8786=DIRECTION('',(-1.,0.,0.));
#8787=DIRECTION('',(0.,0.,-1.));
#8788=DIRECTION('',(-1.,0.,0.));
#8789=DIRECTION('',(0.,-1.,0.));
#8790=DIRECTION('',(0.,0.,-1.));
#8791=DIRECTION('',(0.,0.,-1.));
#8792=DIRECTION('',(0.,0.,-1.));
#8793=DIRECTION('',(0.,0.,-1.));
#8794=DIRECTION('',(0.,1.,0.));
#8795=DIRECTION('',(0.,0.,1.));
#8796=DIRECTION('',(0.,0.,-1.));
#8797=DIRECTION('',(1.,0.,0.));
#8798=DIRECTION('',(0.,0.,-1.));
#8799=DIRECTION('',(0.,0.,-1.));
#8800=DIRECTION('',(0.,-1.,0.));
#8801=DIRECTION('',(0.,0.,-1.));
#8802=DIRECTION('',(0.,0.,-1.));
#8803=DIRECTION('',(1.,0.,0.));
#8804=DIRECTION('',(0.,0.,-1.));
#8805=DIRECTION('',(0.,0.,-1.));
#8806=DIRECTION('',(0.,-1.,0.));
#8807=DIRECTION('',(0.,0.,-1.));
#8808=DIRECTION('',(0.,0.,-1.));
#8809=DIRECTION('',(-1.,0.,0.));
#8810=DIRECTION('',(0.,0.,1.));
#8811=DIRECTION('',(0.,0.,-1.));
#8812=DIRECTION('',(0.,-1.,0.));
#8813=DIRECTION('',(0.,0.,-1.));
#8814=DIRECTION('',(0.,0.,-1.));
#8815=DIRECTION('',(-1.,0.,0.));
#8816=DIRECTION('',(0.,0.,1.));
#8817=DIRECTION('',(0.,0.,-1.));
#8818=DIRECTION('',(0.,1.,0.));
#8819=DIRECTION('',(0.,0.,1.));
#8820=DIRECTION('',(0.,0.,-1.));
#8821=DIRECTION('',(0.,0.,-1.));
#8822=DIRECTION('',(1.,0.,0.));
#8823=DIRECTION('',(0.,0.,-1.));
#8824=DIRECTION('',(0.,0.,-1.));
#8825=DIRECTION('',(-1.,0.,0.));
#8826=DIRECTION('',(0.,0.,-1.));
#8827=DIRECTION('',(-1.,0.,0.));
#8828=DIRECTION('',(0.,0.,-1.));
#8829=DIRECTION('',(0.,0.,-1.));
#8830=DIRECTION('',(1.,0.,0.));
#8831=DIRECTION('',(0.,0.,-1.));
#8832=DIRECTION('',(0.,0.,-1.));
#8833=DIRECTION('',(0.,0.,-1.));
#8834=DIRECTION('',(0.,1.,0.));
#8835=DIRECTION('',(0.,0.,1.));
#8836=DIRECTION('',(0.,0.,-1.));
#8837=DIRECTION('',(-1.,0.,0.));
#8838=DIRECTION('',(0.,0.,-1.));
#8839=DIRECTION('',(-1.,0.,0.));
#8840=DIRECTION('',(0.,0.,-1.));
#8841=DIRECTION('',(0.,0.,-1.));
#8842=DIRECTION('',(0.,-1.,0.));
#8843=DIRECTION('',(0.,0.,-1.));
#8844=DIRECTION('',(0.,0.,-1.));
#8845=DIRECTION('',(0.,0.,-1.));
#8846=DIRECTION('',(0.,1.,0.));
#8847=DIRECTION('',(0.,0.,1.));
#8848=DIRECTION('',(0.,0.,-1.));
#8849=DIRECTION('',(0.,0.,-1.));
#8850=DIRECTION('',(-1.,0.,0.));
#8851=DIRECTION('',(0.,0.,1.));
#8852=DIRECTION('',(0.,0.,-1.));
#8853=DIRECTION('',(1.,0.,0.));
#8854=DIRECTION('',(0.,0.,-1.));
#8855=DIRECTION('',(0.,0.,1.));
#8856=DIRECTION('',(1.,0.,0.));
#8857=DIRECTION('',(0.,0.,1.));
#8858=DIRECTION('',(1.,0.,0.));
#8859=DIRECTION('',(1.,0.,0.));
#8860=DIRECTION('',(0.,0.,-1.));
#8861=DIRECTION('',(0.,0.,-1.));
#8862=DIRECTION('',(0.,0.,-1.));
#8863=DIRECTION('',(0.,-1.,0.));
#8864=DIRECTION('',(0.,0.,-1.));
#8865=DIRECTION('',(0.,0.,-1.));
#8866=DIRECTION('',(0.,0.,-1.));
#8867=DIRECTION('',(1.,0.,0.));
#8868=DIRECTION('',(0.,0.,-1.));
#8869=DIRECTION('',(0.,0.,-1.));
#8870=DIRECTION('',(0.,-1.,0.));
#8871=DIRECTION('',(0.,0.,-1.));
#8872=DIRECTION('',(0.,0.,-1.));
#8873=DIRECTION('',(-1.,0.,0.));
#8874=DIRECTION('',(0.,0.,1.));
#8875=DIRECTION('',(0.,0.,-1.));
#8876=DIRECTION('',(0.,0.,-1.));
#8877=DIRECTION('',(-1.,0.,0.));
#8878=DIRECTION('',(0.,0.,-1.));
#8879=DIRECTION('',(-1.,0.,0.));
#8880=CARTESIAN_POINT('',(0.,0.,0.));
#8881=CARTESIAN_POINT('',(8.485,-18.775,0.));
#8882=CARTESIAN_POINT('',(0.,-18.575,0.));
#8883=CARTESIAN_POINT('',(7.415,-18.575,0.));
#8884=CARTESIAN_POINT('',(4.66960238477968,-18.575,0.));
#8885=CARTESIAN_POINT('',(4.66960238477968,-17.755,0.));
#8886=CARTESIAN_POINT('',(4.66960238477968,-18.775,0.));
#8887=CARTESIAN_POINT('',(8.485,-18.775,0.));
#8888=CARTESIAN_POINT('',(7.415,-18.775,0.));
#8889=CARTESIAN_POINT('',(7.415,-17.755,0.));
#8890=CARTESIAN_POINT('',(8.485,-18.775,0.));
#8891=CARTESIAN_POINT('',(8.485,-18.775,0.));
#8892=CARTESIAN_POINT('',(2.91960238477968,-18.775,0.));
#8893=CARTESIAN_POINT('',(-4.385,-18.775,0.));
#8894=CARTESIAN_POINT('',(2.91960238477968,-18.775,0.));
#8895=CARTESIAN_POINT('',(2.91960238477968,-18.575,0.));
#8896=CARTESIAN_POINT('',(0.,-18.575,0.));
#8897=CARTESIAN_POINT('',(-4.385,-18.575,0.));
#8898=CARTESIAN_POINT('',(-4.385,-17.755,0.));
#8899=CARTESIAN_POINT('',(8.485,-18.775,0.31782462271593));
#8900=CARTESIAN_POINT('',(8.485,-18.775,0.));
#8901=CARTESIAN_POINT('',(8.485,-17.755,0.));
#8902=CARTESIAN_POINT('',(8.485,-10.5385221335573,0.));
#8903=CARTESIAN_POINT('',(8.485,-17.755,0.));
#8904=CARTESIAN_POINT('',(8.485,-17.755,-0.142023128725228));
#8905=CARTESIAN_POINT('',(8.485,-18.775,-0.142023128725228));
#8906=CARTESIAN_POINT('',(8.485,-10.5385221335573,-0.142023128725228));
#8907=CARTESIAN_POINT('',(8.485,-10.5385221335573,0.));
#8908=CARTESIAN_POINT('',(8.485,-18.775,-0.142023128725228));
#8909=CARTESIAN_POINT('',(5.00183152019408,-18.775,-0.142023128725228));
#8910=CARTESIAN_POINT('',(5.00183152019408,-9.56753095338095,-0.142023128725228));
#8911=CARTESIAN_POINT('',(5.00183152019408,-10.567530953381,-0.142023128725228));
#8912=CARTESIAN_POINT('',(8.38666512856584,-9.53152208520672,-0.142023128725228));
#8913=CARTESIAN_POINT('',(4.9292446476072,-9.56830315415316,-0.142023128725228));
#8914=CARTESIAN_POINT('',(4.9292446476072,-18.775,-0.142023128725228));
#8915=CARTESIAN_POINT('',(4.9292446476072,-10.4401178259678,-0.142023128725228));
#8916=CARTESIAN_POINT('',(10.3195333685439,-17.3423167978991,-0.142023128725228));
#8917=CARTESIAN_POINT('',(4.80260372096628,-10.2779556638057,-0.142023128725228));
#8918=CARTESIAN_POINT('',(8.485,-10.2779556638057,-0.142023128725228));
#8919=CARTESIAN_POINT('',(4.71611723447979,-10.2779556638057,-0.142023128725228));
#8920=CARTESIAN_POINT('',(10.1793889574949,-17.4917827628572,-0.142023128725228));
#8921=CARTESIAN_POINT('',(4.93542225378481,-10.567530953381,-0.142023128725228));
#8922=CARTESIAN_POINT('',(8.485,-10.567530953381,-0.142023128725228));
#8923=CARTESIAN_POINT('',(-4.32876477135354,-18.775,-0.142023128725228));
#8924=CARTESIAN_POINT('',(-4.32876477135354,-9.73667139857205,-0.142023128725228));
#8925=CARTESIAN_POINT('',(-4.32876477135354,-9.80980457794079,-0.142023128725228));
#8926=CARTESIAN_POINT('',(8.485,-9.73667139857205,-0.142023128725228));
#8927=CARTESIAN_POINT('',(-4.84454614163837,-9.73667139857205,-0.142023128725228));
#8928=CARTESIAN_POINT('',(-5.03665931253679,-18.4778206744498,-0.142023128725228));
#8929=CARTESIAN_POINT('',(-4.84608578751982,-9.8067252861779,-0.142023128725228));
#8930=CARTESIAN_POINT('',(-4.84608578751982,-9.8067252861779,-0.142023128725228));
#8931=CARTESIAN_POINT('',(-4.71034034230555,-10.0066226431191,-0.142023128725228));
#8932=CARTESIAN_POINT('',(-4.57459489709129,-10.2065200000604,-0.142023128725228));
#8933=CARTESIAN_POINT('',(-4.43884945187702,-10.4064173570016,-0.142023128725228));
#8934=CARTESIAN_POINT('',(-4.41617611895532,-10.4398058756141,-0.142023128725228));
#8935=CARTESIAN_POINT('',(-4.40497724248518,-10.4741617757853,-0.142023128725228));
#8936=CARTESIAN_POINT('',(-4.40497724248518,-10.5380570798654,-0.142023128725228));
#8937=CARTESIAN_POINT('',(-4.41113582601097,-10.5634612369092,-0.142023128725228));
#8938=CARTESIAN_POINT('',(-4.42345299306255,-10.5880955710124,-0.142023128725228));
#8939=CARTESIAN_POINT('',(-4.42345299306255,-10.5880955710124,-0.142023128725228));
#8940=CARTESIAN_POINT('',(-4.38358752130055,-10.5259054350637,-0.142023128725228));
#8941=CARTESIAN_POINT('',(-4.44269856658064,-10.6181186657006,-0.142023128725228));
#8942=CARTESIAN_POINT('',(-4.44269856658064,-10.6181186657006,-0.142023128725228));
#8943=CARTESIAN_POINT('',(-4.45578555657294,-10.6288961868707,-0.142023128725228));
#8944=CARTESIAN_POINT('',(-4.46733290068379,-10.6373642392187,-0.142023128725228));
#8945=CARTESIAN_POINT('',(-4.4773405989132,-10.641983176863,-0.142023128725228));
#8946=CARTESIAN_POINT('',(-4.50985341364874,-10.6569890913564,-0.142023128725228));
#8947=CARTESIAN_POINT('',(-4.5489341324005,-10.6658476880255,-0.142023128725228));
#8948=CARTESIAN_POINT('',(-4.68519279290858,-10.6658476880255,-0.142023128725228));
#8949=CARTESIAN_POINT('',(-4.74600880522575,-10.6134997280563,-0.142023128725228));
#8950=CARTESIAN_POINT('',(-4.77603189991397,-10.5080339851771,-0.142023128725228));
#8951=CARTESIAN_POINT('',(-4.77603189991397,-10.5080339851771,-0.142023128725228));
#8952=CARTESIAN_POINT('',(8.485,-10.5080339851771,-0.142023128725228));
#8953=CARTESIAN_POINT('',(-4.84762543340127,-10.5080339851771,-0.142023128725228));
#8954=CARTESIAN_POINT('',(-4.84762543340127,-10.5080339851771,-0.142023128725228));
#8955=CARTESIAN_POINT('',(-4.81375322400943,-10.6604589274404,-0.142023128725228));
#8956=CARTESIAN_POINT('',(-4.72984252347055,-10.736671398572,-0.142023128725228));
#8957=CARTESIAN_POINT('',(-4.51506192300866,-10.736671398572,-0.142023128725228));
#8958=CARTESIAN_POINT('',(-4.45193644186932,-10.717425825054,-0.142023128725228));
#8959=CARTESIAN_POINT('',(-4.40728671130735,-10.6789346780178,-0.142023128725228));
#8960=CARTESIAN_POINT('',(-4.359728352322,-10.6379360926856,-0.142023128725228));
#8961=CARTESIAN_POINT('',(-4.33646300076078,-10.5788576957237,-0.142023128725228));
#8962=CARTESIAN_POINT('',(-4.33646300076078,-10.461074785793,-0.142023128725228));
#8963=CARTESIAN_POINT('',(-4.34493105310874,-10.4241232846383,-0.142023128725228));
#8964=CARTESIAN_POINT('',(-4.36263698074538,-10.3917907211279,-0.142023128725228));
#8965=CARTESIAN_POINT('',(-4.47467413994989,-10.1872011260588,-0.142023128725228));
#8966=CARTESIAN_POINT('',(-4.62540321117905,-10.0037999590032,-0.142023128725228));
#8967=CARTESIAN_POINT('',(-4.75678632639588,-9.80980457794079,-0.142023128725228));
#8968=CARTESIAN_POINT('',(-4.75678632639588,-9.80980457794079,-0.142023128725228));
#8969=CARTESIAN_POINT('',(8.485,-9.80980457794079,-0.142023128725228));
#8970=CARTESIAN_POINT('',(-4.98080480214646,-18.775,-0.142023128725228));
#8971=CARTESIAN_POINT('',(-4.98080480214646,-9.73744122151277,-0.142023128725228));
#8972=CARTESIAN_POINT('',(-4.98080480214646,-10.7343619297499,-0.142023128725228));
#8973=CARTESIAN_POINT('',(8.38734283920109,-9.59522688490269,-0.142023128725228));
#8974=CARTESIAN_POINT('',(-5.05316815857448,-9.7382110444535,-0.142023128725228));
#8975=CARTESIAN_POINT('',(-5.05316815857448,-18.775,-0.142023128725228));
#8976=CARTESIAN_POINT('',(-5.05316815857448,-10.6073411445305,-0.142023128725228));
#8977=CARTESIAN_POINT('',(4.03772064889906,-22.2481133980027,-0.142023128725228));
#8978=CARTESIAN_POINT('',(-5.17941912085316,-10.4456783269785,-0.142023128725228));
#8979=CARTESIAN_POINT('',(8.485,-10.4456783269785,-0.142023128725228));
#8980=CARTESIAN_POINT('',(-5.2656392902142,-10.4456783269785,-0.142023128725228));
#8981=CARTESIAN_POINT('',(3.75521799427162,-22.3570215723383,-0.142023128725228));
#8982=CARTESIAN_POINT('',(-5.04700957504869,-10.7343619297499,-0.142023128725228));
#8983=CARTESIAN_POINT('',(8.485,-10.7343619297499,-0.142023128725228));
#8984=CARTESIAN_POINT('',(4.02499999999999,-18.775,-0.142023128725228));
#8985=CARTESIAN_POINT('',(4.025,-7.30500000000002,-0.142023128725228));
#8986=CARTESIAN_POINT('',(4.025,-9.30500000000002,-0.142023128725228));
#8987=CARTESIAN_POINT('',(8.485,-7.30500000000002,-0.142023128725228));
#8988=CARTESIAN_POINT('',(5.3465,-7.30500000000002,-0.142023128725228));
#8989=CARTESIAN_POINT('',(5.3465,-7.70500000000002,-0.142023128725228));
#8990=CARTESIAN_POINT('',(5.7465,-7.70500000000002,-0.142023128725228));
#8991=CARTESIAN_POINT('',(5.7465,-10.1385221335573,-0.142023128725228));
#8992=CARTESIAN_POINT('',(5.7465,-9.13852213355733,-0.142023128725228));
#8993=CARTESIAN_POINT('',(6.7465,-9.13852213355733,-0.142023128725228));
#8994=CARTESIAN_POINT('',(6.7465,-10.1385221335573,-0.142023128725228));
#8995=CARTESIAN_POINT('',(8.485,-10.1385221335573,-0.142023128725228));
#8996=CARTESIAN_POINT('',(8.085,-10.1385221335573,-0.142023128725228));
#8997=CARTESIAN_POINT('',(8.085,-10.5385221335573,-0.142023128725228));
#8998=CARTESIAN_POINT('',(8.485,-17.755,-0.142023128725228));
#8999=CARTESIAN_POINT('',(7.415,-17.755,-0.142023128725228));
#9000=CARTESIAN_POINT('',(7.415,-17.755,-0.142023128725228));
#9001=CARTESIAN_POINT('',(7.415,-18.775,-0.142023128725228));
#9002=CARTESIAN_POINT('',(8.485,-18.775,-0.142023128725228));
#9003=CARTESIAN_POINT('',(4.66960238477968,-18.775,-0.142023128725228));
#9004=CARTESIAN_POINT('',(4.66960238477968,-17.755,-0.142023128725228));
#9005=CARTESIAN_POINT('',(4.66960238477968,-17.755,-0.142023128725228));
#9006=CARTESIAN_POINT('',(2.91960238477968,-17.755,-0.142023128725228));
#9007=CARTESIAN_POINT('',(2.91960238477968,-17.755,-0.142023128725228));
#9008=CARTESIAN_POINT('',(2.91960238477968,-18.775,-0.142023128725228));
#9009=CARTESIAN_POINT('',(2.91960238477968,-18.775,-0.142023128725228));
#9010=CARTESIAN_POINT('',(8.485,-18.775,-0.142023128725228));
#9011=CARTESIAN_POINT('',(-4.385,-18.775,-0.142023128725228));
#9012=CARTESIAN_POINT('',(-4.385,-17.755,-0.142023128725228));
#9013=CARTESIAN_POINT('',(-4.385,-17.755,-0.142023128725228));
#9014=CARTESIAN_POINT('',(-5.7465,-17.755,-0.142023128725228));
#9015=CARTESIAN_POINT('',(-5.7465,-17.755,-0.142023128725228));
#9016=CARTESIAN_POINT('',(-5.7465,-7.30500000000002,-0.142023128725228));
#9017=CARTESIAN_POINT('',(-5.7465,-7.70500000000002,-0.142023128725228));
#9018=CARTESIAN_POINT('',(-5.3465,-7.70500000000002,-0.142023128725228));
#9019=CARTESIAN_POINT('',(-5.3465,-7.30500000000002,-0.142023128725228));
#9020=CARTESIAN_POINT('',(8.485,-7.30500000000002,-0.142023128725228));
#9021=CARTESIAN_POINT('',(-4.025,-7.30500000000002,-0.142023128725228));
#9022=CARTESIAN_POINT('',(-4.025,-18.775,-0.142023128725228));
#9023=CARTESIAN_POINT('',(-4.025,-9.30500000000002,-0.142023128725228));
#9024=CARTESIAN_POINT('',(8.485,-9.30500000000002,-0.142023128725228));
#9025=CARTESIAN_POINT('',(-3.675,-9.30500000000002,-0.142023128725228));
#9026=CARTESIAN_POINT('',(-3.675,-18.775,-0.142023128725228));
#9027=CARTESIAN_POINT('',(-3.675,-7.30500000000002,-0.142023128725228));
#9028=CARTESIAN_POINT('',(8.485,-7.30500000000002,-0.142023128725228));
#9029=CARTESIAN_POINT('',(-3.325,-7.30500000000002,-0.142023128725228));
#9030=CARTESIAN_POINT('',(-3.325,-18.775,-0.142023128725228));
#9031=CARTESIAN_POINT('',(-3.325,-9.30500000000002,-0.142023128725228));
#9032=CARTESIAN_POINT('',(8.485,-9.30500000000002,-0.142023128725228));
#9033=CARTESIAN_POINT('',(-2.975,-9.30500000000002,-0.142023128725228));
#9034=CARTESIAN_POINT('',(-2.975,-18.775,-0.142023128725228));
#9035=CARTESIAN_POINT('',(-2.975,-7.30500000000002,-0.142023128725228));
#9036=CARTESIAN_POINT('',(8.485,-7.30500000000002,-0.142023128725228));
#9037=CARTESIAN_POINT('',(-2.625,-7.30500000000002,-0.142023128725228));
#9038=CARTESIAN_POINT('',(-2.625,-18.775,-0.142023128725228));
#9039=CARTESIAN_POINT('',(-2.625,-9.30500000000002,-0.142023128725228));
#9040=CARTESIAN_POINT('',(8.485,-9.30500000000002,-0.142023128725228));
#9041=CARTESIAN_POINT('',(-2.275,-9.30500000000002,-0.142023128725228));
#9042=CARTESIAN_POINT('',(-2.275,-18.775,-0.142023128725228));
#9043=CARTESIAN_POINT('',(-2.275,-7.30500000000002,-0.142023128725228));
#9044=CARTESIAN_POINT('',(8.485,-7.30500000000002,-0.142023128725228));
#9045=CARTESIAN_POINT('',(-1.925,-7.30500000000002,-0.142023128725228));
#9046=CARTESIAN_POINT('',(-1.925,-18.775,-0.142023128725228));
#9047=CARTESIAN_POINT('',(-1.925,-9.30500000000002,-0.142023128725228));
#9048=CARTESIAN_POINT('',(8.485,-9.30500000000002,-0.142023128725228));
#9049=CARTESIAN_POINT('',(-1.575,-9.30500000000002,-0.142023128725228));
#9050=CARTESIAN_POINT('',(-1.575,-18.775,-0.142023128725228));
#9051=CARTESIAN_POINT('',(-1.575,-7.30500000000002,-0.142023128725228));
#9052=CARTESIAN_POINT('',(8.485,-7.30500000000002,-0.142023128725228));
#9053=CARTESIAN_POINT('',(-1.225,-7.30500000000002,-0.142023128725228));
#9054=CARTESIAN_POINT('',(-1.225,-18.775,-0.142023128725228));
#9055=CARTESIAN_POINT('',(-1.225,-9.30500000000002,-0.142023128725228));
#9056=CARTESIAN_POINT('',(8.485,-9.30500000000002,-0.142023128725228));
#9057=CARTESIAN_POINT('',(-0.874999999999999,-9.30500000000002,-0.142023128725228));
#9058=CARTESIAN_POINT('',(-0.875000000000004,-18.775,-0.142023128725228));
#9059=CARTESIAN_POINT('',(-0.875000000000001,-7.30500000000002,-0.142023128725228));
#9060=CARTESIAN_POINT('',(8.485,-7.30500000000002,-0.142023128725228));
#9061=CARTESIAN_POINT('',(-0.524999999999999,-7.30500000000002,-0.142023128725228));
#9062=CARTESIAN_POINT('',(-0.524999999999999,-18.775,-0.142023128725228));
#9063=CARTESIAN_POINT('',(-0.524999999999999,-9.30500000000002,-0.142023128725228));
#9064=CARTESIAN_POINT('',(8.485,-9.30500000000002,-0.142023128725228));
#9065=CARTESIAN_POINT('',(-0.175,-9.30500000000002,-0.142023128725228));
#9066=CARTESIAN_POINT('',(-0.175000000000003,-18.775,-0.142023128725228));
#9067=CARTESIAN_POINT('',(-0.175,-7.30500000000002,-0.142023128725228));
#9068=CARTESIAN_POINT('',(8.485,-7.30500000000002,-0.142023128725228));
#9069=CARTESIAN_POINT('',(0.175,-7.30500000000002,-0.142023128725228));
#9070=CARTESIAN_POINT('',(0.175,-18.775,-0.142023128725228));
#9071=CARTESIAN_POINT('',(0.175,-9.30500000000002,-0.142023128725228));
#9072=CARTESIAN_POINT('',(8.485,-9.30500000000002,-0.142023128725228));
#9073=CARTESIAN_POINT('',(0.524999999999999,-9.30500000000002,-0.142023128725228));
#9074=CARTESIAN_POINT('',(0.524999999999996,-18.775,-0.142023128725228));
#9075=CARTESIAN_POINT('',(0.524999999999999,-7.30500000000002,-0.142023128725228));
#9076=CARTESIAN_POINT('',(8.485,-7.30500000000002,-0.142023128725228));
#9077=CARTESIAN_POINT('',(0.875,-7.30500000000002,-0.142023128725228));
#9078=CARTESIAN_POINT('',(0.875,-18.775,-0.142023128725228));
#9079=CARTESIAN_POINT('',(0.875,-9.30500000000002,-0.142023128725228));
#9080=CARTESIAN_POINT('',(8.485,-9.30500000000002,-0.142023128725228));
#9081=CARTESIAN_POINT('',(1.225,-9.30500000000002,-0.142023128725228));
#9082=CARTESIAN_POINT('',(1.225,-18.775,-0.142023128725228));
#9083=CARTESIAN_POINT('',(1.225,-7.30500000000002,-0.142023128725228));
#9084=CARTESIAN_POINT('',(8.485,-7.30500000000002,-0.142023128725228));
#9085=CARTESIAN_POINT('',(1.575,-7.30500000000002,-0.142023128725228));
#9086=CARTESIAN_POINT('',(1.575,-18.775,-0.142023128725228));
#9087=CARTESIAN_POINT('',(1.575,-9.30500000000002,-0.142023128725228));
#9088=CARTESIAN_POINT('',(8.485,-9.30500000000002,-0.142023128725228));
#9089=CARTESIAN_POINT('',(1.925,-9.30500000000002,-0.142023128725228));
#9090=CARTESIAN_POINT('',(1.92499999999999,-18.775,-0.142023128725228));
#9091=CARTESIAN_POINT('',(1.925,-7.30500000000002,-0.142023128725228));
#9092=CARTESIAN_POINT('',(8.485,-7.30500000000002,-0.142023128725228));
#9093=CARTESIAN_POINT('',(2.275,-7.30500000000002,-0.142023128725228));
#9094=CARTESIAN_POINT('',(2.275,-18.775,-0.142023128725228));
#9095=CARTESIAN_POINT('',(2.275,-9.30500000000002,-0.142023128725228));
#9096=CARTESIAN_POINT('',(8.485,-9.30500000000002,-0.142023128725228));
#9097=CARTESIAN_POINT('',(2.625,-9.30500000000002,-0.142023128725228));
#9098=CARTESIAN_POINT('',(2.62499999999999,-18.775,-0.142023128725228));
#9099=CARTESIAN_POINT('',(2.625,-7.30500000000002,-0.142023128725228));
#9100=CARTESIAN_POINT('',(8.485,-7.30500000000002,-0.142023128725228));
#9101=CARTESIAN_POINT('',(2.975,-7.30500000000002,-0.142023128725228));
#9102=CARTESIAN_POINT('',(2.975,-18.775,-0.142023128725228));
#9103=CARTESIAN_POINT('',(2.975,-9.30500000000002,-0.142023128725228));
#9104=CARTESIAN_POINT('',(8.485,-9.30500000000002,-0.142023128725228));
#9105=CARTESIAN_POINT('',(3.325,-9.30500000000002,-0.142023128725228));
#9106=CARTESIAN_POINT('',(3.32499999999999,-18.775,-0.142023128725228));
#9107=CARTESIAN_POINT('',(3.325,-7.30500000000002,-0.142023128725228));
#9108=CARTESIAN_POINT('',(8.485,-7.30500000000002,-0.142023128725228));
#9109=CARTESIAN_POINT('',(3.675,-7.30500000000002,-0.142023128725228));
#9110=CARTESIAN_POINT('',(3.675,-18.775,-0.142023128725228));
#9111=CARTESIAN_POINT('',(3.675,-9.30500000000002,-0.142023128725228));
#9112=CARTESIAN_POINT('',(8.485,-9.30500000000002,-0.142023128725228));
#9113=CARTESIAN_POINT('',(-5.7465,-7.30500000000002,0.));
#9114=CARTESIAN_POINT('',(-5.7465,-17.755,0.));
#9115=CARTESIAN_POINT('',(-5.7465,-17.755,0.));
#9116=CARTESIAN_POINT('',(-5.7465,-7.30500000000002,0.));
#9117=CARTESIAN_POINT('',(-5.7465,-7.70500000000002,0.));
#9118=CARTESIAN_POINT('',(-5.7465,-7.70500000000002,-0.142023128725228));
#9119=CARTESIAN_POINT('',(8.485,-7.30500000000002,-0.142023128725228));
#9120=CARTESIAN_POINT('',(4.025,-7.30500000000002,-0.147023128725228));
#9121=CARTESIAN_POINT('',(4.025,-7.30500000000002,-0.147023128725228));
#9122=CARTESIAN_POINT('',(4.025,-7.30500000000002,-0.147023128725228));
#9123=CARTESIAN_POINT('',(3.675,-7.30500000000002,-0.147023128725228));
#9124=CARTESIAN_POINT('',(3.675,-7.30500000000002,-0.147023128725228));
#9125=CARTESIAN_POINT('',(3.325,-7.30500000000002,-0.147023128725228));
#9126=CARTESIAN_POINT('',(3.325,-7.30500000000002,-0.147023128725228));
#9127=CARTESIAN_POINT('',(3.325,-7.30500000000002,-0.147023128725228));
#9128=CARTESIAN_POINT('',(2.975,-7.30500000000002,-0.147023128725228));
#9129=CARTESIAN_POINT('',(2.975,-7.30500000000002,-0.147023128725228));
#9130=CARTESIAN_POINT('',(2.625,-7.30500000000002,-0.147023128725228));
#9131=CARTESIAN_POINT('',(2.625,-7.30500000000002,-0.147023128725228));
#9132=CARTESIAN_POINT('',(2.625,-7.30500000000002,-0.147023128725228));
#9133=CARTESIAN_POINT('',(2.275,-7.30500000000002,-0.147023128725228));
#9134=CARTESIAN_POINT('',(2.275,-7.30500000000002,-0.147023128725228));
#9135=CARTESIAN_POINT('',(1.925,-7.30500000000002,-0.147023128725228));
#9136=CARTESIAN_POINT('',(1.925,-7.30500000000002,-0.147023128725228));
#9137=CARTESIAN_POINT('',(1.925,-7.30500000000002,-0.147023128725228));
#9138=CARTESIAN_POINT('',(1.575,-7.30500000000002,-0.147023128725228));
#9139=CARTESIAN_POINT('',(1.575,-7.30500000000002,-0.147023128725228));
#9140=CARTESIAN_POINT('',(1.225,-7.30500000000002,-0.147023128725228));
#9141=CARTESIAN_POINT('',(1.225,-7.30500000000002,-0.147023128725228));
#9142=CARTESIAN_POINT('',(1.225,-7.30500000000002,-0.147023128725228));
#9143=CARTESIAN_POINT('',(0.875,-7.30500000000002,-0.147023128725228));
#9144=CARTESIAN_POINT('',(0.875,-7.30500000000002,-0.147023128725228));
#9145=CARTESIAN_POINT('',(0.525,-7.30500000000002,-0.147023128725228));
#9146=CARTESIAN_POINT('',(0.525,-7.30500000000002,-0.147023128725228));
#9147=CARTESIAN_POINT('',(0.525,-7.30500000000002,-0.147023128725228));
#9148=CARTESIAN_POINT('',(0.175,-7.30500000000002,-0.147023128725228));
#9149=CARTESIAN_POINT('',(0.175,-7.30500000000002,-0.147023128725228));
#9150=CARTESIAN_POINT('',(-0.174999999999999,-7.30500000000002,-0.147023128725228));
#9151=CARTESIAN_POINT('',(-0.174999999999999,-7.30500000000002,-0.147023128725228));
#9152=CARTESIAN_POINT('',(-0.174999999999999,-7.30500000000002,-0.147023128725228));
#9153=CARTESIAN_POINT('',(-0.524999999999999,-7.30500000000002,-0.147023128725228));
#9154=CARTESIAN_POINT('',(-0.524999999999999,-7.30500000000002,-0.147023128725228));
#9155=CARTESIAN_POINT('',(-0.874999999999999,-7.30500000000002,-0.147023128725228));
#9156=CARTESIAN_POINT('',(-0.874999999999999,-7.30500000000002,-0.147023128725228));
#9157=CARTESIAN_POINT('',(-0.874999999999999,-7.30500000000002,-0.147023128725228));
#9158=CARTESIAN_POINT('',(-1.225,-7.30500000000002,-0.147023128725228));
#9159=CARTESIAN_POINT('',(-1.225,-7.30500000000002,-0.147023128725228));
#9160=CARTESIAN_POINT('',(-1.575,-7.30500000000002,-0.147023128725228));
#9161=CARTESIAN_POINT('',(-1.575,-7.30500000000002,-0.147023128725228));
#9162=CARTESIAN_POINT('',(-1.575,-7.30500000000002,-0.147023128725228));
#9163=CARTESIAN_POINT('',(-1.925,-7.30500000000002,-0.147023128725228));
#9164=CARTESIAN_POINT('',(-1.925,-7.30500000000002,-0.147023128725228));
#9165=CARTESIAN_POINT('',(-2.275,-7.30500000000002,-0.147023128725228));
#9166=CARTESIAN_POINT('',(-2.275,-7.30500000000002,-0.147023128725228));
#9167=CARTESIAN_POINT('',(-2.275,-7.30500000000002,-0.147023128725228));
#9168=CARTESIAN_POINT('',(-2.625,-7.30500000000002,-0.147023128725228));
#9169=CARTESIAN_POINT('',(-2.625,-7.30500000000002,-0.147023128725228));
#9170=CARTESIAN_POINT('',(-2.975,-7.30500000000002,-0.147023128725228));
#9171=CARTESIAN_POINT('',(-2.975,-7.30500000000002,-0.147023128725228));
#9172=CARTESIAN_POINT('',(-2.975,-7.30500000000002,-0.147023128725228));
#9173=CARTESIAN_POINT('',(-3.325,-7.30500000000002,-0.147023128725228));
#9174=CARTESIAN_POINT('',(-3.325,-7.30500000000002,-0.147023128725228));
#9175=CARTESIAN_POINT('',(-3.675,-7.30500000000002,-0.147023128725228));
#9176=CARTESIAN_POINT('',(-3.675,-7.30500000000002,-0.147023128725228));
#9177=CARTESIAN_POINT('',(-3.675,-7.30500000000002,-0.147023128725228));
#9178=CARTESIAN_POINT('',(-4.025,-7.30500000000002,-0.147023128725228));
#9179=CARTESIAN_POINT('',(-4.025,-7.30500000000002,-0.147023128725228));
#9180=CARTESIAN_POINT('',(-5.3465,-7.30500000000002,0.));
#9181=CARTESIAN_POINT('',(-5.3465,-7.30500000000002,0.));
#9182=CARTESIAN_POINT('',(8.485,-7.30500000000002,0.));
#9183=CARTESIAN_POINT('',(5.3465,-7.30500000000002,0.));
#9184=CARTESIAN_POINT('',(5.3465,-7.30500000000002,-0.142023128725228));
#9185=CARTESIAN_POINT('',(8.485,-18.775,0.31782462271593));
#9186=CARTESIAN_POINT('',(8.485,-18.775,0.635649245431861));
#9187=CARTESIAN_POINT('',(7.415,-18.775,0.635649245431857));
#9188=CARTESIAN_POINT('',(4.66960238477968,-18.775,0.635649245431857));
#9189=CARTESIAN_POINT('',(7.415,-18.775,0.31782462271593));
#9190=CARTESIAN_POINT('',(4.66960238477968,-18.775,0.31782462271593));
#9191=CARTESIAN_POINT('',(8.485,-18.775,0.31782462271593));
#9192=CARTESIAN_POINT('',(7.415,-18.775,0.31782462271593));
#9193=CARTESIAN_POINT('',(7.415,-18.775,0.777672374157087));
#9194=CARTESIAN_POINT('',(8.485,-18.775,0.777672374157089));
#9195=CARTESIAN_POINT('',(4.66960238477968,-18.775,0.777672374157087));
#9196=CARTESIAN_POINT('',(4.66960238477968,-18.775,0.31782462271593));
#9197=CARTESIAN_POINT('',(8.485,-18.775,0.31782462271593));
#9198=CARTESIAN_POINT('',(2.91960238477968,-18.775,0.31782462271593));
#9199=CARTESIAN_POINT('',(2.91960238477968,-18.775,0.635649245431857));
#9200=CARTESIAN_POINT('',(-4.385,-18.775,0.31782462271593));
#9201=CARTESIAN_POINT('',(-4.385,-18.775,0.635649245431861));
#9202=CARTESIAN_POINT('',(8.485,-18.775,0.635649245431861));
#9203=CARTESIAN_POINT('',(8.485,-18.775,0.31782462271593));
#9204=CARTESIAN_POINT('',(2.91960238477968,-18.775,0.31782462271593));
#9205=CARTESIAN_POINT('',(2.91960238477968,-18.775,0.777672374157087));
#9206=CARTESIAN_POINT('',(8.485,-18.775,0.777672374157089));
#9207=CARTESIAN_POINT('',(-4.385,-18.775,0.777672374157089));
#9208=CARTESIAN_POINT('',(-4.385,-18.775,0.31782462271593));
#9209=CARTESIAN_POINT('',(15.085,-18.775,0.78));
#9210=CARTESIAN_POINT('',(7.415,-18.775,98.08));
#9211=CARTESIAN_POINT('',(4.66960238477968,-18.775,98.08));
#9212=CARTESIAN_POINT('',(15.085,-18.775,0.78));
#9213=CARTESIAN_POINT('',(10.625,-18.775,0.78));
#9214=CARTESIAN_POINT('',(6.74307589819405,-18.775,0.78));
#9215=CARTESIAN_POINT('',(6.74307589819405,-18.775,0.82));
#9216=CARTESIAN_POINT('',(6.74307589819405,-18.775,0.82));
#9217=CARTESIAN_POINT('',(6.74307589819405,-18.775,0.82));
#9218=CARTESIAN_POINT('',(-6.74307589819405,-18.775,0.82));
#9219=CARTESIAN_POINT('',(-6.74307589819405,-18.775,0.82));
#9220=CARTESIAN_POINT('',(-6.74307589819405,-18.775,0.78));
#9221=CARTESIAN_POINT('',(15.085,-18.775,0.78));
#9222=CARTESIAN_POINT('',(-10.625,-18.775,0.78));
#9223=CARTESIAN_POINT('',(-10.625,-18.775,0.78));
#9224=CARTESIAN_POINT('',(-10.625,-18.775,0.2));
#9225=CARTESIAN_POINT('',(15.085,-18.775,0.2));
#9226=CARTESIAN_POINT('',(10.625,-18.775,0.2));
#9227=CARTESIAN_POINT('',(10.625,-18.775,0.78));
#9228=CARTESIAN_POINT('',(2.91960238477968,-18.775,98.08));
#9229=CARTESIAN_POINT('',(-4.385,-18.775,98.08));
#9230=CARTESIAN_POINT('',(0.,0.,0.78));
#9231=CARTESIAN_POINT('',(-6.74307589819405,-18.775,0.78));
#9232=CARTESIAN_POINT('',(-6.74307589819405,-17.5580091313158,0.78));
#9233=CARTESIAN_POINT('',(-6.74307589819405,-17.5580091313158,0.78));
#9234=CARTESIAN_POINT('',(6.74307589819405,-17.5580091313158,0.78));
#9235=CARTESIAN_POINT('',(6.74307589819405,-17.5580091313158,0.78));
#9236=CARTESIAN_POINT('',(10.625,-14.315,0.78));
#9237=CARTESIAN_POINT('',(15.085,-14.315,0.78));
#9238=CARTESIAN_POINT('',(15.085,18.775,0.78));
#9239=CARTESIAN_POINT('',(15.085,14.315,0.78));
#9240=CARTESIAN_POINT('',(10.625,14.315,0.78));
#9241=CARTESIAN_POINT('',(10.625,18.775,0.78));
#9242=CARTESIAN_POINT('',(-15.085,18.775,0.78));
#9243=CARTESIAN_POINT('',(-10.625,18.775,0.78));
#9244=CARTESIAN_POINT('',(-10.625,14.315,0.78));
#9245=CARTESIAN_POINT('',(-15.085,14.315,0.78));
#9246=CARTESIAN_POINT('',(-15.085,-18.775,0.78));
#9247=CARTESIAN_POINT('',(-15.085,-14.315,0.78));
#9248=CARTESIAN_POINT('',(-10.625,-14.315,0.78));
#9249=CARTESIAN_POINT('',(7.5,-17.1127877097529,0.78));
#9250=CARTESIAN_POINT('',(7.5,-17.1127877097529,0.78));
#9251=CARTESIAN_POINT('',(-7.5,-17.1127877097529,0.78));
#9252=CARTESIAN_POINT('',(-7.5,-17.1127877097529,0.78));
#9253=CARTESIAN_POINT('',(-7.5,-16.5124355970769,0.78));
#9254=CARTESIAN_POINT('',(-7.5,-16.5124355970769,0.78));
#9255=CARTESIAN_POINT('',(7.5,-16.5124355970769,0.78));
#9256=CARTESIAN_POINT('',(7.5,-16.5124355970769,0.78));
#9257=CARTESIAN_POINT('',(-13.96,-14.955,0.78));
#9258=CARTESIAN_POINT('',(-13.96,-11.58,0.78));
#9259=CARTESIAN_POINT('',(-13.96,14.3,0.78));
#9260=CARTESIAN_POINT('',(-10.585,14.3,0.78));
#9261=CARTESIAN_POINT('',(-10.585,17.675,0.78));
#9262=CARTESIAN_POINT('',(-13.96,17.675,0.78));
#9263=CARTESIAN_POINT('',(10.585,17.675,0.78));
#9264=CARTESIAN_POINT('',(10.585,14.3,0.78));
#9265=CARTESIAN_POINT('',(13.96,14.3,0.78));
#9266=CARTESIAN_POINT('',(13.96,17.675,0.78));
#9267=CARTESIAN_POINT('',(13.96,-11.58,0.78));
#9268=CARTESIAN_POINT('',(10.585,-11.58,0.78));
#9269=CARTESIAN_POINT('',(10.585,-14.955,0.78));
#9270=CARTESIAN_POINT('',(13.96,-14.955,0.78));
#9271=CARTESIAN_POINT('',(-10.585,-14.955,0.78));
#9272=CARTESIAN_POINT('',(-10.585,-11.58,0.78));
#9273=CARTESIAN_POINT('',(-15.085,-18.775,0.78));
#9274=CARTESIAN_POINT('',(-15.085,14.315,0.78));
#9275=CARTESIAN_POINT('',(-15.085,14.315,0.2));
#9276=CARTESIAN_POINT('',(-15.085,-18.775,0.2));
#9277=CARTESIAN_POINT('',(-15.085,-14.315,0.2));
#9278=CARTESIAN_POINT('',(-15.085,-14.315,0.78));
#9279=CARTESIAN_POINT('',(-15.085,18.775,0.78));
#9280=CARTESIAN_POINT('',(10.625,18.775,0.78));
#9281=CARTESIAN_POINT('',(10.625,18.775,0.2));
#9282=CARTESIAN_POINT('',(-15.085,18.775,0.2));
#9283=CARTESIAN_POINT('',(-10.625,18.775,0.2));
#9284=CARTESIAN_POINT('',(-10.625,18.775,0.78));
#9285=CARTESIAN_POINT('',(15.085,18.775,0.78));
#9286=CARTESIAN_POINT('',(15.085,-14.315,0.78));
#9287=CARTESIAN_POINT('',(15.085,-14.315,0.2));
#9288=CARTESIAN_POINT('',(15.085,18.775,0.2));
#9289=CARTESIAN_POINT('',(15.085,14.315,0.2));
#9290=CARTESIAN_POINT('',(15.085,14.315,0.78));
#9291=CARTESIAN_POINT('',(0.,0.,0.));
#9292=CARTESIAN_POINT('',(8.485,-10.1385221335573,0.));
#9293=CARTESIAN_POINT('',(8.085,-10.1385221335573,0.));
#9294=CARTESIAN_POINT('',(6.7465,-10.1385221335573,0.));
#9295=CARTESIAN_POINT('',(6.7465,-9.13852213355733,0.));
#9296=CARTESIAN_POINT('',(5.7465,-9.13852213355733,0.));
#9297=CARTESIAN_POINT('',(5.7465,-10.1385221335573,0.));
#9298=CARTESIAN_POINT('',(5.7465,-7.70500000000002,0.));
#9299=CARTESIAN_POINT('',(5.3465,-7.70500000000002,0.));
#9300=CARTESIAN_POINT('',(-5.3465,-7.70500000000002,0.));
#9301=CARTESIAN_POINT('',(-5.7465,-17.755,0.));
#9302=CARTESIAN_POINT('',(-4.385,-17.755,0.));
#9303=CARTESIAN_POINT('',(-4.385,-17.755,0.));
#9304=CARTESIAN_POINT('',(0.,-18.575,0.));
#9305=CARTESIAN_POINT('',(-10.625,-18.575,0.));
#9306=CARTESIAN_POINT('',(-10.625,-14.315,0.));
#9307=CARTESIAN_POINT('',(-14.885,-14.315,0.));
#9308=CARTESIAN_POINT('',(-14.885,0.,0.));
#9309=CARTESIAN_POINT('',(-14.885,14.315,0.));
#9310=CARTESIAN_POINT('',(-10.625,14.315,0.));
#9311=CARTESIAN_POINT('',(-10.625,18.575,0.));
#9312=CARTESIAN_POINT('',(0.,18.575,0.));
#9313=CARTESIAN_POINT('',(10.625,18.575,0.));
#9314=CARTESIAN_POINT('',(10.625,14.315,0.));
#9315=CARTESIAN_POINT('',(14.885,14.315,0.));
#9316=CARTESIAN_POINT('',(14.885,0.,0.));
#9317=CARTESIAN_POINT('',(14.885,-14.315,0.));
#9318=CARTESIAN_POINT('',(10.625,-14.315,0.));
#9319=CARTESIAN_POINT('',(10.625,-18.575,0.));
#9320=CARTESIAN_POINT('',(0.,-18.575,0.));
#9321=CARTESIAN_POINT('',(7.415,-17.755,0.));
#9322=CARTESIAN_POINT('',(7.415,-17.755,0.));
#9323=CARTESIAN_POINT('',(8.485,-17.755,0.));
#9324=CARTESIAN_POINT('',(8.085,-10.5385221335573,0.));
#9325=CARTESIAN_POINT('',(10.625,-14.315,0.78));
#9326=CARTESIAN_POINT('',(10.625,-14.315,0.2));
#9327=CARTESIAN_POINT('',(-10.625,-14.315,0.78));
#9328=CARTESIAN_POINT('',(-10.625,-14.315,0.2));
#9329=CARTESIAN_POINT('',(-10.625,14.315,0.78));
#9330=CARTESIAN_POINT('',(-10.625,14.315,0.2));
#9331=CARTESIAN_POINT('',(10.625,14.315,0.78));
#9332=CARTESIAN_POINT('',(10.625,14.315,0.2));
#9333=CARTESIAN_POINT('',(-13.96,-14.955,0.79));
#9334=CARTESIAN_POINT('',(-13.96,-14.955,0.79));
#9335=CARTESIAN_POINT('',(-13.96,-11.58,0.79));
#9336=CARTESIAN_POINT('',(-13.96,14.3,0.79));
#9337=CARTESIAN_POINT('',(-13.96,14.3,0.79));
#9338=CARTESIAN_POINT('',(-13.96,-11.58,0.79));
#9339=CARTESIAN_POINT('',(-13.96,17.675,0.79));
#9340=CARTESIAN_POINT('',(-10.585,17.675,0.79));
#9341=CARTESIAN_POINT('',(-10.585,17.675,0.79));
#9342=CARTESIAN_POINT('',(-13.96,17.675,0.79));
#9343=CARTESIAN_POINT('',(10.585,17.675,0.79));
#9344=CARTESIAN_POINT('',(10.585,17.675,0.79));
#9345=CARTESIAN_POINT('',(13.96,17.675,0.79));
#9346=CARTESIAN_POINT('',(13.96,17.675,0.79));
#9347=CARTESIAN_POINT('',(13.96,14.3,0.79));
#9348=CARTESIAN_POINT('',(13.96,-11.58,0.79));
#9349=CARTESIAN_POINT('',(13.96,-11.58,0.79));
#9350=CARTESIAN_POINT('',(13.96,14.3,0.79));
#9351=CARTESIAN_POINT('',(13.96,-14.955,0.79));
#9352=CARTESIAN_POINT('',(10.585,-14.955,0.79));
#9353=CARTESIAN_POINT('',(10.585,-14.955,0.79));
#9354=CARTESIAN_POINT('',(13.96,-14.955,0.79));
#9355=CARTESIAN_POINT('',(-10.585,-14.955,0.79));
#9356=CARTESIAN_POINT('',(-10.585,-14.955,0.79));
#9357=CARTESIAN_POINT('',(0.,0.,0.79));
#9358=CARTESIAN_POINT('',(10.585,-11.58,0.79));
#9359=CARTESIAN_POINT('',(10.585,14.3,0.79));
#9360=CARTESIAN_POINT('',(-10.585,14.3,0.79));
#9361=CARTESIAN_POINT('',(-10.585,-11.58,0.79));
#9362=CARTESIAN_POINT('',(-10.585,-11.58,0.79));
#9363=CARTESIAN_POINT('',(10.585,14.3,0.79));
#9364=CARTESIAN_POINT('',(-10.585,14.3,0.79));
#9365=CARTESIAN_POINT('',(10.585,-11.58,0.79));
#9366=CARTESIAN_POINT('',(-7.5,-17.1127877097529,0.82));
#9367=CARTESIAN_POINT('',(-7.5,-17.1127877097529,0.82));
#9368=CARTESIAN_POINT('',(-7.5,-17.1127877097529,0.82));
#9369=CARTESIAN_POINT('',(-7.5,-17.1127877097529,0.82));
#9370=CARTESIAN_POINT('',(-7.5,-16.5124355970769,0.82));
#9371=CARTESIAN_POINT('',(-7.5,-16.5124355970769,0.82));
#9372=CARTESIAN_POINT('',(-7.5,-16.5124355970769,0.82));
#9373=CARTESIAN_POINT('',(-7.5,-16.5124355970769,0.82));
#9374=CARTESIAN_POINT('',(7.5,-16.5124355970769,0.82));
#9375=CARTESIAN_POINT('',(7.5,-16.5124355970769,0.82));
#9376=CARTESIAN_POINT('',(7.5,-16.5124355970769,0.82));
#9377=CARTESIAN_POINT('',(7.5,-16.5124355970769,0.82));
#9378=CARTESIAN_POINT('',(7.5,-17.1127877097529,0.82));
#9379=CARTESIAN_POINT('',(7.5,-17.1127877097529,0.82));
#9380=CARTESIAN_POINT('',(7.5,-17.1127877097529,0.82));
#9381=CARTESIAN_POINT('',(7.5,-17.1127877097529,0.82));
#9382=CARTESIAN_POINT('',(0.,0.,0.82));
#9383=CARTESIAN_POINT('',(-6.74307589819405,-18.775,0.82));
#9384=CARTESIAN_POINT('',(-6.74307589819405,-18.775,0.82));
#9385=CARTESIAN_POINT('',(-6.74307589819405,-17.5580091313158,0.82));
#9386=CARTESIAN_POINT('',(-6.74307589819405,-17.5580091313158,0.82));
#9387=CARTESIAN_POINT('',(-6.74307589819405,-17.5580091313158,0.82));
#9388=CARTESIAN_POINT('',(-6.74307589819405,-17.5580091313158,0.82));
#9389=CARTESIAN_POINT('',(6.74307589819405,-17.5580091313158,0.82));
#9390=CARTESIAN_POINT('',(6.74307589819405,-17.5580091313158,0.82));
#9391=CARTESIAN_POINT('',(6.74307589819405,-17.5580091313158,0.82));
#9392=CARTESIAN_POINT('',(6.74307589819405,-17.5580091313158,0.82));
#9393=CARTESIAN_POINT('',(0.,0.,0.82));
#9394=CARTESIAN_POINT('',(10.625,14.315,0.2));
#9395=CARTESIAN_POINT('',(10.625,18.575,0.2));
#9396=CARTESIAN_POINT('',(14.885,14.315,0.2));
#9397=CARTESIAN_POINT('',(14.885,0.,0.2));
#9398=CARTESIAN_POINT('',(14.885,-14.315,0.2));
#9399=CARTESIAN_POINT('',(0.,18.575,0.2));
#9400=CARTESIAN_POINT('',(-10.625,18.575,0.2));
#9401=CARTESIAN_POINT('',(10.625,-14.315,0.2));
#9402=CARTESIAN_POINT('',(10.625,-18.575,0.2));
#9403=CARTESIAN_POINT('',(-10.625,14.315,0.2));
#9404=CARTESIAN_POINT('',(-14.885,14.315,0.2));
#9405=CARTESIAN_POINT('',(0.,-18.575,0.2));
#9406=CARTESIAN_POINT('',(-10.625,-18.575,0.2));
#9407=CARTESIAN_POINT('',(0.,-18.575,0.));
#9408=CARTESIAN_POINT('',(-14.885,0.,0.2));
#9409=CARTESIAN_POINT('',(-14.885,-14.315,0.2));
#9410=CARTESIAN_POINT('',(-10.625,-14.315,0.2));
#9411=CARTESIAN_POINT('',(-4.385,-19.2348477514412,98.08));
#9412=CARTESIAN_POINT('',(-4.385,-17.755,0.));
#9413=CARTESIAN_POINT('',(2.91960238477968,-19.525,98.08));
#9414=CARTESIAN_POINT('',(2.91960238477968,-17.755,0.));
#9415=CARTESIAN_POINT('',(2.91960238477968,-17.755,0.));
#9416=CARTESIAN_POINT('',(2.91960238477968,-18.775,0.));
#9417=CARTESIAN_POINT('',(4.66960238477968,-18.775,98.08));
#9418=CARTESIAN_POINT('',(4.66960238477968,-17.755,0.));
#9419=CARTESIAN_POINT('',(4.66960238477968,-17.755,0.));
#9420=CARTESIAN_POINT('',(4.66960238477968,-17.755,0.));
#9421=CARTESIAN_POINT('',(7.415,-18.775,98.08));
#9422=CARTESIAN_POINT('',(7.415,-17.755,0.));
#9423=CARTESIAN_POINT('',(8.485,-10.1385221335573,0.));
#9424=CARTESIAN_POINT('',(6.7465,-10.1385221335573,0.));
#9425=CARTESIAN_POINT('',(8.085,-10.1385221335573,-0.142023128725228));
#9426=CARTESIAN_POINT('',(5.7465,-10.1385221335573,0.));
#9427=CARTESIAN_POINT('',(5.7465,-9.13852213355733,-0.142023128725228));
#9428=CARTESIAN_POINT('',(5.7465,-7.70500000000002,0.));
#9429=CARTESIAN_POINT('',(-5.3465,-7.70500000000002,0.));
#9430=CARTESIAN_POINT('',(8.085,-10.5385221335573,0.));
#9431=CARTESIAN_POINT('',(5.3465,-7.70500000000002,-0.142023128725228));
#9432=CARTESIAN_POINT('',(-5.7465,-17.755,0.));
#9433=CARTESIAN_POINT('',(8.485,-17.755,0.));
#9434=CARTESIAN_POINT('',(0.,0.,0.));
#9435=CARTESIAN_POINT('',(2.91960238477968,-17.755,0.));
#9436=CARTESIAN_POINT('',(2.91960238477968,-17.755,0.));
#9437=CARTESIAN_POINT('',(6.7465,-9.13852213355733,0.));
#9438=CARTESIAN_POINT('',(-4.025,-9.30500000000002,-0.147023128725228));
#9439=CARTESIAN_POINT('',(-3.675,-9.30500000000002,-0.147023128725228));
#9440=CARTESIAN_POINT('',(-3.675,-9.30500000000002,-0.147023128725228));
#9441=CARTESIAN_POINT('',(-4.025,-9.30500000000002,-0.147023128725228));
#9442=CARTESIAN_POINT('',(-4.025,-9.30500000000002,-0.147023128725228));
#9443=CARTESIAN_POINT('',(-4.025,-9.30500000000002,-0.147023128725228));
#9444=CARTESIAN_POINT('',(-3.675,-9.30500000000002,-0.147023128725228));
#9445=CARTESIAN_POINT('',(-3.675,-9.30500000000002,-0.147023128725228));
#9446=CARTESIAN_POINT('',(-4.025,-7.30500000000002,-0.147023128725228));
#9447=CARTESIAN_POINT('',(-4.025,-7.30500000000002,-0.147023128725228));
#9448=CARTESIAN_POINT('',(0.,0.,-0.147023128725228));
#9449=CARTESIAN_POINT('',(-3.325,-9.30500000000002,-0.147023128725228));
#9450=CARTESIAN_POINT('',(-2.975,-9.30500000000002,-0.147023128725228));
#9451=CARTESIAN_POINT('',(-2.975,-9.30500000000002,-0.147023128725228));
#9452=CARTESIAN_POINT('',(-3.325,-9.30500000000002,-0.147023128725228));
#9453=CARTESIAN_POINT('',(-3.325,-9.30500000000002,-0.147023128725228));
#9454=CARTESIAN_POINT('',(-3.325,-9.30500000000002,-0.147023128725228));
#9455=CARTESIAN_POINT('',(-2.975,-9.30500000000002,-0.147023128725228));
#9456=CARTESIAN_POINT('',(-2.975,-9.30500000000002,-0.147023128725228));
#9457=CARTESIAN_POINT('',(-3.325,-7.30500000000002,-0.147023128725228));
#9458=CARTESIAN_POINT('',(-3.325,-7.30500000000002,-0.147023128725228));
#9459=CARTESIAN_POINT('',(0.,0.,-0.147023128725228));
#9460=CARTESIAN_POINT('',(-2.625,-9.30500000000002,-0.147023128725228));
#9461=CARTESIAN_POINT('',(-2.275,-9.30500000000002,-0.147023128725228));
#9462=CARTESIAN_POINT('',(-2.275,-9.30500000000002,-0.147023128725228));
#9463=CARTESIAN_POINT('',(-2.625,-9.30500000000002,-0.147023128725228));
#9464=CARTESIAN_POINT('',(-2.625,-9.30500000000002,-0.147023128725228));
#9465=CARTESIAN_POINT('',(-2.625,-9.30500000000002,-0.147023128725228));
#9466=CARTESIAN_POINT('',(-2.275,-9.30500000000002,-0.147023128725228));
#9467=CARTESIAN_POINT('',(-2.275,-9.30500000000002,-0.147023128725228));
#9468=CARTESIAN_POINT('',(-2.625,-7.30500000000002,-0.147023128725228));
#9469=CARTESIAN_POINT('',(-2.625,-7.30500000000002,-0.147023128725228));
#9470=CARTESIAN_POINT('',(0.,0.,-0.147023128725228));
#9471=CARTESIAN_POINT('',(-1.925,-9.30500000000002,-0.147023128725228));
#9472=CARTESIAN_POINT('',(-1.575,-9.30500000000002,-0.147023128725228));
#9473=CARTESIAN_POINT('',(-1.575,-9.30500000000002,-0.147023128725228));
#9474=CARTESIAN_POINT('',(-1.925,-9.30500000000002,-0.147023128725228));
#9475=CARTESIAN_POINT('',(-1.925,-9.30500000000002,-0.147023128725228));
#9476=CARTESIAN_POINT('',(-1.925,-9.30500000000002,-0.147023128725228));
#9477=CARTESIAN_POINT('',(-1.575,-9.30500000000002,-0.147023128725228));
#9478=CARTESIAN_POINT('',(-1.575,-9.30500000000002,-0.147023128725228));
#9479=CARTESIAN_POINT('',(-1.925,-7.30500000000002,-0.147023128725228));
#9480=CARTESIAN_POINT('',(-1.925,-7.30500000000002,-0.147023128725228));
#9481=CARTESIAN_POINT('',(0.,0.,-0.147023128725228));
#9482=CARTESIAN_POINT('',(-1.225,-9.30500000000002,-0.147023128725228));
#9483=CARTESIAN_POINT('',(-0.875,-9.30500000000002,-0.147023128725228));
#9484=CARTESIAN_POINT('',(-0.875,-9.30500000000002,-0.147023128725228));
#9485=CARTESIAN_POINT('',(-1.225,-9.30500000000002,-0.147023128725228));
#9486=CARTESIAN_POINT('',(-1.225,-9.30500000000002,-0.147023128725228));
#9487=CARTESIAN_POINT('',(-1.225,-9.30500000000002,-0.147023128725228));
#9488=CARTESIAN_POINT('',(-0.875,-9.30500000000002,-0.147023128725228));
#9489=CARTESIAN_POINT('',(-0.875,-9.30500000000002,-0.147023128725228));
#9490=CARTESIAN_POINT('',(-1.225,-7.30500000000002,-0.147023128725228));
#9491=CARTESIAN_POINT('',(-1.225,-7.30500000000002,-0.147023128725228));
#9492=CARTESIAN_POINT('',(0.,0.,-0.147023128725228));
#9493=CARTESIAN_POINT('',(-0.524999999999999,-9.30500000000002,-0.147023128725228));
#9494=CARTESIAN_POINT('',(-0.175,-9.30500000000002,-0.147023128725228));
#9495=CARTESIAN_POINT('',(-0.175,-9.30500000000002,-0.147023128725228));
#9496=CARTESIAN_POINT('',(-0.524999999999999,-9.30500000000002,-0.147023128725228));
#9497=CARTESIAN_POINT('',(-0.524999999999999,-9.30500000000002,-0.147023128725228));
#9498=CARTESIAN_POINT('',(-0.524999999999999,-9.30500000000002,-0.147023128725228));
#9499=CARTESIAN_POINT('',(-0.175,-9.30500000000002,-0.147023128725228));
#9500=CARTESIAN_POINT('',(-0.175,-9.30500000000002,-0.147023128725228));
#9501=CARTESIAN_POINT('',(-0.524999999999999,-7.30500000000002,-0.147023128725228));
#9502=CARTESIAN_POINT('',(-0.524999999999999,-7.30500000000002,-0.147023128725228));
#9503=CARTESIAN_POINT('',(0.,0.,-0.147023128725228));
#9504=CARTESIAN_POINT('',(0.175,-9.30500000000002,-0.147023128725228));
#9505=CARTESIAN_POINT('',(0.524999999999999,-9.30500000000002,-0.147023128725228));
#9506=CARTESIAN_POINT('',(0.524999999999999,-9.30500000000002,-0.147023128725228));
#9507=CARTESIAN_POINT('',(0.175,-9.30500000000002,-0.147023128725228));
#9508=CARTESIAN_POINT('',(0.175,-9.30500000000002,-0.147023128725228));
#9509=CARTESIAN_POINT('',(0.175,-9.30500000000002,-0.147023128725228));
#9510=CARTESIAN_POINT('',(0.524999999999999,-9.30500000000002,-0.147023128725228));
#9511=CARTESIAN_POINT('',(0.524999999999999,-9.30500000000002,-0.147023128725228));
#9512=CARTESIAN_POINT('',(0.175,-7.30500000000002,-0.147023128725228));
#9513=CARTESIAN_POINT('',(0.175,-7.30500000000002,-0.147023128725228));
#9514=CARTESIAN_POINT('',(0.,0.,-0.147023128725228));
#9515=CARTESIAN_POINT('',(0.875,-9.30500000000002,-0.147023128725228));
#9516=CARTESIAN_POINT('',(1.225,-9.30500000000002,-0.147023128725228));
#9517=CARTESIAN_POINT('',(1.225,-9.30500000000002,-0.147023128725228));
#9518=CARTESIAN_POINT('',(0.875,-9.30500000000002,-0.147023128725228));
#9519=CARTESIAN_POINT('',(0.875,-9.30500000000002,-0.147023128725228));
#9520=CARTESIAN_POINT('',(0.875,-9.30500000000002,-0.147023128725228));
#9521=CARTESIAN_POINT('',(1.225,-9.30500000000002,-0.147023128725228));
#9522=CARTESIAN_POINT('',(1.225,-9.30500000000002,-0.147023128725228));
#9523=CARTESIAN_POINT('',(0.875,-7.30500000000002,-0.147023128725228));
#9524=CARTESIAN_POINT('',(0.875,-7.30500000000002,-0.147023128725228));
#9525=CARTESIAN_POINT('',(0.,0.,-0.147023128725228));
#9526=CARTESIAN_POINT('',(1.575,-9.30500000000002,-0.147023128725228));
#9527=CARTESIAN_POINT('',(1.925,-9.30500000000002,-0.147023128725228));
#9528=CARTESIAN_POINT('',(1.925,-9.30500000000002,-0.147023128725228));
#9529=CARTESIAN_POINT('',(1.575,-9.30500000000002,-0.147023128725228));
#9530=CARTESIAN_POINT('',(1.575,-9.30500000000002,-0.147023128725228));
#9531=CARTESIAN_POINT('',(1.575,-9.30500000000002,-0.147023128725228));
#9532=CARTESIAN_POINT('',(1.925,-9.30500000000002,-0.147023128725228));
#9533=CARTESIAN_POINT('',(1.925,-9.30500000000002,-0.147023128725228));
#9534=CARTESIAN_POINT('',(1.575,-7.30500000000002,-0.147023128725228));
#9535=CARTESIAN_POINT('',(1.575,-7.30500000000002,-0.147023128725228));
#9536=CARTESIAN_POINT('',(0.,0.,-0.147023128725228));
#9537=CARTESIAN_POINT('',(2.275,-9.30500000000002,-0.147023128725228));
#9538=CARTESIAN_POINT('',(2.625,-9.30500000000002,-0.147023128725228));
#9539=CARTESIAN_POINT('',(2.625,-9.30500000000002,-0.147023128725228));
#9540=CARTESIAN_POINT('',(2.275,-9.30500000000002,-0.147023128725228));
#9541=CARTESIAN_POINT('',(2.275,-9.30500000000002,-0.147023128725228));
#9542=CARTESIAN_POINT('',(2.275,-9.30500000000002,-0.147023128725228));
#9543=CARTESIAN_POINT('',(2.625,-9.30500000000002,-0.147023128725228));
#9544=CARTESIAN_POINT('',(2.625,-9.30500000000002,-0.147023128725228));
#9545=CARTESIAN_POINT('',(2.275,-7.30500000000002,-0.147023128725228));
#9546=CARTESIAN_POINT('',(2.275,-7.30500000000002,-0.147023128725228));
#9547=CARTESIAN_POINT('',(0.,0.,-0.147023128725228));
#9548=CARTESIAN_POINT('',(2.975,-9.30500000000002,-0.147023128725228));
#9549=CARTESIAN_POINT('',(3.325,-9.30500000000002,-0.147023128725228));
#9550=CARTESIAN_POINT('',(3.325,-9.30500000000002,-0.147023128725228));
#9551=CARTESIAN_POINT('',(2.975,-9.30500000000002,-0.147023128725228));
#9552=CARTESIAN_POINT('',(2.975,-9.30500000000002,-0.147023128725228));
#9553=CARTESIAN_POINT('',(2.975,-9.30500000000002,-0.147023128725228));
#9554=CARTESIAN_POINT('',(3.325,-9.30500000000002,-0.147023128725228));
#9555=CARTESIAN_POINT('',(3.325,-9.30500000000002,-0.147023128725228));
#9556=CARTESIAN_POINT('',(2.975,-7.30500000000002,-0.147023128725228));
#9557=CARTESIAN_POINT('',(2.975,-7.30500000000002,-0.147023128725228));
#9558=CARTESIAN_POINT('',(0.,0.,-0.147023128725228));
#9559=CARTESIAN_POINT('',(3.675,-9.30500000000002,-0.147023128725228));
#9560=CARTESIAN_POINT('',(4.025,-9.30500000000002,-0.147023128725228));
#9561=CARTESIAN_POINT('',(4.025,-9.30500000000002,-0.147023128725228));
#9562=CARTESIAN_POINT('',(3.675,-9.30500000000002,-0.147023128725228));
#9563=CARTESIAN_POINT('',(3.675,-9.30500000000002,-0.147023128725228));
#9564=CARTESIAN_POINT('',(3.675,-9.30500000000002,-0.147023128725228));
#9565=CARTESIAN_POINT('',(4.025,-9.30500000000002,-0.147023128725228));
#9566=CARTESIAN_POINT('',(4.025,-9.30500000000002,-0.147023128725228));
#9567=CARTESIAN_POINT('',(3.675,-7.30500000000002,-0.147023128725228));
#9568=CARTESIAN_POINT('',(3.675,-7.30500000000002,-0.147023128725228));
#9569=CARTESIAN_POINT('',(0.,0.,-0.147023128725228));
#9570=CARTESIAN_POINT('',(-4.98080480214646,-10.7343619297499,-0.147023128725228));
#9571=CARTESIAN_POINT('',(-4.98080480214646,-9.73744122151277,-0.147023128725228));
#9572=CARTESIAN_POINT('',(-4.98080480214646,-9.73744122151277,-0.147023128725228));
#9573=CARTESIAN_POINT('',(-4.98080480214646,-10.7343619297499,-0.147023128725228));
#9574=CARTESIAN_POINT('',(-4.98080480214646,-10.7343619297499,-0.147023128725228));
#9575=CARTESIAN_POINT('',(-4.98080480214646,-10.7343619297499,-0.147023128725228));
#9576=CARTESIAN_POINT('',(-4.98080480214646,-9.73744122151277,-0.147023128725228));
#9577=CARTESIAN_POINT('',(-4.98080480214646,-9.73744122151277,-0.147023128725228));
#9578=CARTESIAN_POINT('',(-5.05316815857448,-9.7382110444535,-0.147023128725228));
#9579=CARTESIAN_POINT('',(-5.05316815857448,-9.7382110444535,-0.147023128725228));
#9580=CARTESIAN_POINT('',(-4.98080480214646,-9.73744122151277,-0.147023128725228));
#9581=CARTESIAN_POINT('',(-5.05316815857448,-9.7382110444535,-0.147023128725228));
#9582=CARTESIAN_POINT('',(-5.05316815857448,-9.7382110444535,-0.147023128725228));
#9583=CARTESIAN_POINT('',(-5.05316815857448,-10.6073411445305,-0.147023128725228));
#9584=CARTESIAN_POINT('',(-5.05316815857448,-10.6073411445305,-0.147023128725228));
#9585=CARTESIAN_POINT('',(-5.05316815857448,-9.7382110444535,-0.147023128725228));
#9586=CARTESIAN_POINT('',(-5.05316815857448,-10.6073411445305,-0.147023128725228));
#9587=CARTESIAN_POINT('',(-5.05316815857448,-10.6073411445305,-0.147023128725228));
#9588=CARTESIAN_POINT('',(-5.17941912085316,-10.4456783269785,-0.147023128725228));
#9589=CARTESIAN_POINT('',(-5.17941912085316,-10.4456783269785,-0.147023128725228));
#9590=CARTESIAN_POINT('',(-5.05316815857448,-10.6073411445305,-0.147023128725228));
#9591=CARTESIAN_POINT('',(-5.17941912085316,-10.4456783269785,-0.147023128725228));
#9592=CARTESIAN_POINT('',(-5.17941912085316,-10.4456783269785,-0.147023128725228));
#9593=CARTESIAN_POINT('',(-5.2656392902142,-10.4456783269785,-0.147023128725228));
#9594=CARTESIAN_POINT('',(-5.2656392902142,-10.4456783269785,-0.147023128725228));
#9595=CARTESIAN_POINT('',(-5.17941912085316,-10.4456783269785,-0.147023128725228));
#9596=CARTESIAN_POINT('',(-5.2656392902142,-10.4456783269785,-0.147023128725228));
#9597=CARTESIAN_POINT('',(-5.2656392902142,-10.4456783269785,-0.147023128725228));
#9598=CARTESIAN_POINT('',(-5.04700957504869,-10.7343619297499,-0.147023128725228));
#9599=CARTESIAN_POINT('',(-5.04700957504869,-10.7343619297499,-0.147023128725228));
#9600=CARTESIAN_POINT('',(-5.2656392902142,-10.4456783269785,-0.147023128725228));
#9601=CARTESIAN_POINT('',(-5.04700957504869,-10.7343619297499,-0.147023128725228));
#9602=CARTESIAN_POINT('',(-5.04700957504869,-10.7343619297499,-0.147023128725228));
#9603=CARTESIAN_POINT('',(-5.04700957504869,-10.7343619297499,-0.147023128725228));
#9604=CARTESIAN_POINT('',(-4.98080480214646,-10.7343619297499,-0.147023128725228));
#9605=CARTESIAN_POINT('',(-4.98080480214646,-10.2359015756313,-0.147023128725228));
#9606=CARTESIAN_POINT('',(-4.32876477135354,-9.80980457794079,-0.147023128725228));
#9607=CARTESIAN_POINT('',(-4.32876477135354,-9.73667139857205,-0.147023128725228));
#9608=CARTESIAN_POINT('',(-4.32876477135354,-9.73667139857205,-0.147023128725228));
#9609=CARTESIAN_POINT('',(-4.32876477135354,-9.80980457794079,-0.147023128725228));
#9610=CARTESIAN_POINT('',(-4.32876477135354,-9.80980457794079,-0.147023128725228));
#9611=CARTESIAN_POINT('',(-4.32876477135354,-9.80980457794079,-0.147023128725228));
#9612=CARTESIAN_POINT('',(-4.32876477135354,-9.78542685148455,-0.147023128725228));
#9613=CARTESIAN_POINT('',(-4.32876477135354,-9.7610491250283,-0.147023128725228));
#9614=CARTESIAN_POINT('',(-4.32876477135354,-9.73667139857205,-0.147023128725228));
#9615=CARTESIAN_POINT('',(-4.32876477135354,-9.73667139857205,-0.147023128725228));
#9616=CARTESIAN_POINT('',(-4.84454614163837,-9.73667139857205,-0.147023128725228));
#9617=CARTESIAN_POINT('',(-4.84454614163837,-9.73667139857205,-0.147023128725228));
#9618=CARTESIAN_POINT('',(-4.32876477135354,-9.73667139857205,-0.147023128725228));
#9619=CARTESIAN_POINT('',(-4.50069189478182,-9.73667139857205,-0.147023128725228));
#9620=CARTESIAN_POINT('',(-4.6726190182101,-9.73667139857205,-0.147023128725228));
#9621=CARTESIAN_POINT('',(-4.84454614163837,-9.73667139857205,-0.147023128725228));
#9622=CARTESIAN_POINT('',(-4.84454614163837,-9.73667139857205,-0.147023128725228));
#9623=CARTESIAN_POINT('',(-4.84608578751982,-9.8067252861779,-0.147023128725228));
#9624=CARTESIAN_POINT('',(-4.84608578751982,-9.8067252861779,-0.147023128725228));
#9625=CARTESIAN_POINT('',(-4.84454614163837,-9.73667139857205,-0.147023128725228));
#9626=CARTESIAN_POINT('',(-4.84505935693219,-9.76002269444067,-0.147023128725228));
#9627=CARTESIAN_POINT('',(-4.84557257222601,-9.78337399030928,-0.147023128725228));
#9628=CARTESIAN_POINT('',(-4.84608578751982,-9.8067252861779,-0.147023128725228));
#9629=CARTESIAN_POINT('',(-4.84608578751982,-9.8067252861779,-0.147023128725228));
#9630=CARTESIAN_POINT('',(-4.84608578751982,-9.8067252861779,-0.142023128725228));
#9631=CARTESIAN_POINT('',(-4.76026710428921,-9.93310100307137,-0.147023128725228));
#9632=CARTESIAN_POINT('',(-4.76026710428921,-9.93310100307137,-0.142023128725228));
#9633=CARTESIAN_POINT('',(-4.63547993928952,-10.1271546386399,-0.147023128725228));
#9634=CARTESIAN_POINT('',(-4.63547993928952,-10.1271546386399,-0.142023128725228));
#9635=CARTESIAN_POINT('',(-4.45333361323835,-10.3679325784846,-0.147023128725228));
#9636=CARTESIAN_POINT('',(-4.45333361323835,-10.3679325784846,-0.142023128725228));
#9637=CARTESIAN_POINT('',(-4.38853284918764,-10.5182552832626,-0.147023128725228));
#9638=CARTESIAN_POINT('',(-4.38853284918764,-10.5182552832626,-0.142023128725228));
#9639=CARTESIAN_POINT('',(-4.42345299306255,-10.5880955710124,-0.147023128725228));
#9640=CARTESIAN_POINT('',(-4.42345299306255,-10.5880955710124,-0.142023128725228));
#9641=CARTESIAN_POINT('',(-4.42345299306255,-10.5880955710124,-0.147023128725228));
#9642=CARTESIAN_POINT('',(-4.42345299306255,-10.5880955710124,-0.147023128725228));
#9643=CARTESIAN_POINT('',(-4.84608578751982,-9.8067252861779,-0.147023128725228));
#9644=CARTESIAN_POINT('',(-4.71034034230555,-10.0066226431191,-0.147023128725228));
#9645=CARTESIAN_POINT('',(-4.57459489709129,-10.2065200000604,-0.147023128725228));
#9646=CARTESIAN_POINT('',(-4.43884945187702,-10.4064173570016,-0.147023128725228));
#9647=CARTESIAN_POINT('',(-4.41617611895532,-10.4398058756141,-0.147023128725228));
#9648=CARTESIAN_POINT('',(-4.40497724248518,-10.4741617757853,-0.147023128725228));
#9649=CARTESIAN_POINT('',(-4.40497724248518,-10.5380570798654,-0.147023128725228));
#9650=CARTESIAN_POINT('',(-4.41113582601097,-10.5634612369092,-0.147023128725228));
#9651=CARTESIAN_POINT('',(-4.42345299306255,-10.5880955710124,-0.147023128725228));
#9652=CARTESIAN_POINT('',(-4.42345299306255,-10.5880955710124,-0.147023128725228));
#9653=CARTESIAN_POINT('',(-4.44269856658064,-10.6181186657006,-0.147023128725228));
#9654=CARTESIAN_POINT('',(-4.44269856658064,-10.6181186657006,-0.147023128725228));
#9655=CARTESIAN_POINT('',(-4.42345299306255,-10.5880955710124,-0.147023128725228));
#9656=CARTESIAN_POINT('',(-4.42986818423524,-10.5981032692418,-0.147023128725228));
#9657=CARTESIAN_POINT('',(-4.43628337540794,-10.6081109674712,-0.147023128725228));
#9658=CARTESIAN_POINT('',(-4.44269856658064,-10.6181186657006,-0.147023128725228));
#9659=CARTESIAN_POINT('',(-4.44269856658064,-10.6181186657006,-0.147023128725228));
#9660=CARTESIAN_POINT('',(-4.44269856658064,-10.6181186657006,-0.142023128725228));
#9661=CARTESIAN_POINT('',(-4.4755969236834,-10.6452114303735,-0.147023128725228));
#9662=CARTESIAN_POINT('',(-4.4755969236834,-10.6452114303735,-0.142023128725228));
#9663=CARTESIAN_POINT('',(-4.52299877603214,-10.6624482128378,-0.147023128725228));
#9664=CARTESIAN_POINT('',(-4.52299877603214,-10.6624482128378,-0.142023128725228));
#9665=CARTESIAN_POINT('',(-4.68329907751988,-10.6739765396976,-0.147023128725228));
#9666=CARTESIAN_POINT('',(-4.68329907751988,-10.6739765396976,-0.142023128725228));
#9667=CARTESIAN_POINT('',(-4.75102792957542,-10.5958684450843,-0.147023128725228));
#9668=CARTESIAN_POINT('',(-4.75102792957542,-10.5958684450843,-0.142023128725228));
#9669=CARTESIAN_POINT('',(-4.77603189991397,-10.5080339851771,-0.147023128725228));
#9670=CARTESIAN_POINT('',(-4.77603189991397,-10.5080339851771,-0.142023128725228));
#9671=CARTESIAN_POINT('',(-4.77603189991397,-10.5080339851771,-0.147023128725228));
#9672=CARTESIAN_POINT('',(-4.77603189991397,-10.5080339851771,-0.147023128725228));
#9673=CARTESIAN_POINT('',(-4.44269856658064,-10.6181186657006,-0.147023128725228));
#9674=CARTESIAN_POINT('',(-4.45578555657294,-10.6288961868707,-0.147023128725228));
#9675=CARTESIAN_POINT('',(-4.46733290068379,-10.6373642392187,-0.147023128725228));
#9676=CARTESIAN_POINT('',(-4.4773405989132,-10.641983176863,-0.147023128725228));
#9677=CARTESIAN_POINT('',(-4.50985341364874,-10.6569890913564,-0.147023128725228));
#9678=CARTESIAN_POINT('',(-4.5489341324005,-10.6658476880255,-0.147023128725228));
#9679=CARTESIAN_POINT('',(-4.68519279290858,-10.6658476880255,-0.147023128725228));
#9680=CARTESIAN_POINT('',(-4.74600880522575,-10.6134997280563,-0.147023128725228));
#9681=CARTESIAN_POINT('',(-4.77603189991397,-10.5080339851771,-0.147023128725228));
#9682=CARTESIAN_POINT('',(-4.77603189991397,-10.5080339851771,-0.147023128725228));
#9683=CARTESIAN_POINT('',(-4.84762543340127,-10.5080339851771,-0.147023128725228));
#9684=CARTESIAN_POINT('',(-4.84762543340127,-10.5080339851771,-0.147023128725228));
#9685=CARTESIAN_POINT('',(-4.77603189991397,-10.5080339851771,-0.147023128725228));
#9686=CARTESIAN_POINT('',(-4.7998964110764,-10.5080339851771,-0.147023128725228));
#9687=CARTESIAN_POINT('',(-4.82376092223884,-10.5080339851771,-0.147023128725228));
#9688=CARTESIAN_POINT('',(-4.84762543340127,-10.5080339851771,-0.147023128725228));
#9689=CARTESIAN_POINT('',(-4.84762543340127,-10.5080339851771,-0.147023128725228));
#9690=CARTESIAN_POINT('',(-4.84762543340127,-10.5080339851771,-0.142023128725228));
#9691=CARTESIAN_POINT('',(-4.82895630580053,-10.5920450593804,-0.147023128725228));
#9692=CARTESIAN_POINT('',(-4.82895630580053,-10.5920450593804,-0.142023128725228));
#9693=CARTESIAN_POINT('',(-4.76709191668116,-10.7156210625994,-0.147023128725228));
#9694=CARTESIAN_POINT('',(-4.76709191668116,-10.7156210625994,-0.142023128725228));
#9695=CARTESIAN_POINT('',(-4.54706515569054,-10.75092735197,-0.147023128725228));
#9696=CARTESIAN_POINT('',(-4.54706515569054,-10.75092735197,-0.142023128725228));
#9697=CARTESIAN_POINT('',(-4.37633639853222,-10.6904273561454,-0.147023128725228));
#9698=CARTESIAN_POINT('',(-4.37633639853222,-10.6904273561454,-0.142023128725228));
#9699=CARTESIAN_POINT('',(-4.30714681076822,-10.4808495140691,-0.147023128725228));
#9700=CARTESIAN_POINT('',(-4.30714681076822,-10.4808495140691,-0.142023128725228));
#9701=CARTESIAN_POINT('',(-4.41670313774811,-10.2955590194986,-0.147023128725228));
#9702=CARTESIAN_POINT('',(-4.41670313774811,-10.2955590194986,-0.142023128725228));
#9703=CARTESIAN_POINT('',(-4.56033945613437,-10.0803468550662,-0.147023128725228));
#9704=CARTESIAN_POINT('',(-4.56033945613437,-10.0803468550662,-0.142023128725228));
#9705=CARTESIAN_POINT('',(-4.68255740674394,-9.91940821711437,-0.147023128725228));
#9706=CARTESIAN_POINT('',(-4.68255740674394,-9.91940821711437,-0.142023128725228));
#9707=CARTESIAN_POINT('',(-4.75678632639588,-9.80980457794079,-0.147023128725228));
#9708=CARTESIAN_POINT('',(-4.75678632639588,-9.80980457794079,-0.142023128725228));
#9709=CARTESIAN_POINT('',(-4.75678632639588,-9.80980457794079,-0.147023128725228));
#9710=CARTESIAN_POINT('',(-4.75678632639588,-9.80980457794079,-0.147023128725228));
#9711=CARTESIAN_POINT('',(-4.84762543340127,-10.5080339851771,-0.147023128725228));
#9712=CARTESIAN_POINT('',(-4.81375322400943,-10.6604589274404,-0.147023128725228));
#9713=CARTESIAN_POINT('',(-4.72984252347055,-10.736671398572,-0.147023128725228));
#9714=CARTESIAN_POINT('',(-4.51506192300866,-10.736671398572,-0.147023128725228));
#9715=CARTESIAN_POINT('',(-4.45193644186932,-10.717425825054,-0.147023128725228));
#9716=CARTESIAN_POINT('',(-4.40728671130735,-10.6789346780178,-0.147023128725228));
#9717=CARTESIAN_POINT('',(-4.359728352322,-10.6379360926856,-0.147023128725228));
#9718=CARTESIAN_POINT('',(-4.33646300076078,-10.5788576957237,-0.147023128725228));
#9719=CARTESIAN_POINT('',(-4.33646300076078,-10.461074785793,-0.147023128725228));
#9720=CARTESIAN_POINT('',(-4.34493105310874,-10.4241232846383,-0.147023128725228));
#9721=CARTESIAN_POINT('',(-4.36263698074538,-10.3917907211279,-0.147023128725228));
#9722=CARTESIAN_POINT('',(-4.47467413994989,-10.1872011260588,-0.147023128725228));
#9723=CARTESIAN_POINT('',(-4.62540321117905,-10.0037999590032,-0.147023128725228));
#9724=CARTESIAN_POINT('',(-4.75678632639588,-9.80980457794079,-0.147023128725228));
#9725=CARTESIAN_POINT('',(-4.75678632639588,-9.80980457794079,-0.147023128725228));
#9726=CARTESIAN_POINT('',(-4.75678632639588,-9.80980457794079,-0.147023128725228));
#9727=CARTESIAN_POINT('',(-4.6141124747151,-9.80980457794079,-0.147023128725228));
#9728=CARTESIAN_POINT('',(-4.47143862303432,-9.80980457794079,-0.147023128725228));
#9729=CARTESIAN_POINT('',(-4.32876477135354,-9.80980457794079,-0.147023128725228));
#9730=CARTESIAN_POINT('',(-4.58862973782798,-10.1858524368583,-0.147023128725228));
#9731=CARTESIAN_POINT('',(5.00183152019408,-10.567530953381,-0.147023128725228));
#9732=CARTESIAN_POINT('',(5.00183152019408,-9.56753095338095,-0.147023128725228));
#9733=CARTESIAN_POINT('',(5.00183152019408,-9.56753095338095,-0.147023128725228));
#9734=CARTESIAN_POINT('',(5.00183152019408,-10.567530953381,-0.147023128725228));
#9735=CARTESIAN_POINT('',(5.00183152019408,-10.567530953381,-0.147023128725228));
#9736=CARTESIAN_POINT('',(5.00183152019408,-10.567530953381,-0.147023128725228));
#9737=CARTESIAN_POINT('',(5.00183152019408,-9.56753095338095,-0.147023128725228));
#9738=CARTESIAN_POINT('',(5.00183152019408,-9.56753095338095,-0.147023128725228));
#9739=CARTESIAN_POINT('',(4.9292446476072,-9.56830315415316,-0.147023128725228));
#9740=CARTESIAN_POINT('',(4.9292446476072,-9.56830315415316,-0.147023128725228));
#9741=CARTESIAN_POINT('',(5.00183152019408,-9.56753095338095,-0.147023128725228));
#9742=CARTESIAN_POINT('',(4.9292446476072,-9.56830315415316,-0.147023128725228));
#9743=CARTESIAN_POINT('',(4.9292446476072,-9.56830315415316,-0.147023128725228));
#9744=CARTESIAN_POINT('',(4.9292446476072,-10.4401178259678,-0.147023128725228));
#9745=CARTESIAN_POINT('',(4.9292446476072,-10.4401178259678,-0.147023128725228));
#9746=CARTESIAN_POINT('',(4.9292446476072,-9.56830315415316,-0.147023128725228));
#9747=CARTESIAN_POINT('',(4.9292446476072,-10.4401178259678,-0.147023128725228));
#9748=CARTESIAN_POINT('',(4.9292446476072,-10.4401178259678,-0.147023128725228));
#9749=CARTESIAN_POINT('',(4.80260372096628,-10.2779556638057,-0.147023128725228));
#9750=CARTESIAN_POINT('',(4.80260372096628,-10.2779556638057,-0.147023128725228));
#9751=CARTESIAN_POINT('',(4.9292446476072,-10.4401178259678,-0.147023128725228));
#9752=CARTESIAN_POINT('',(4.80260372096628,-10.2779556638057,-0.147023128725228));
#9753=CARTESIAN_POINT('',(4.80260372096628,-10.2779556638057,-0.147023128725228));
#9754=CARTESIAN_POINT('',(4.71611723447979,-10.2779556638057,-0.147023128725228));
#9755=CARTESIAN_POINT('',(4.71611723447979,-10.2779556638057,-0.147023128725228));
#9756=CARTESIAN_POINT('',(4.80260372096628,-10.2779556638057,-0.147023128725228));
#9757=CARTESIAN_POINT('',(4.71611723447979,-10.2779556638057,-0.147023128725228));
#9758=CARTESIAN_POINT('',(4.71611723447979,-10.2779556638057,-0.147023128725228));
#9759=CARTESIAN_POINT('',(4.93542225378481,-10.567530953381,-0.147023128725228));
#9760=CARTESIAN_POINT('',(4.93542225378481,-10.567530953381,-0.147023128725228));
#9761=CARTESIAN_POINT('',(4.71611723447979,-10.2779556638057,-0.147023128725228));
#9762=CARTESIAN_POINT('',(4.93542225378481,-10.567530953381,-0.147023128725228));
#9763=CARTESIAN_POINT('',(4.93542225378481,-10.567530953381,-0.147023128725228));
#9764=CARTESIAN_POINT('',(4.93542225378481,-10.567530953381,-0.147023128725228));
#9765=CARTESIAN_POINT('',(5.00183152019408,-10.567530953381,-0.147023128725228));
#9766=CARTESIAN_POINT('',(5.00183152019408,-10.067530953381,-0.147023128725228));
#9767=CARTESIAN_POINT('',(-2.03407053976386,6.37432797449152,0.5));
#9768=CARTESIAN_POINT('',(-2.03407053976386,6.37432797449152,0.48));
#9769=CARTESIAN_POINT('',(-2.03407053976386,5.494884388711,0.48));
#9770=CARTESIAN_POINT('',(-2.03407053976386,4.61544080293047,0.48));
#9771=CARTESIAN_POINT('',(-2.03407053976386,3.73599721714995,0.48));
#9772=CARTESIAN_POINT('',(-2.03407053976386,6.37432797449152,0.48));
#9773=CARTESIAN_POINT('',(-2.03407053976386,3.73599721714995,0.48));
#9774=CARTESIAN_POINT('',(-2.03407053976386,3.73599721714995,0.5));
#9775=CARTESIAN_POINT('',(-2.03407053976386,3.73599721714995,0.5));
#9776=CARTESIAN_POINT('',(-2.03407053976386,6.37432797449152,0.5));
#9777=CARTESIAN_POINT('',(-2.03407053976386,5.494884388711,0.5));
#9778=CARTESIAN_POINT('',(-2.03407053976386,4.61544080293047,0.5));
#9779=CARTESIAN_POINT('',(-2.03407053976386,3.73599721714995,0.5));
#9780=CARTESIAN_POINT('',(-2.03407053976386,6.37432797449152,0.5));
#9781=CARTESIAN_POINT('',(-2.03407053976386,6.37432797449152,0.5));
#9782=CARTESIAN_POINT('',(-2.03407053976386,3.73599721714995,0.5));
#9783=CARTESIAN_POINT('',(-2.03407053976386,3.73599721714995,0.48));
#9784=CARTESIAN_POINT('',(-2.03407053976386,3.60811839906635,0.5));
#9785=CARTESIAN_POINT('',(-2.03407053976386,3.60811839906635,0.48));
#9786=CARTESIAN_POINT('',(-2.15083662190458,3.38780407933525,0.5));
#9787=CARTESIAN_POINT('',(-2.15083662190458,3.38780407933525,0.48));
#9788=CARTESIAN_POINT('',(-2.52808433931142,3.38247009321479,0.5));
#9789=CARTESIAN_POINT('',(-2.52808433931142,3.38247009321479,0.48));
#9790=CARTESIAN_POINT('',(-2.86595135475277,3.38392481670219,0.5));
#9791=CARTESIAN_POINT('',(-2.86595135475277,3.38392481670219,0.48));
#9792=CARTESIAN_POINT('',(-3.09869711780233,3.3836015448161,0.5));
#9793=CARTESIAN_POINT('',(-3.09869711780233,3.3836015448161,0.48));
#9794=CARTESIAN_POINT('',(-3.21413236356603,3.3836015448161,0.5));
#9795=CARTESIAN_POINT('',(-3.21413236356603,3.3836015448161,0.48));
#9796=CARTESIAN_POINT('',(-2.03407053976386,3.73599721714995,0.48));
#9797=CARTESIAN_POINT('',(-2.03407053976386,3.63166955099848,0.48));
#9798=CARTESIAN_POINT('',(-2.06884642848102,3.54588902549616,0.48));
#9799=CARTESIAN_POINT('',(-2.13607981333419,3.48097403322413,0.48));
#9800=CARTESIAN_POINT('',(-2.20451305551704,3.4149005580131,0.48));
#9801=CARTESIAN_POINT('',(-2.29141211627082,3.3836015448161,0.48));
#9802=CARTESIAN_POINT('',(-2.39805817500343,3.3836015448161,0.48));
#9803=CARTESIAN_POINT('',(-2.6700829045243,3.3836015448161,0.48));
#9804=CARTESIAN_POINT('',(-2.94210763404516,3.3836015448161,0.48));
#9805=CARTESIAN_POINT('',(-3.21413236356603,3.3836015448161,0.48));
#9806=CARTESIAN_POINT('',(-3.21413236356603,3.3836015448161,0.48));
#9807=CARTESIAN_POINT('',(-3.21413236356603,3.3836015448161,0.5));
#9808=CARTESIAN_POINT('',(-3.21413236356603,3.3836015448161,0.5));
#9809=CARTESIAN_POINT('',(-2.03407053976386,3.73599721714995,0.5));
#9810=CARTESIAN_POINT('',(-2.03407053976386,3.63166955099848,0.5));
#9811=CARTESIAN_POINT('',(-2.06884642848102,3.54588902549616,0.5));
#9812=CARTESIAN_POINT('',(-2.13607981333419,3.48097403322413,0.5));
#9813=CARTESIAN_POINT('',(-2.20451305551704,3.4149005580131,0.5));
#9814=CARTESIAN_POINT('',(-2.29141211627082,3.3836015448161,0.5));
#9815=CARTESIAN_POINT('',(-2.39805817500343,3.3836015448161,0.5));
#9816=CARTESIAN_POINT('',(-2.6700829045243,3.3836015448161,0.5));
#9817=CARTESIAN_POINT('',(-2.94210763404516,3.3836015448161,0.5));
#9818=CARTESIAN_POINT('',(-3.21413236356603,3.3836015448161,0.5));
#9819=CARTESIAN_POINT('',(-3.21413236356603,3.3836015448161,0.5));
#9820=CARTESIAN_POINT('',(-3.21413236356603,3.3836015448161,0.48));
#9821=CARTESIAN_POINT('',(-3.21413236356603,3.45238052472336,0.48));
#9822=CARTESIAN_POINT('',(-3.21413236356603,3.52115950463063,0.48));
#9823=CARTESIAN_POINT('',(-3.21413236356603,3.58993848453789,0.48));
#9824=CARTESIAN_POINT('',(-3.21413236356603,3.58993848453789,0.48));
#9825=CARTESIAN_POINT('',(-3.21413236356603,3.58993848453789,0.5));
#9826=CARTESIAN_POINT('',(-3.21413236356603,3.58993848453789,0.5));
#9827=CARTESIAN_POINT('',(-3.21413236356603,3.3836015448161,0.5));
#9828=CARTESIAN_POINT('',(-3.21413236356603,3.45238052472336,0.5));
#9829=CARTESIAN_POINT('',(-3.21413236356603,3.52115950463063,0.5));
#9830=CARTESIAN_POINT('',(-3.21413236356603,3.58993848453789,0.5));
#9831=CARTESIAN_POINT('',(-3.21413236356603,3.58993848453789,0.5));
#9832=CARTESIAN_POINT('',(-3.21413236356603,3.58993848453789,0.48));
#9833=CARTESIAN_POINT('',(-3.06153906797749,3.58993848453789,0.5));
#9834=CARTESIAN_POINT('',(-3.06153906797749,3.58993848453789,0.48));
#9835=CARTESIAN_POINT('',(-2.82604364845054,3.59466183744092,0.5));
#9836=CARTESIAN_POINT('',(-2.82604364845054,3.59466183744092,0.48));
#9837=CARTESIAN_POINT('',(-2.53847166032455,3.58206622969951,0.5));
#9838=CARTESIAN_POINT('',(-2.53847166032455,3.58206622969951,0.48));
#9839=CARTESIAN_POINT('',(-2.25673790778852,3.61985305292372,0.5));
#9840=CARTESIAN_POINT('',(-2.25673790778852,3.61985305292372,0.48));
#9841=CARTESIAN_POINT('',(-2.24490648085025,3.85858092893363,0.5));
#9842=CARTESIAN_POINT('',(-2.24490648085025,3.85858092893363,0.48));
#9843=CARTESIAN_POINT('',(-2.24878065596326,4.16054611039011,0.5));
#9844=CARTESIAN_POINT('',(-2.24878065596326,4.16054611039011,0.48));
#9845=CARTESIAN_POINT('',(-2.24688155051571,4.5436084717735,0.5));
#9846=CARTESIAN_POINT('',(-2.24688155051571,4.5436084717735,0.48));
#9847=CARTESIAN_POINT('',(-2.24748926425892,5.00088303936724,0.5));
#9848=CARTESIAN_POINT('',(-2.24748926425892,5.00088303936724,0.48));
#9849=CARTESIAN_POINT('',(-2.24728669301119,5.61142466144533,0.5));
#9850=CARTESIAN_POINT('',(-2.24728669301119,5.61142466144533,0.48));
#9851=CARTESIAN_POINT('',(-2.24736265722909,6.06914138331445,0.5));
#9852=CARTESIAN_POINT('',(-2.24736265722909,6.06914138331445,0.48));
#9853=CARTESIAN_POINT('',(-2.24736265722909,6.37432797449152,0.5));
#9854=CARTESIAN_POINT('',(-2.24736265722909,6.37432797449152,0.48));
#9855=CARTESIAN_POINT('',(-3.21413236356603,3.58993848453789,0.48));
#9856=CARTESIAN_POINT('',(-2.97920191534346,3.58993848453789,0.48));
#9857=CARTESIAN_POINT('',(-2.7442714671209,3.58993848453789,0.48));
#9858=CARTESIAN_POINT('',(-2.50934101889833,3.58993848453789,0.48));
#9859=CARTESIAN_POINT('',(-2.33314318273141,3.58993848453789,0.48));
#9860=CARTESIAN_POINT('',(-2.24736265722909,3.66180865455335,0.48));
#9861=CARTESIAN_POINT('',(-2.24736265722909,3.80554899458426,0.48));
#9862=CARTESIAN_POINT('',(-2.24736265722909,4.66180865455335,0.48));
#9863=CARTESIAN_POINT('',(-2.24736265722909,5.51806831452244,0.48));
#9864=CARTESIAN_POINT('',(-2.24736265722909,6.37432797449152,0.48));
#9865=CARTESIAN_POINT('',(-2.24736265722909,6.37432797449152,0.48));
#9866=CARTESIAN_POINT('',(-2.24736265722909,6.37432797449152,0.5));
#9867=CARTESIAN_POINT('',(-2.24736265722909,6.37432797449152,0.5));
#9868=CARTESIAN_POINT('',(-3.21413236356603,3.58993848453789,0.5));
#9869=CARTESIAN_POINT('',(-2.97920191534346,3.58993848453789,0.5));
#9870=CARTESIAN_POINT('',(-2.7442714671209,3.58993848453789,0.5));
#9871=CARTESIAN_POINT('',(-2.50934101889833,3.58993848453789,0.5));
#9872=CARTESIAN_POINT('',(-2.33314318273141,3.58993848453789,0.5));
#9873=CARTESIAN_POINT('',(-2.24736265722909,3.66180865455335,0.5));
#9874=CARTESIAN_POINT('',(-2.24736265722909,3.80554899458426,0.5));
#9875=CARTESIAN_POINT('',(-2.24736265722909,4.66180865455335,0.5));
#9876=CARTESIAN_POINT('',(-2.24736265722909,5.51806831452244,0.5));
#9877=CARTESIAN_POINT('',(-2.24736265722909,6.37432797449152,0.5));
#9878=CARTESIAN_POINT('',(-2.24736265722909,6.37432797449152,0.5));
#9879=CARTESIAN_POINT('',(-2.24736265722909,6.37432797449152,0.48));
#9880=CARTESIAN_POINT('',(-2.17626528474068,6.37432797449152,0.48));
#9881=CARTESIAN_POINT('',(-2.10516791225227,6.37432797449152,0.48));
#9882=CARTESIAN_POINT('',(-2.03407053976386,6.37432797449152,0.48));
#9883=CARTESIAN_POINT('',(-2.24736265722909,6.37432797449152,0.5));
#9884=CARTESIAN_POINT('',(-2.17626528474068,6.37432797449152,0.5));
#9885=CARTESIAN_POINT('',(-2.10516791225227,6.37432797449152,0.5));
#9886=CARTESIAN_POINT('',(-2.03407053976386,6.37432797449152,0.5));
#9887=CARTESIAN_POINT('',(-2.52152088898384,3.3836015448161,0.5));
#9888=CARTESIAN_POINT('',(-2.52152088898384,3.3836015448161,0.48));
#9889=CARTESIAN_POINT('',(-0.617864472629626,3.68541120400167,0.5));
#9890=CARTESIAN_POINT('',(-0.617864472629626,3.68541120400167,0.48));
#9891=CARTESIAN_POINT('',(-0.526168812582237,4.0645902475608,0.5));
#9892=CARTESIAN_POINT('',(-0.526168812582237,4.0645902475608,0.48));
#9893=CARTESIAN_POINT('',(-0.556858858765501,4.45137868564567,0.5));
#9894=CARTESIAN_POINT('',(-0.556858858765501,4.45137868564567,0.48));
#9895=CARTESIAN_POINT('',(-0.535173812536741,4.83454173127587,0.5));
#9896=CARTESIAN_POINT('',(-0.535173812536741,4.83454173127587,0.48));
#9897=CARTESIAN_POINT('',(-0.585302891477538,5.21139669353632,0.5));
#9898=CARTESIAN_POINT('',(-0.585302891477538,5.21139669353632,0.48));
#9899=CARTESIAN_POINT('',(-0.877324375940926,5.40792588239108,0.5));
#9900=CARTESIAN_POINT('',(-0.877324375940926,5.40792588239108,0.48));
#9901=CARTESIAN_POINT('',(-1.18011203840034,5.31875541973928,0.5));
#9902=CARTESIAN_POINT('',(-1.18011203840034,5.31875541973928,0.48));
#9903=CARTESIAN_POINT('',(-1.33450551086744,5.13428510988987,0.5));
#9904=CARTESIAN_POINT('',(-1.33450551086744,5.13428510988987,0.48));
#9905=CARTESIAN_POINT('',(-1.38383061989546,4.84766115369682,0.5));
#9906=CARTESIAN_POINT('',(-1.38383061989546,4.84766115369682,0.48));
#9907=CARTESIAN_POINT('',(-1.35840757037243,4.50459359428185,0.5));
#9908=CARTESIAN_POINT('',(-1.35840757037243,4.50459359428185,0.48));
#9909=CARTESIAN_POINT('',(-1.3730347545548,4.17200755131815,0.5));
#9910=CARTESIAN_POINT('',(-1.3730347545548,4.17200755131815,0.48));
#9911=CARTESIAN_POINT('',(-1.3556175396987,3.87373105992649,0.5));
#9912=CARTESIAN_POINT('',(-1.3556175396987,3.87373105992649,0.48));
#9913=CARTESIAN_POINT('',(-1.22854219839353,3.67489887538473,0.5));
#9914=CARTESIAN_POINT('',(-1.22854219839353,3.67489887538473,0.48));
#9915=CARTESIAN_POINT('',(-0.933257098902046,3.53227396733533,0.5));
#9916=CARTESIAN_POINT('',(-0.933257098902046,3.53227396733533,0.48));
#9917=CARTESIAN_POINT('',(-0.617864472629626,3.68541120400167,0.5));
#9918=CARTESIAN_POINT('',(-0.617864472629626,3.68541120400167,0.48));
#9919=CARTESIAN_POINT('',(-0.526168812582237,4.0645902475608,0.5));
#9920=CARTESIAN_POINT('',(-0.526168812582237,4.0645902475608,0.48));
#9921=CARTESIAN_POINT('',(-0.556858858765501,4.45137868564567,0.5));
#9922=CARTESIAN_POINT('',(-0.556858858765501,4.45137868564567,0.48));
#9923=CARTESIAN_POINT('',(-0.547980895250725,4.05593539334778,0.5));
#9924=CARTESIAN_POINT('',(-0.547980895250725,4.33336970555798,0.5));
#9925=CARTESIAN_POINT('',(-0.547980895250725,4.61080401776819,0.5));
#9926=CARTESIAN_POINT('',(-0.547980895250725,4.88823832997839,0.5));
#9927=CARTESIAN_POINT('',(-0.547980895250725,5.01806831452243,0.5));
#9928=CARTESIAN_POINT('',(-0.580438391386737,5.12471437325505,0.5));
#9929=CARTESIAN_POINT('',(-0.647671776239906,5.21513168391965,0.5));
#9930=CARTESIAN_POINT('',(-0.721822058857392,5.31485102950869,0.5));
#9931=CARTESIAN_POINT('',(-0.819232827244544,5.36350880911285,0.5));
#9932=CARTESIAN_POINT('',(-1.04643530019663,5.36350880911285,0.5));
#9933=CARTESIAN_POINT('',(-1.13685261086124,5.3287329203957,0.5));
#9934=CARTESIAN_POINT('',(-1.21799635120127,5.25686275038024,0.5));
#9935=CARTESIAN_POINT('',(-1.31758859975218,5.16865247309229,0.5));
#9936=CARTESIAN_POINT('',(-1.36637347639447,5.0482074180773,0.5));
#9937=CARTESIAN_POINT('',(-1.36637347639447,4.89287511514067,0.5));
#9938=CARTESIAN_POINT('',(-1.36637347639447,4.61389520787638,0.5));
#9939=CARTESIAN_POINT('',(-1.36637347639447,4.33491530061208,0.5));
#9940=CARTESIAN_POINT('',(-1.36637347639447,4.05593539334778,0.5));
#9941=CARTESIAN_POINT('',(-1.36637347639447,3.90523987557344,0.5));
#9942=CARTESIAN_POINT('',(-1.3153688396093,3.78700185393511,0.5));
#9943=CARTESIAN_POINT('',(-1.21567795862012,3.6965845432705,0.5));
#9944=CARTESIAN_POINT('',(-1.13181337476127,3.62052131604968,0.5));
#9945=CARTESIAN_POINT('',(-1.04179851503434,3.58298330679446,0.5));
#9946=CARTESIAN_POINT('',(-0.821551219825687,3.58298330679446,0.5));
#9947=CARTESIAN_POINT('',(-0.72417873141765,3.63166955099848,0.5));
#9948=CARTESIAN_POINT('',(-0.647671776239906,3.73136043198766,0.5));
#9949=CARTESIAN_POINT('',(-0.581320611572481,3.81781801019066,0.5));
#9950=CARTESIAN_POINT('',(-0.547980895250725,3.92610540880373,0.5));
#9951=CARTESIAN_POINT('',(-0.547980895250725,4.05593539334778,0.5));
#9952=CARTESIAN_POINT('',(-0.547980895250725,4.05593539334778,0.5));
#9953=CARTESIAN_POINT('',(-0.547980895250725,4.05593539334778,0.48));
#9954=CARTESIAN_POINT('',(-0.547980895250725,4.33336970555798,0.48));
#9955=CARTESIAN_POINT('',(-0.547980895250725,4.61080401776819,0.48));
#9956=CARTESIAN_POINT('',(-0.547980895250725,4.88823832997839,0.48));
#9957=CARTESIAN_POINT('',(-0.547980895250725,5.01806831452243,0.48));
#9958=CARTESIAN_POINT('',(-0.580438391386737,5.12471437325505,0.48));
#9959=CARTESIAN_POINT('',(-0.647671776239906,5.21513168391965,0.48));
#9960=CARTESIAN_POINT('',(-0.721822058857392,5.31485102950869,0.48));
#9961=CARTESIAN_POINT('',(-0.819232827244544,5.36350880911285,0.48));
#9962=CARTESIAN_POINT('',(-1.04643530019663,5.36350880911285,0.48));
#9963=CARTESIAN_POINT('',(-1.13685261086124,5.3287329203957,0.48));
#9964=CARTESIAN_POINT('',(-1.21799635120127,5.25686275038024,0.48));
#9965=CARTESIAN_POINT('',(-1.31758859975218,5.16865247309229,0.48));
#9966=CARTESIAN_POINT('',(-1.36637347639447,5.0482074180773,0.48));
#9967=CARTESIAN_POINT('',(-1.36637347639447,4.89287511514067,0.48));
#9968=CARTESIAN_POINT('',(-1.36637347639447,4.61389520787638,0.48));
#9969=CARTESIAN_POINT('',(-1.36637347639447,4.33491530061208,0.48));
#9970=CARTESIAN_POINT('',(-1.36637347639447,4.05593539334778,0.48));
#9971=CARTESIAN_POINT('',(-1.36637347639447,3.90523987557344,0.48));
#9972=CARTESIAN_POINT('',(-1.3153688396093,3.78700185393511,0.48));
#9973=CARTESIAN_POINT('',(-1.21567795862012,3.6965845432705,0.48));
#9974=CARTESIAN_POINT('',(-1.13181337476127,3.62052131604968,0.48));
#9975=CARTESIAN_POINT('',(-1.04179851503434,3.58298330679446,0.48));
#9976=CARTESIAN_POINT('',(-0.821551219825687,3.58298330679446,0.48));
#9977=CARTESIAN_POINT('',(-0.72417873141765,3.63166955099848,0.48));
#9978=CARTESIAN_POINT('',(-0.647671776239906,3.73136043198766,0.48));
#9979=CARTESIAN_POINT('',(-0.581320611572481,3.81781801019066,0.48));
#9980=CARTESIAN_POINT('',(-0.547980895250725,3.92610540880373,0.48));
#9981=CARTESIAN_POINT('',(-0.547980895250725,4.05593539334778,0.48));
#9982=CARTESIAN_POINT('',(-0.547980895250725,4.05593539334778,0.48));
#9983=CARTESIAN_POINT('',(-0.339581410990915,4.4828873473844,0.5));
#9984=CARTESIAN_POINT('',(-0.339581410990915,4.4828873473844,0.48));
#9985=CARTESIAN_POINT('',(-0.312898853905092,4.08870083684441,0.5));
#9986=CARTESIAN_POINT('',(-0.312898853905092,4.08870083684441,0.48));
#9987=CARTESIAN_POINT('',(-0.352033654586789,3.76601899357893,0.5));
#9988=CARTESIAN_POINT('',(-0.352033654586789,3.76601899357893,0.48));
#9989=CARTESIAN_POINT('',(-0.524637876612874,3.49188832634144,0.5));
#9990=CARTESIAN_POINT('',(-0.524637876612874,3.49188832634144,0.48));
#9991=CARTESIAN_POINT('',(-0.904088139977748,3.29570803649033,0.5));
#9992=CARTESIAN_POINT('',(-0.904088139977748,3.29570803649033,0.48));
#9993=CARTESIAN_POINT('',(-1.3200024721211,3.44222478215915,0.5));
#9994=CARTESIAN_POINT('',(-1.3200024721211,3.44222478215915,0.48));
#9995=CARTESIAN_POINT('',(-1.54140025950817,3.72744252749115,0.5));
#9996=CARTESIAN_POINT('',(-1.54140025950817,3.72744252749115,0.48));
#9997=CARTESIAN_POINT('',(-1.60448010608513,4.04154729825628,0.5));
#9998=CARTESIAN_POINT('',(-1.60448010608513,4.04154729825628,0.48));
#9999=CARTESIAN_POINT('',(-1.57555173998716,4.43841030354117,0.5));
#10000=CARTESIAN_POINT('',(-1.57555173998716,4.43841030354117,0.48));
#10001=CARTESIAN_POINT('',(-1.5918555702481,4.82046064767345,0.5));
#10002=CARTESIAN_POINT('',(-1.5918555702481,4.82046064767345,0.48));
#10003=CARTESIAN_POINT('',(-1.5705893851162,5.15831018661511,0.5));
#10004=CARTESIAN_POINT('',(-1.5705893851162,5.15831018661511,0.48));
#10005=CARTESIAN_POINT('',(-1.39455848572607,5.44853836574387,0.5));
#10006=CARTESIAN_POINT('',(-1.39455848572607,5.44853836574387,0.48));
#10007=CARTESIAN_POINT('',(-1.00321837280591,5.64977616407891,0.5));
#10008=CARTESIAN_POINT('',(-1.00321837280591,5.64977616407891,0.48));
#10009=CARTESIAN_POINT('',(-0.580967720419111,5.50774652900275,0.5));
#10010=CARTESIAN_POINT('',(-0.580967720419111,5.50774652900275,0.48));
#10011=CARTESIAN_POINT('',(-0.369675578591832,5.22199613034613,0.5));
#10012=CARTESIAN_POINT('',(-0.369675578591832,5.22199613034613,0.48));
#10013=CARTESIAN_POINT('',(-0.306351309877284,4.89523378751322,0.5));
#10014=CARTESIAN_POINT('',(-0.306351309877284,4.89523378751322,0.48));
#10015=CARTESIAN_POINT('',(-0.339581410990915,4.4828873473844,0.5));
#10016=CARTESIAN_POINT('',(-0.339581410990915,4.4828873473844,0.48));
#10017=CARTESIAN_POINT('',(-0.312898853905092,4.08870083684441,0.5));
#10018=CARTESIAN_POINT('',(-0.312898853905092,4.08870083684441,0.48));
#10019=CARTESIAN_POINT('',(-0.352033654586789,3.76601899357893,0.5));
#10020=CARTESIAN_POINT('',(-0.352033654586789,3.76601899357893,0.48));
#10021=CARTESIAN_POINT('',(-0.327733600042069,4.00724914914376,0.5));
#10022=CARTESIAN_POINT('',(-0.327733600042069,3.83105131297684,0.5));
#10023=CARTESIAN_POINT('',(-0.388011807151807,3.67803740262135,0.5));
#10024=CARTESIAN_POINT('',(-0.508568221371282,3.55284420323959,0.5));
#10025=CARTESIAN_POINT('',(-0.629167538229269,3.42760645111784,0.5));
#10026=CARTESIAN_POINT('',(-0.775183368202812,3.36273601158581,0.5));
#10027=CARTESIAN_POINT('',(-1.12294225537437,3.36273601158581,0.5));
#10028=CARTESIAN_POINT('',(-1.27131938056757,3.42765100385783,0.5));
#10029=CARTESIAN_POINT('',(-1.39651257994933,3.55748098840188,0.5));
#10030=CARTESIAN_POINT('',(-1.52054734919802,3.68610963799311,0.5));
#10031=CARTESIAN_POINT('',(-1.58430237902198,3.83800649072027,0.5));
#10032=CARTESIAN_POINT('',(-1.58430237902198,4.01188593430605,0.5));
#10033=CARTESIAN_POINT('',(-1.58430237902198,4.31945935007112,0.5));
#10034=CARTESIAN_POINT('',(-1.58430237902198,4.62703276583619,0.5));
#10035=CARTESIAN_POINT('',(-1.58430237902198,4.93460618160126,0.5));
#10036=CARTESIAN_POINT('',(-1.58430237902198,5.11544080293047,0.5));
#10037=CARTESIAN_POINT('',(-1.5217057793311,5.26845471328596,0.5));
#10038=CARTESIAN_POINT('',(-1.40114936511162,5.39364791266772,0.5));
#10039=CARTESIAN_POINT('',(-1.278319111051,5.52120240726914,0.5));
#10040=CARTESIAN_POINT('',(-1.12757904053666,5.58375610432151,0.5));
#10041=CARTESIAN_POINT('',(-0.775183368202812,5.58375610432151,0.5));
#10042=CARTESIAN_POINT('',(-0.626806243009612,5.51884111204948,0.5));
#10043=CARTESIAN_POINT('',(-0.508568221371282,5.39132952008658,0.5));
#10044=CARTESIAN_POINT('',(-0.389258365551729,5.26266202851647,0.5));
#10045=CARTESIAN_POINT('',(-0.327733600042069,5.11080401776818,0.5));
#10046=CARTESIAN_POINT('',(-0.327733600042069,4.93460618160126,0.5));
#10047=CARTESIAN_POINT('',(-0.327733600042069,4.62548717078209,0.5));
#10048=CARTESIAN_POINT('',(-0.327733600042069,4.31636815996293,0.5));
#10049=CARTESIAN_POINT('',(-0.327733600042069,4.00724914914376,0.5));
#10050=CARTESIAN_POINT('',(-0.327733600042069,4.00724914914376,0.5));
#10051=CARTESIAN_POINT('',(-0.327733600042069,4.00724914914376,0.48));
#10052=CARTESIAN_POINT('',(-0.327733600042069,3.83105131297684,0.48));
#10053=CARTESIAN_POINT('',(-0.388011807151807,3.67803740262135,0.48));
#10054=CARTESIAN_POINT('',(-0.508568221371282,3.55284420323959,0.48));
#10055=CARTESIAN_POINT('',(-0.629167538229269,3.42760645111784,0.48));
#10056=CARTESIAN_POINT('',(-0.775183368202812,3.36273601158581,0.48));
#10057=CARTESIAN_POINT('',(-1.12294225537437,3.36273601158581,0.48));
#10058=CARTESIAN_POINT('',(-1.27131938056757,3.42765100385783,0.48));
#10059=CARTESIAN_POINT('',(-1.39651257994933,3.55748098840188,0.48));
#10060=CARTESIAN_POINT('',(-1.52054734919802,3.68610963799311,0.48));
#10061=CARTESIAN_POINT('',(-1.58430237902198,3.83800649072027,0.48));
#10062=CARTESIAN_POINT('',(-1.58430237902198,4.01188593430605,0.48));
#10063=CARTESIAN_POINT('',(-1.58430237902198,4.31945935007112,0.48));
#10064=CARTESIAN_POINT('',(-1.58430237902198,4.62703276583619,0.48));
#10065=CARTESIAN_POINT('',(-1.58430237902198,4.93460618160126,0.48));
#10066=CARTESIAN_POINT('',(-1.58430237902198,5.11544080293047,0.48));
#10067=CARTESIAN_POINT('',(-1.5217057793311,5.26845471328596,0.48));
#10068=CARTESIAN_POINT('',(-1.40114936511162,5.39364791266772,0.48));
#10069=CARTESIAN_POINT('',(-1.278319111051,5.52120240726914,0.48));
#10070=CARTESIAN_POINT('',(-1.12757904053666,5.58375610432151,0.48));
#10071=CARTESIAN_POINT('',(-0.775183368202812,5.58375610432151,0.48));
#10072=CARTESIAN_POINT('',(-0.626806243009612,5.51884111204948,0.48));
#10073=CARTESIAN_POINT('',(-0.508568221371282,5.39132952008658,0.48));
#10074=CARTESIAN_POINT('',(-0.389258365551729,5.26266202851647,0.48));
#10075=CARTESIAN_POINT('',(-0.327733600042069,5.11080401776818,0.48));
#10076=CARTESIAN_POINT('',(-0.327733600042069,4.93460618160126,0.48));
#10077=CARTESIAN_POINT('',(-0.327733600042069,4.62548717078209,0.48));
#10078=CARTESIAN_POINT('',(-0.327733600042069,4.31636815996293,0.48));
#10079=CARTESIAN_POINT('',(-0.327733600042069,4.00724914914376,0.48));
#10080=CARTESIAN_POINT('',(-0.327733600042069,4.00724914914376,0.48));
#10081=CARTESIAN_POINT('',(-1.58427262073085,4.94142322905078,0.5));
#10082=CARTESIAN_POINT('',(-1.58427262073085,4.94142322905078,0.48));
#10083=CARTESIAN_POINT('',(0.326053107840465,5.5675273562535,0.5));
#10084=CARTESIAN_POINT('',(0.326053107840465,5.5675273562535,0.48));
#10085=CARTESIAN_POINT('',(0.449559058205822,5.5675273562535,0.5));
#10086=CARTESIAN_POINT('',(0.449559058205822,5.5675273562535,0.48));
#10087=CARTESIAN_POINT('',(0.679188747591973,5.57435969985876,0.5));
#10088=CARTESIAN_POINT('',(0.679188747591973,5.57435969985876,0.48));
#10089=CARTESIAN_POINT('',(1.12792654973855,5.54361415363511,0.5));
#10090=CARTESIAN_POINT('',(1.12792654973855,5.54361415363511,0.48));
#10091=CARTESIAN_POINT('',(1.28095863954506,5.31572204396744,0.5));
#10092=CARTESIAN_POINT('',(1.28095863954506,5.31572204396744,0.48));
#10093=CARTESIAN_POINT('',(1.28401888556944,5.04223154184831,0.5));
#10094=CARTESIAN_POINT('',(1.28401888556944,5.04223154184831,0.48));
#10095=CARTESIAN_POINT('',(1.28297355400666,4.68075836152354,0.5));
#10096=CARTESIAN_POINT('',(1.28297355400666,4.68075836152354,0.48));
#10097=CARTESIAN_POINT('',(1.28379163957753,4.11790314688449,0.5));
#10098=CARTESIAN_POINT('',(1.28379163957753,4.11790314688449,0.48));
#10099=CARTESIAN_POINT('',(1.28354924385283,3.62597666038452,0.5));
#10100=CARTESIAN_POINT('',(1.28354924385283,3.62597666038452,0.48));
#10101=CARTESIAN_POINT('',(1.28354924385283,3.37896475965381,0.5));
#10102=CARTESIAN_POINT('',(1.28354924385283,3.37896475965381,0.48));
#10103=CARTESIAN_POINT('',(0.326053107840465,5.5675273562535,0.48));
#10104=CARTESIAN_POINT('',(0.475203030560712,5.5675273562535,0.48));
#10105=CARTESIAN_POINT('',(0.624352953280959,5.5675273562535,0.48));
#10106=CARTESIAN_POINT('',(0.773502876001207,5.5675273562535,0.48));
#10107=CARTESIAN_POINT('',(1.11198819284819,5.5675273562535,0.48));
#10108=CARTESIAN_POINT('',(1.28354924385283,5.41451344589801,0.48));
#10109=CARTESIAN_POINT('',(1.28354924385283,5.11312241034933,0.48));
#10110=CARTESIAN_POINT('',(1.28354924385283,4.53506986011749,0.48));
#10111=CARTESIAN_POINT('',(1.28354924385283,3.95701730988565,0.48));
#10112=CARTESIAN_POINT('',(1.28354924385283,3.37896475965381,0.48));
#10113=CARTESIAN_POINT('',(0.326053107840465,5.5675273562535,0.48));
#10114=CARTESIAN_POINT('',(1.28354924385283,3.37896475965381,0.48));
#10115=CARTESIAN_POINT('',(1.28354924385283,3.37896475965381,0.5));
#10116=CARTESIAN_POINT('',(1.28354924385283,3.37896475965381,0.5));
#10117=CARTESIAN_POINT('',(0.326053107840465,5.5675273562535,0.5));
#10118=CARTESIAN_POINT('',(0.475203030560712,5.5675273562535,0.5));
#10119=CARTESIAN_POINT('',(0.624352953280959,5.5675273562535,0.5));
#10120=CARTESIAN_POINT('',(0.773502876001207,5.5675273562535,0.5));
#10121=CARTESIAN_POINT('',(1.11198819284819,5.5675273562535,0.5));
#10122=CARTESIAN_POINT('',(1.28354924385283,5.41451344589801,0.5));
#10123=CARTESIAN_POINT('',(1.28354924385283,5.11312241034933,0.5));
#10124=CARTESIAN_POINT('',(1.28354924385283,4.53506986011749,0.5));
#10125=CARTESIAN_POINT('',(1.28354924385283,3.95701730988565,0.5));
#10126=CARTESIAN_POINT('',(1.28354924385283,3.37896475965381,0.5));
#10127=CARTESIAN_POINT('',(0.326053107840465,5.5675273562535,0.5));
#10128=CARTESIAN_POINT('',(0.326053107840465,5.5675273562535,0.5));
#10129=CARTESIAN_POINT('',(1.28354924385283,3.37896475965381,0.5));
#10130=CARTESIAN_POINT('',(1.28354924385283,3.37896475965381,0.48));
#10131=CARTESIAN_POINT('',(1.21245187136442,3.37896475965381,0.48));
#10132=CARTESIAN_POINT('',(1.14135449887601,3.37896475965381,0.48));
#10133=CARTESIAN_POINT('',(1.07025712638761,3.37896475965381,0.48));
#10134=CARTESIAN_POINT('',(1.07025712638761,3.37896475965381,0.48));
#10135=CARTESIAN_POINT('',(1.07025712638761,3.37896475965381,0.5));
#10136=CARTESIAN_POINT('',(1.07025712638761,3.37896475965381,0.5));
#10137=CARTESIAN_POINT('',(1.28354924385283,3.37896475965381,0.5));
#10138=CARTESIAN_POINT('',(1.21245187136442,3.37896475965381,0.5));
#10139=CARTESIAN_POINT('',(1.14135449887601,3.37896475965381,0.5));
#10140=CARTESIAN_POINT('',(1.07025712638761,3.37896475965381,0.5));
#10141=CARTESIAN_POINT('',(1.07025712638761,3.37896475965381,0.5));
#10142=CARTESIAN_POINT('',(1.07025712638761,3.37896475965381,0.48));
#10143=CARTESIAN_POINT('',(1.07025712638761,3.59555165634413,0.5));
#10144=CARTESIAN_POINT('',(1.07025712638761,3.59555165634413,0.48));
#10145=CARTESIAN_POINT('',(1.06967445300653,3.9206651970542,0.5));
#10146=CARTESIAN_POINT('',(1.06967445300653,3.9206651970542,0.48));
#10147=CARTESIAN_POINT('',(1.0712282486894,4.35321713530258,0.5));
#10148=CARTESIAN_POINT('',(1.0712282486894,4.35321713530258,0.48));
#10149=CARTESIAN_POINT('',(1.06656686164077,4.67996304573484,0.5));
#10150=CARTESIAN_POINT('',(1.06656686164077,4.67996304573484,0.48));
#10151=CARTESIAN_POINT('',(1.08404706307314,4.99784752053238,0.5));
#10152=CARTESIAN_POINT('',(1.08404706307314,4.99784752053238,0.48));
#10153=CARTESIAN_POINT('',(1.01878764439231,5.34884578112284,0.5));
#10154=CARTESIAN_POINT('',(1.01878764439231,5.34884578112284,0.48));
#10155=CARTESIAN_POINT('',(0.638655211024257,5.36769824568143,0.5));
#10156=CARTESIAN_POINT('',(0.638655211024257,5.36769824568143,0.48));
#10157=CARTESIAN_POINT('',(0.434346556185624,5.36350880911285,0.5));
#10158=CARTESIAN_POINT('',(0.434346556185624,5.36350880911285,0.48));
#10159=CARTESIAN_POINT('',(0.326053107840465,5.36350880911285,0.5));
#10160=CARTESIAN_POINT('',(0.326053107840465,5.36350880911285,0.48));
#10161=CARTESIAN_POINT('',(1.07025712638761,3.37896475965381,0.48));
#10162=CARTESIAN_POINT('',(1.07025712638761,3.92687820633078,0.48));
#10163=CARTESIAN_POINT('',(1.07025712638761,4.47479165300775,0.48));
#10164=CARTESIAN_POINT('',(1.07025712638761,5.02270509968472,0.48));
#10165=CARTESIAN_POINT('',(1.07025712638761,5.24990757263681,0.48));
#10166=CARTESIAN_POINT('',(0.954337497330419,5.36350880911285,0.48));
#10167=CARTESIAN_POINT('',(0.722498239216044,5.36350880911285,0.48));
#10168=CARTESIAN_POINT('',(0.59034986209085,5.36350880911285,0.48));
#10169=CARTESIAN_POINT('',(0.458201484965658,5.36350880911285,0.48));
#10170=CARTESIAN_POINT('',(0.326053107840465,5.36350880911285,0.48));
#10171=CARTESIAN_POINT('',(0.326053107840465,5.36350880911285,0.48));
#10172=CARTESIAN_POINT('',(0.326053107840465,5.36350880911285,0.5));
#10173=CARTESIAN_POINT('',(0.326053107840465,5.36350880911285,0.5));
#10174=CARTESIAN_POINT('',(1.07025712638761,3.37896475965381,0.5));
#10175=CARTESIAN_POINT('',(1.07025712638761,3.92687820633078,0.5));
#10176=CARTESIAN_POINT('',(1.07025712638761,4.47479165300775,0.5));
#10177=CARTESIAN_POINT('',(1.07025712638761,5.02270509968472,0.5));
#10178=CARTESIAN_POINT('',(1.07025712638761,5.24990757263681,0.5));
#10179=CARTESIAN_POINT('',(0.954337497330419,5.36350880911285,0.5));
#10180=CARTESIAN_POINT('',(0.722498239216044,5.36350880911285,0.5));
#10181=CARTESIAN_POINT('',(0.59034986209085,5.36350880911285,0.5));
#10182=CARTESIAN_POINT('',(0.458201484965658,5.36350880911285,0.5));
#10183=CARTESIAN_POINT('',(0.326053107840465,5.36350880911285,0.5));
#10184=CARTESIAN_POINT('',(0.326053107840465,5.36350880911285,0.5));
#10185=CARTESIAN_POINT('',(0.326053107840465,5.36350880911285,0.48));
#10186=CARTESIAN_POINT('',(0.326053107840465,4.70199412595984,0.48));
#10187=CARTESIAN_POINT('',(0.326053107840465,4.04047944280682,0.48));
#10188=CARTESIAN_POINT('',(0.326053107840465,3.37896475965381,0.48));
#10189=CARTESIAN_POINT('',(0.326053107840465,3.37896475965381,0.48));
#10190=CARTESIAN_POINT('',(0.326053107840465,3.37896475965381,0.5));
#10191=CARTESIAN_POINT('',(0.326053107840465,3.37896475965381,0.5));
#10192=CARTESIAN_POINT('',(0.326053107840465,5.36350880911285,0.5));
#10193=CARTESIAN_POINT('',(0.326053107840465,4.70199412595984,0.5));
#10194=CARTESIAN_POINT('',(0.326053107840465,4.04047944280682,0.5));
#10195=CARTESIAN_POINT('',(0.326053107840465,3.37896475965381,0.5));
#10196=CARTESIAN_POINT('',(0.326053107840465,3.37896475965381,0.5));
#10197=CARTESIAN_POINT('',(0.326053107840465,3.37896475965381,0.48));
#10198=CARTESIAN_POINT('',(0.253410140297961,3.37896475965381,0.48));
#10199=CARTESIAN_POINT('',(0.180767172755457,3.37896475965381,0.48));
#10200=CARTESIAN_POINT('',(0.108124205212953,3.37896475965381,0.48));
#10201=CARTESIAN_POINT('',(0.108124205212953,3.37896475965381,0.48));
#10202=CARTESIAN_POINT('',(0.108124205212953,3.37896475965381,0.5));
#10203=CARTESIAN_POINT('',(0.108124205212953,3.37896475965381,0.5));
#10204=CARTESIAN_POINT('',(0.326053107840465,3.37896475965381,0.5));
#10205=CARTESIAN_POINT('',(0.253410140297961,3.37896475965381,0.5));
#10206=CARTESIAN_POINT('',(0.180767172755457,3.37896475965381,0.5));
#10207=CARTESIAN_POINT('',(0.108124205212953,3.37896475965381,0.5));
#10208=CARTESIAN_POINT('',(0.108124205212953,3.37896475965381,0.5));
#10209=CARTESIAN_POINT('',(0.108124205212953,3.37896475965381,0.48));
#10210=CARTESIAN_POINT('',(0.108124205212953,4.37741916459971,0.48));
#10211=CARTESIAN_POINT('',(0.108124205212953,5.37587356954562,0.48));
#10212=CARTESIAN_POINT('',(0.108124205212953,6.37432797449152,0.48));
#10213=CARTESIAN_POINT('',(0.108124205212953,6.37432797449152,0.48));
#10214=CARTESIAN_POINT('',(0.108124205212953,6.37432797449152,0.5));
#10215=CARTESIAN_POINT('',(0.108124205212953,6.37432797449152,0.5));
#10216=CARTESIAN_POINT('',(0.108124205212953,3.37896475965381,0.5));
#10217=CARTESIAN_POINT('',(0.108124205212953,4.37741916459971,0.5));
#10218=CARTESIAN_POINT('',(0.108124205212953,5.37587356954562,0.5));
#10219=CARTESIAN_POINT('',(0.108124205212953,6.37432797449152,0.5));
#10220=CARTESIAN_POINT('',(0.108124205212953,6.37432797449152,0.5));
#10221=CARTESIAN_POINT('',(0.108124205212953,6.37432797449152,0.48));
#10222=CARTESIAN_POINT('',(0.180767172755457,6.37510077201857,0.48));
#10223=CARTESIAN_POINT('',(0.253410140297961,6.37587356954562,0.48));
#10224=CARTESIAN_POINT('',(0.326053107840465,6.37664636707267,0.48));
#10225=CARTESIAN_POINT('',(0.326053107840465,6.37664636707267,0.48));
#10226=CARTESIAN_POINT('',(0.326053107840465,6.37664636707267,0.5));
#10227=CARTESIAN_POINT('',(0.326053107840465,6.37664636707267,0.5));
#10228=CARTESIAN_POINT('',(0.108124205212953,6.37432797449152,0.5));
#10229=CARTESIAN_POINT('',(0.180767172755457,6.37510077201857,0.5));
#10230=CARTESIAN_POINT('',(0.253410140297961,6.37587356954562,0.5));
#10231=CARTESIAN_POINT('',(0.326053107840465,6.37664636707267,0.5));
#10232=CARTESIAN_POINT('',(0.326053107840465,6.37664636707267,0.5));
#10233=CARTESIAN_POINT('',(0.326053107840465,6.37664636707267,0.48));
#10234=CARTESIAN_POINT('',(0.326053107840465,6.10694003013294,0.48));
#10235=CARTESIAN_POINT('',(0.326053107840465,5.83723369319322,0.48));
#10236=CARTESIAN_POINT('',(0.326053107840465,5.5675273562535,0.48));
#10237=CARTESIAN_POINT('',(0.326053107840465,6.37664636707267,0.5));
#10238=CARTESIAN_POINT('',(0.326053107840465,6.10694003013294,0.5));
#10239=CARTESIAN_POINT('',(0.326053107840465,5.83723369319322,0.5));
#10240=CARTESIAN_POINT('',(0.326053107840465,5.5675273562535,0.5));
#10241=CARTESIAN_POINT('',(1.28354924385283,4.8610361640381,0.5));
#10242=CARTESIAN_POINT('',(1.28354924385283,4.8610361640381,0.48));
#10243=CARTESIAN_POINT('',(1.73563579717586,5.5675273562535,0.5));
#10244=CARTESIAN_POINT('',(1.73563579717586,5.5675273562535,0.48));
#10245=CARTESIAN_POINT('',(1.86790187682929,5.5675273562535,0.5));
#10246=CARTESIAN_POINT('',(1.86790187682929,5.5675273562535,0.48));
#10247=CARTESIAN_POINT('',(2.07152783603487,5.56705641247096,0.5));
#10248=CARTESIAN_POINT('',(2.07152783603487,5.56705641247096,0.48));
#10249=CARTESIAN_POINT('',(2.32212175607393,5.56831226255773,0.5));
#10250=CARTESIAN_POINT('',(2.32212175607393,5.56831226255773,0.48));
#10251=CARTESIAN_POINT('',(2.64240687245205,5.56328886221067,0.5));
#10252=CARTESIAN_POINT('',(2.64240687245205,5.56328886221067,0.48));
#10253=CARTESIAN_POINT('',(2.89663646406249,5.39542531081057,0.5));
#10254=CARTESIAN_POINT('',(2.89663646406249,5.39542531081057,0.48));
#10255=CARTESIAN_POINT('',(2.90022684147485,4.95159111781396,0.5));
#10256=CARTESIAN_POINT('',(2.90022684147485,4.95159111781396,0.48));
#10257=CARTESIAN_POINT('',(2.89926940749822,4.56733579993001,0.5));
#10258=CARTESIAN_POINT('',(2.89926940749822,4.56733579993001,0.48));
#10259=CARTESIAN_POINT('',(2.8995885521571,4.03409050762416,0.5));
#10260=CARTESIAN_POINT('',(2.8995885521571,4.03409050762416,0.48));
#10261=CARTESIAN_POINT('',(2.89946887291002,3.63886013379839,0.5));
#10262=CARTESIAN_POINT('',(2.89946887291002,3.63886013379839,0.48));
#10263=CARTESIAN_POINT('',(2.89946887291002,3.37432797449152,0.5));
#10264=CARTESIAN_POINT('',(2.89946887291002,3.37432797449152,0.48));
#10265=CARTESIAN_POINT('',(1.73563579717586,5.5675273562535,0.48));
#10266=CARTESIAN_POINT('',(1.95511029485747,5.5675273562535,0.48));
#10267=CARTESIAN_POINT('',(2.17458479253907,5.5675273562535,0.48));
#10268=CARTESIAN_POINT('',(2.39405929022068,5.5675273562535,0.48));
#10269=CARTESIAN_POINT('',(2.73022621448652,5.5675273562535,0.48));
#10270=CARTESIAN_POINT('',(2.89946887291002,5.41219505331687,0.48));
#10271=CARTESIAN_POINT('',(2.89946887291002,5.10384884002475,0.48));
#10272=CARTESIAN_POINT('',(2.89946887291002,4.52734188484701,0.48));
#10273=CARTESIAN_POINT('',(2.89946887291002,3.95083492966927,0.48));
#10274=CARTESIAN_POINT('',(2.89946887291002,3.37432797449152,0.48));
#10275=CARTESIAN_POINT('',(1.73563579717586,5.5675273562535,0.48));
#10276=CARTESIAN_POINT('',(2.89946887291002,3.37432797449152,0.48));
#10277=CARTESIAN_POINT('',(2.89946887291002,3.37432797449152,0.5));
#10278=CARTESIAN_POINT('',(2.89946887291002,3.37432797449152,0.5));
#10279=CARTESIAN_POINT('',(1.73563579717586,5.5675273562535,0.5));
#10280=CARTESIAN_POINT('',(1.95511029485747,5.5675273562535,0.5));
#10281=CARTESIAN_POINT('',(2.17458479253907,5.5675273562535,0.5));
#10282=CARTESIAN_POINT('',(2.39405929022068,5.5675273562535,0.5));
#10283=CARTESIAN_POINT('',(2.73022621448652,5.5675273562535,0.5));
#10284=CARTESIAN_POINT('',(2.89946887291002,5.41219505331687,0.5));
#10285=CARTESIAN_POINT('',(2.89946887291002,5.10384884002475,0.5));
#10286=CARTESIAN_POINT('',(2.89946887291002,4.52734188484701,0.5));
#10287=CARTESIAN_POINT('',(2.89946887291002,3.95083492966927,0.5));
#10288=CARTESIAN_POINT('',(2.89946887291002,3.37432797449152,0.5));
#10289=CARTESIAN_POINT('',(1.73563579717586,5.5675273562535,0.5));
#10290=CARTESIAN_POINT('',(1.73563579717586,5.5675273562535,0.5));
#10291=CARTESIAN_POINT('',(2.89946887291002,3.37432797449152,0.5));
#10292=CARTESIAN_POINT('',(2.89946887291002,3.37432797449152,0.48));
#10293=CARTESIAN_POINT('',(2.82914429794866,3.37432797449152,0.48));
#10294=CARTESIAN_POINT('',(2.7588197229873,3.37432797449152,0.48));
#10295=CARTESIAN_POINT('',(2.68849514802594,3.37432797449152,0.48));
#10296=CARTESIAN_POINT('',(2.68849514802594,3.37432797449152,0.48));
#10297=CARTESIAN_POINT('',(2.68849514802594,3.37432797449152,0.5));
#10298=CARTESIAN_POINT('',(2.68849514802594,3.37432797449152,0.5));
#10299=CARTESIAN_POINT('',(2.89946887291002,3.37432797449152,0.5));
#10300=CARTESIAN_POINT('',(2.82914429794866,3.37432797449152,0.5));
#10301=CARTESIAN_POINT('',(2.7588197229873,3.37432797449152,0.5));
#10302=CARTESIAN_POINT('',(2.68849514802594,3.37432797449152,0.5));
#10303=CARTESIAN_POINT('',(2.68849514802594,3.37432797449152,0.5));
#10304=CARTESIAN_POINT('',(2.68849514802594,3.37432797449152,0.48));
#10305=CARTESIAN_POINT('',(2.68849514802594,3.53252288481829,0.5));
#10306=CARTESIAN_POINT('',(2.68849514802594,3.53252288481829,0.48));
#10307=CARTESIAN_POINT('',(2.68854470257333,3.84948460387985,0.5));
#10308=CARTESIAN_POINT('',(2.68854470257333,3.84948460387985,0.48));
#10309=CARTESIAN_POINT('',(2.68832170711007,4.32149579202396,0.5));
#10310=CARTESIAN_POINT('',(2.68832170711007,4.32149579202396,0.48));
#10311=CARTESIAN_POINT('',(2.68893494463404,4.68451158305869,0.5));
#10312=CARTESIAN_POINT('',(2.68893494463404,4.68451158305869,0.48));
#10313=CARTESIAN_POINT('',(2.68813587755735,4.91258208671916,0.5));
#10314=CARTESIAN_POINT('',(2.68813587755735,4.91258208671916,0.48));
#10315=CARTESIAN_POINT('',(2.6904773299216,5.09779919682588,0.5));
#10316=CARTESIAN_POINT('',(2.6904773299216,5.09779919682588,0.48));
#10317=CARTESIAN_POINT('',(2.65636621377713,5.21053144682023,0.5));
#10318=CARTESIAN_POINT('',(2.65636621377713,5.21053144682023,0.48));
#10319=CARTESIAN_POINT('',(2.61894337059163,5.25918114296138,0.5));
#10320=CARTESIAN_POINT('',(2.61894337059163,5.25918114296138,0.48));
#10321=CARTESIAN_POINT('',(2.68849514802594,3.37432797449152,0.48));
#10322=CARTESIAN_POINT('',(2.68849514802594,3.90910386320868,0.48));
#10323=CARTESIAN_POINT('',(2.68849514802594,4.44387975192584,0.48));
#10324=CARTESIAN_POINT('',(2.68849514802594,4.97865564064299,0.48));
#10325=CARTESIAN_POINT('',(2.68849514802594,5.1061672326059,0.48));
#10326=CARTESIAN_POINT('',(2.6653112222145,5.19890293585165,0.48));
#10327=CARTESIAN_POINT('',(2.61894337059163,5.25918114296138,0.48));
#10328=CARTESIAN_POINT('',(2.61894337059163,5.25918114296138,0.48));
#10329=CARTESIAN_POINT('',(2.61894337059163,5.25918114296138,0.5));
#10330=CARTESIAN_POINT('',(2.61894337059163,5.25918114296138,0.5));
#10331=CARTESIAN_POINT('',(2.68849514802594,3.37432797449152,0.5));
#10332=CARTESIAN_POINT('',(2.68849514802594,3.90910386320868,0.5));
#10333=CARTESIAN_POINT('',(2.68849514802594,4.44387975192584,0.5));
#10334=CARTESIAN_POINT('',(2.68849514802594,4.97865564064299,0.5));
#10335=CARTESIAN_POINT('',(2.68849514802594,5.1061672326059,0.5));
#10336=CARTESIAN_POINT('',(2.6653112222145,5.19890293585165,0.5));
#10337=CARTESIAN_POINT('',(2.61894337059163,5.25918114296138,0.5));
#10338=CARTESIAN_POINT('',(2.61894337059163,5.25918114296138,0.5));
#10339=CARTESIAN_POINT('',(2.61894337059163,5.25918114296138,0.48));
#10340=CARTESIAN_POINT('',(2.5476746597231,5.3338436019665,0.5));
#10341=CARTESIAN_POINT('',(2.5476746597231,5.3338436019665,0.48));
#10342=CARTESIAN_POINT('',(2.28225059736117,5.34316177268436,0.5));
#10343=CARTESIAN_POINT('',(2.28225059736117,5.34316177268436,0.48));
#10344=CARTESIAN_POINT('',(2.06394992984338,5.33800649072027,0.5));
#10345=CARTESIAN_POINT('',(2.06394992984338,5.33800649072027,0.48));
#10346=CARTESIAN_POINT('',(1.94892791464108,5.33800649072027,0.5));
#10347=CARTESIAN_POINT('',(1.94892791464108,5.33800649072027,0.48));
#10348=CARTESIAN_POINT('',(2.61894337059163,5.25918114296138,0.48));
#10349=CARTESIAN_POINT('',(2.5702571263876,5.31018577974655,0.48));
#10350=CARTESIAN_POINT('',(2.49838695637215,5.33568809813913,0.48));
#10351=CARTESIAN_POINT('',(2.40333286054526,5.33800649072027,0.48));
#10352=CARTESIAN_POINT('',(2.25195459774999,5.34169864347138,0.48));
#10353=CARTESIAN_POINT('',(2.10039622994247,5.33800649072027,0.48));
#10354=CARTESIAN_POINT('',(1.94892791464108,5.33800649072027,0.48));
#10355=CARTESIAN_POINT('',(1.94892791464108,5.33800649072027,0.48));
#10356=CARTESIAN_POINT('',(1.94892791464108,5.33800649072027,0.5));
#10357=CARTESIAN_POINT('',(1.94892791464108,5.33800649072027,0.5));
#10358=CARTESIAN_POINT('',(2.61894337059163,5.25918114296138,0.5));
#10359=CARTESIAN_POINT('',(2.5702571263876,5.31018577974655,0.5));
#10360=CARTESIAN_POINT('',(2.49838695637215,5.33568809813913,0.5));
#10361=CARTESIAN_POINT('',(2.40333286054526,5.33800649072027,0.5));
#10362=CARTESIAN_POINT('',(2.25195459774999,5.34169864347138,0.5));
#10363=CARTESIAN_POINT('',(2.10039622994247,5.33800649072027,0.5));
#10364=CARTESIAN_POINT('',(1.94892791464108,5.33800649072027,0.5));
#10365=CARTESIAN_POINT('',(1.94892791464108,5.33800649072027,0.5));
#10366=CARTESIAN_POINT('',(1.94892791464108,5.33800649072027,0.48));
#10367=CARTESIAN_POINT('',(1.94892791464108,4.68344698531069,0.48));
#10368=CARTESIAN_POINT('',(1.94892791464108,4.02888747990111,0.48));
#10369=CARTESIAN_POINT('',(1.94892791464108,3.37432797449152,0.48));
#10370=CARTESIAN_POINT('',(1.94892791464108,3.37432797449152,0.48));
#10371=CARTESIAN_POINT('',(1.94892791464108,3.37432797449152,0.5));
#10372=CARTESIAN_POINT('',(1.94892791464108,3.37432797449152,0.5));
#10373=CARTESIAN_POINT('',(1.94892791464108,5.33800649072027,0.5));
#10374=CARTESIAN_POINT('',(1.94892791464108,4.68344698531069,0.5));
#10375=CARTESIAN_POINT('',(1.94892791464108,4.02888747990111,0.5));
#10376=CARTESIAN_POINT('',(1.94892791464108,3.37432797449152,0.5));
#10377=CARTESIAN_POINT('',(1.94892791464108,3.37432797449152,0.5));
#10378=CARTESIAN_POINT('',(1.94892791464108,3.37432797449152,0.48));
#10379=CARTESIAN_POINT('',(1.87783054215268,3.37587356954562,0.48));
#10380=CARTESIAN_POINT('',(1.80673316966427,3.37741916459972,0.48));
#10381=CARTESIAN_POINT('',(1.73563579717586,3.37896475965381,0.48));
#10382=CARTESIAN_POINT('',(1.73563579717586,3.37896475965381,0.48));
#10383=CARTESIAN_POINT('',(1.73563579717586,3.37896475965381,0.5));
#10384=CARTESIAN_POINT('',(1.73563579717586,3.37896475965381,0.5));
#10385=CARTESIAN_POINT('',(1.94892791464108,3.37432797449152,0.5));
#10386=CARTESIAN_POINT('',(1.87783054215268,3.37587356954562,0.5));
#10387=CARTESIAN_POINT('',(1.80673316966427,3.37741916459972,0.5));
#10388=CARTESIAN_POINT('',(1.73563579717586,3.37896475965381,0.5));
#10389=CARTESIAN_POINT('',(1.73563579717586,3.37896475965381,0.5));
#10390=CARTESIAN_POINT('',(1.73563579717586,3.37896475965381,0.48));
#10391=CARTESIAN_POINT('',(1.73563579717586,4.10848562518704,0.48));
#10392=CARTESIAN_POINT('',(1.73563579717586,4.83800649072027,0.48));
#10393=CARTESIAN_POINT('',(1.73563579717586,5.5675273562535,0.48));
#10394=CARTESIAN_POINT('',(1.73563579717586,3.37896475965381,0.5));
#10395=CARTESIAN_POINT('',(1.73563579717586,4.10848562518704,0.5));
#10396=CARTESIAN_POINT('',(1.73563579717586,4.83800649072027,0.5));
#10397=CARTESIAN_POINT('',(1.73563579717586,5.5675273562535,0.5));
#10398=CARTESIAN_POINT('',(2.89946887291002,4.96152093033274,0.5));
#10399=CARTESIAN_POINT('',(2.89946887291002,4.96152093033274,0.48));
#10400=CARTESIAN_POINT('',(-3.4459716216804,2.41219505331687,0.5));
#10401=CARTESIAN_POINT('',(-3.4459716216804,2.41219505331687,0.48));
#10402=CARTESIAN_POINT('',(-3.4459716216804,-0.58780494668313,0.48));
#10403=CARTESIAN_POINT('',(-3.4459716216804,2.41219505331687,0.48));
#10404=CARTESIAN_POINT('',(-3.4459716216804,-0.58780494668313,0.48));
#10405=CARTESIAN_POINT('',(-3.4459716216804,-0.58780494668313,0.5));
#10406=CARTESIAN_POINT('',(-3.4459716216804,-0.58780494668313,0.5));
#10407=CARTESIAN_POINT('',(-3.4459716216804,2.41219505331687,0.5));
#10408=CARTESIAN_POINT('',(-3.4459716216804,-0.58780494668313,0.5));
#10409=CARTESIAN_POINT('',(-3.4459716216804,2.41219505331687,0.5));
#10410=CARTESIAN_POINT('',(-3.4459716216804,2.41219505331687,0.5));
#10411=CARTESIAN_POINT('',(-3.4459716216804,-0.58780494668313,0.5));
#10412=CARTESIAN_POINT('',(-3.4459716216804,-0.58780494668313,0.48));
#10413=CARTESIAN_POINT('',(-3.66621891688906,-0.58780494668313,0.48));
#10414=CARTESIAN_POINT('',(-3.66621891688906,-0.58780494668313,0.48));
#10415=CARTESIAN_POINT('',(-3.66621891688906,-0.58780494668313,0.5));
#10416=CARTESIAN_POINT('',(-3.66621891688906,-0.58780494668313,0.5));
#10417=CARTESIAN_POINT('',(-3.4459716216804,-0.58780494668313,0.5));
#10418=CARTESIAN_POINT('',(-3.66621891688906,-0.58780494668313,0.5));
#10419=CARTESIAN_POINT('',(-3.66621891688906,-0.58780494668313,0.5));
#10420=CARTESIAN_POINT('',(-3.66621891688906,-0.58780494668313,0.48));
#10421=CARTESIAN_POINT('',(-3.66621891688906,1.83491530061208,0.48));
#10422=CARTESIAN_POINT('',(-3.66621891688906,1.83491530061208,0.48));
#10423=CARTESIAN_POINT('',(-3.66621891688906,1.83491530061208,0.5));
#10424=CARTESIAN_POINT('',(-3.66621891688906,1.83491530061208,0.5));
#10425=CARTESIAN_POINT('',(-3.66621891688906,-0.58780494668313,0.5));
#10426=CARTESIAN_POINT('',(-3.66621891688906,1.83491530061208,0.5));
#10427=CARTESIAN_POINT('',(-3.66621891688906,1.83491530061208,0.5));
#10428=CARTESIAN_POINT('',(-3.66621891688906,1.83491530061208,0.48));
#10429=CARTESIAN_POINT('',(-4.30145848412244,0.541252240333872,0.48));
#10430=CARTESIAN_POINT('',(-4.30145848412244,0.541252240333872,0.48));
#10431=CARTESIAN_POINT('',(-4.30145848412244,0.541252240333872,0.5));
#10432=CARTESIAN_POINT('',(-4.30145848412244,0.541252240333872,0.5));
#10433=CARTESIAN_POINT('',(-3.66621891688906,1.83491530061208,0.5));
#10434=CARTESIAN_POINT('',(-4.30145848412244,0.541252240333872,0.5));
#10435=CARTESIAN_POINT('',(-4.30145848412244,0.541252240333872,0.5));
#10436=CARTESIAN_POINT('',(-4.30145848412244,0.541252240333872,0.48));
#10437=CARTESIAN_POINT('',(-4.44519882415335,0.541252240333872,0.48));
#10438=CARTESIAN_POINT('',(-4.44519882415335,0.541252240333872,0.48));
#10439=CARTESIAN_POINT('',(-4.44519882415335,0.541252240333872,0.5));
#10440=CARTESIAN_POINT('',(-4.44519882415335,0.541252240333872,0.5));
#10441=CARTESIAN_POINT('',(-4.30145848412244,0.541252240333872,0.5));
#10442=CARTESIAN_POINT('',(-4.44519882415335,0.541252240333872,0.5));
#10443=CARTESIAN_POINT('',(-4.44519882415335,0.541252240333872,0.5));
#10444=CARTESIAN_POINT('',(-4.44519882415335,0.541252240333872,0.48));
#10445=CARTESIAN_POINT('',(-5.07580160622445,1.83259690803094,0.48));
#10446=CARTESIAN_POINT('',(-5.07580160622445,1.83259690803094,0.48));
#10447=CARTESIAN_POINT('',(-5.07580160622445,1.83259690803094,0.5));
#10448=CARTESIAN_POINT('',(-5.07580160622445,1.83259690803094,0.5));
#10449=CARTESIAN_POINT('',(-4.44519882415335,0.541252240333872,0.5));
#10450=CARTESIAN_POINT('',(-5.07580160622445,1.83259690803094,0.5));
#10451=CARTESIAN_POINT('',(-5.07580160622445,1.83259690803094,0.5));
#10452=CARTESIAN_POINT('',(-5.07580160622445,1.83259690803094,0.48));
#10453=CARTESIAN_POINT('',(-5.07580160622445,-0.58780494668313,0.48));
#10454=CARTESIAN_POINT('',(-5.07580160622445,-0.58780494668313,0.48));
#10455=CARTESIAN_POINT('',(-5.07580160622445,-0.58780494668313,0.5));
#10456=CARTESIAN_POINT('',(-5.07580160622445,-0.58780494668313,0.5));
#10457=CARTESIAN_POINT('',(-5.07580160622445,1.83259690803094,0.5));
#10458=CARTESIAN_POINT('',(-5.07580160622445,-0.58780494668313,0.5));
#10459=CARTESIAN_POINT('',(-5.07580160622445,-0.58780494668313,0.5));
#10460=CARTESIAN_POINT('',(-5.07580160622445,-0.58780494668313,0.48));
#10461=CARTESIAN_POINT('',(-5.29836729401425,-0.58780494668313,0.48));
#10462=CARTESIAN_POINT('',(-5.29836729401425,-0.58780494668313,0.48));
#10463=CARTESIAN_POINT('',(-5.29836729401425,-0.58780494668313,0.5));
#10464=CARTESIAN_POINT('',(-5.29836729401425,-0.58780494668313,0.5));
#10465=CARTESIAN_POINT('',(-5.07580160622445,-0.58780494668313,0.5));
#10466=CARTESIAN_POINT('',(-5.29836729401425,-0.58780494668313,0.5));
#10467=CARTESIAN_POINT('',(-5.29836729401425,-0.58780494668313,0.5));
#10468=CARTESIAN_POINT('',(-5.29836729401425,-0.58780494668313,0.48));
#10469=CARTESIAN_POINT('',(-5.29836729401425,2.41219505331687,0.48));
#10470=CARTESIAN_POINT('',(-5.29836729401425,2.41219505331687,0.48));
#10471=CARTESIAN_POINT('',(-5.29836729401425,2.41219505331687,0.5));
#10472=CARTESIAN_POINT('',(-5.29836729401425,2.41219505331687,0.5));
#10473=CARTESIAN_POINT('',(-5.29836729401425,-0.58780494668313,0.5));
#10474=CARTESIAN_POINT('',(-5.29836729401425,2.41219505331687,0.5));
#10475=CARTESIAN_POINT('',(-5.29836729401425,2.41219505331687,0.5));
#10476=CARTESIAN_POINT('',(-5.29836729401425,2.41219505331687,0.48));
#10477=CARTESIAN_POINT('',(-5.0943487468736,2.41219505331687,0.48));
#10478=CARTESIAN_POINT('',(-5.0943487468736,2.41219505331687,0.48));
#10479=CARTESIAN_POINT('',(-5.0943487468736,2.41219505331687,0.5));
#10480=CARTESIAN_POINT('',(-5.0943487468736,2.41219505331687,0.5));
#10481=CARTESIAN_POINT('',(-5.29836729401425,2.41219505331687,0.5));
#10482=CARTESIAN_POINT('',(-5.0943487468736,2.41219505331687,0.5));
#10483=CARTESIAN_POINT('',(-5.0943487468736,2.41219505331687,0.5));
#10484=CARTESIAN_POINT('',(-5.0943487468736,2.41219505331687,0.48));
#10485=CARTESIAN_POINT('',(-4.36637347639447,0.895966305248864,0.48));
#10486=CARTESIAN_POINT('',(-4.36637347639447,0.895966305248864,0.48));
#10487=CARTESIAN_POINT('',(-4.36637347639447,0.895966305248864,0.5));
#10488=CARTESIAN_POINT('',(-4.36637347639447,0.895966305248864,0.5));
#10489=CARTESIAN_POINT('',(-5.0943487468736,2.41219505331687,0.5));
#10490=CARTESIAN_POINT('',(-4.36637347639447,0.895966305248864,0.5));
#10491=CARTESIAN_POINT('',(-4.36637347639447,0.895966305248864,0.5));
#10492=CARTESIAN_POINT('',(-4.36637347639447,0.895966305248864,0.48));
#10493=CARTESIAN_POINT('',(-3.65694534656448,2.40987666073573,0.48));
#10494=CARTESIAN_POINT('',(-3.65694534656448,2.40987666073573,0.48));
#10495=CARTESIAN_POINT('',(-3.65694534656448,2.40987666073573,0.5));
#10496=CARTESIAN_POINT('',(-3.65694534656448,2.40987666073573,0.5));
#10497=CARTESIAN_POINT('',(-4.36637347639447,0.895966305248864,0.5));
#10498=CARTESIAN_POINT('',(-3.65694534656448,2.40987666073573,0.5));
#10499=CARTESIAN_POINT('',(-3.65694534656448,2.40987666073573,0.5));
#10500=CARTESIAN_POINT('',(-3.65694534656448,2.40987666073573,0.48));
#10501=CARTESIAN_POINT('',(-3.4459716216804,2.41219505331687,0.48));
#10502=CARTESIAN_POINT('',(-3.65694534656448,2.40987666073573,0.5));
#10503=CARTESIAN_POINT('',(-3.4459716216804,2.41219505331687,0.5));
#10504=CARTESIAN_POINT('',(-3.4459716216804,0.91219505331687,0.5));
#10505=CARTESIAN_POINT('',(-3.4459716216804,0.91219505331687,0.48));
#10506=CARTESIAN_POINT('',(-2.65771814409153,2.41219505331687,0.5));
#10507=CARTESIAN_POINT('',(-2.65771814409153,2.41219505331687,0.48));
#10508=CARTESIAN_POINT('',(-2.65771814409153,2.09457526970018,0.48));
#10509=CARTESIAN_POINT('',(-2.65771814409153,2.41219505331687,0.48));
#10510=CARTESIAN_POINT('',(-2.65771814409153,2.09457526970018,0.48));
#10511=CARTESIAN_POINT('',(-2.65771814409153,2.09457526970018,0.5));
#10512=CARTESIAN_POINT('',(-2.65771814409153,2.09457526970018,0.5));
#10513=CARTESIAN_POINT('',(-2.65771814409153,2.41219505331687,0.5));
#10514=CARTESIAN_POINT('',(-2.65771814409153,2.09457526970018,0.5));
#10515=CARTESIAN_POINT('',(-2.65771814409153,2.41219505331687,0.5));
#10516=CARTESIAN_POINT('',(-2.65771814409153,2.41219505331687,0.5));
#10517=CARTESIAN_POINT('',(-2.65771814409153,2.09457526970018,0.5));
#10518=CARTESIAN_POINT('',(-2.65771814409153,2.09457526970018,0.48));
#10519=CARTESIAN_POINT('',(-2.87796543930018,2.09457526970018,0.48));
#10520=CARTESIAN_POINT('',(-2.87796543930018,2.09457526970018,0.48));
#10521=CARTESIAN_POINT('',(-2.87796543930018,2.09457526970018,0.5));
#10522=CARTESIAN_POINT('',(-2.87796543930018,2.09457526970018,0.5));
#10523=CARTESIAN_POINT('',(-2.65771814409153,2.09457526970018,0.5));
#10524=CARTESIAN_POINT('',(-2.87796543930018,2.09457526970018,0.5));
#10525=CARTESIAN_POINT('',(-2.87796543930018,2.09457526970018,0.5));
#10526=CARTESIAN_POINT('',(-2.87796543930018,2.09457526970018,0.48));
#10527=CARTESIAN_POINT('',(-2.87796543930018,2.41219505331687,0.48));
#10528=CARTESIAN_POINT('',(-2.87796543930018,2.41219505331687,0.48));
#10529=CARTESIAN_POINT('',(-2.87796543930018,2.41219505331687,0.5));
#10530=CARTESIAN_POINT('',(-2.87796543930018,2.41219505331687,0.5));
#10531=CARTESIAN_POINT('',(-2.87796543930018,2.09457526970018,0.5));
#10532=CARTESIAN_POINT('',(-2.87796543930018,2.41219505331687,0.5));
#10533=CARTESIAN_POINT('',(-2.87796543930018,2.41219505331687,0.5));
#10534=CARTESIAN_POINT('',(-2.87796543930018,2.41219505331687,0.48));
#10535=CARTESIAN_POINT('',(-2.65771814409153,2.41219505331687,0.48));
#10536=CARTESIAN_POINT('',(-2.87796543930018,2.41219505331687,0.5));
#10537=CARTESIAN_POINT('',(-2.65771814409153,2.41219505331687,0.5));
#10538=CARTESIAN_POINT('',(-2.65771814409153,2.25338516150852,0.5));
#10539=CARTESIAN_POINT('',(-2.65771814409153,2.25338516150852,0.48));
#10540=CARTESIAN_POINT('',(-2.65771814409153,1.59612086475427,0.5));
#10541=CARTESIAN_POINT('',(-2.65771814409153,1.59612086475427,0.48));
#10542=CARTESIAN_POINT('',(-2.65771814409153,-0.583168161520842,0.48));
#10543=CARTESIAN_POINT('',(-2.65771814409153,1.59612086475427,0.48));
#10544=CARTESIAN_POINT('',(-2.65771814409153,-0.583168161520842,0.48));
#10545=CARTESIAN_POINT('',(-2.65771814409153,-0.583168161520842,0.5));
#10546=CARTESIAN_POINT('',(-2.65771814409153,-0.583168161520842,0.5));
#10547=CARTESIAN_POINT('',(-2.65771814409153,1.59612086475427,0.5));
#10548=CARTESIAN_POINT('',(-2.65771814409153,-0.583168161520842,0.5));
#10549=CARTESIAN_POINT('',(-2.65771814409153,1.59612086475427,0.5));
#10550=CARTESIAN_POINT('',(-2.65771814409153,1.59612086475427,0.5));
#10551=CARTESIAN_POINT('',(-2.65771814409153,-0.583168161520842,0.5));
#10552=CARTESIAN_POINT('',(-2.65771814409153,-0.583168161520842,0.48));
#10553=CARTESIAN_POINT('',(-2.87796543930018,-0.583168161520842,0.48));
#10554=CARTESIAN_POINT('',(-2.87796543930018,-0.583168161520842,0.48));
#10555=CARTESIAN_POINT('',(-2.87796543930018,-0.583168161520842,0.5));
#10556=CARTESIAN_POINT('',(-2.87796543930018,-0.583168161520842,0.5));
#10557=CARTESIAN_POINT('',(-2.65771814409153,-0.583168161520842,0.5));
#10558=CARTESIAN_POINT('',(-2.87796543930018,-0.583168161520842,0.5));
#10559=CARTESIAN_POINT('',(-2.87796543930018,-0.583168161520842,0.5));
#10560=CARTESIAN_POINT('',(-2.87796543930018,-0.583168161520842,0.48));
#10561=CARTESIAN_POINT('',(-2.87796543930018,1.59612086475427,0.48));
#10562=CARTESIAN_POINT('',(-2.87796543930018,1.59612086475427,0.48));
#10563=CARTESIAN_POINT('',(-2.87796543930018,1.59612086475427,0.5));
#10564=CARTESIAN_POINT('',(-2.87796543930018,1.59612086475427,0.5));
#10565=CARTESIAN_POINT('',(-2.87796543930018,-0.583168161520842,0.5));
#10566=CARTESIAN_POINT('',(-2.87796543930018,1.59612086475427,0.5));
#10567=CARTESIAN_POINT('',(-2.87796543930018,1.59612086475427,0.5));
#10568=CARTESIAN_POINT('',(-2.87796543930018,1.59612086475427,0.48));
#10569=CARTESIAN_POINT('',(-2.65771814409153,1.59612086475427,0.48));
#10570=CARTESIAN_POINT('',(-2.87796543930018,1.59612086475427,0.5));
#10571=CARTESIAN_POINT('',(-2.65771814409153,1.59612086475427,0.5));
#10572=CARTESIAN_POINT('',(-2.65771814409153,0.506476351616716,0.5));
#10573=CARTESIAN_POINT('',(-2.65771814409153,0.506476351616716,0.48));
#10574=CARTESIAN_POINT('',(-1.04643530019663,-0.372194436636762,0.5));
#10575=CARTESIAN_POINT('',(-1.04643530019663,-0.372194436636762,0.48));
#10576=CARTESIAN_POINT('',(-1.04643530019663,-0.44329180912517,0.48));
#10577=CARTESIAN_POINT('',(-1.04643530019663,-0.514389181613578,0.48));
#10578=CARTESIAN_POINT('',(-1.04643530019663,-0.585486554101986,0.48));
#10579=CARTESIAN_POINT('',(-1.04643530019663,-0.372194436636762,0.48));
#10580=CARTESIAN_POINT('',(-1.04643530019663,-0.585486554101986,0.48));
#10581=CARTESIAN_POINT('',(-1.04643530019663,-0.585486554101986,0.5));
#10582=CARTESIAN_POINT('',(-1.04643530019663,-0.585486554101986,0.5));
#10583=CARTESIAN_POINT('',(-1.04643530019663,-0.372194436636762,0.5));
#10584=CARTESIAN_POINT('',(-1.04643530019663,-0.44329180912517,0.5));
#10585=CARTESIAN_POINT('',(-1.04643530019663,-0.514389181613578,0.5));
#10586=CARTESIAN_POINT('',(-1.04643530019663,-0.585486554101986,0.5));
#10587=CARTESIAN_POINT('',(-1.04643530019663,-0.372194436636762,0.5));
#10588=CARTESIAN_POINT('',(-1.04643530019663,-0.372194436636762,0.5));
#10589=CARTESIAN_POINT('',(-1.04643530019663,-0.585486554101986,0.5));
#10590=CARTESIAN_POINT('',(-1.04643530019663,-0.585486554101986,0.48));
#10591=CARTESIAN_POINT('',(-1.15995284929446,-0.585486554101986,0.5));
#10592=CARTESIAN_POINT('',(-1.15995284929446,-0.585486554101986,0.48));
#10593=CARTESIAN_POINT('',(-1.38873204048917,-0.584975744340289,0.5));
#10594=CARTESIAN_POINT('',(-1.38873204048917,-0.584975744340289,0.48));
#10595=CARTESIAN_POINT('',(-1.66598556448729,-0.586891280946653,0.5));
#10596=CARTESIAN_POINT('',(-1.66598556448729,-0.586891280946653,0.48));
#10597=CARTESIAN_POINT('',(-1.90610136017586,-0.583060207733925,0.5));
#10598=CARTESIAN_POINT('',(-1.90610136017586,-0.583060207733925,0.48));
#10599=CARTESIAN_POINT('',(-2.09637210012578,-0.452561395491377,0.5));
#10600=CARTESIAN_POINT('',(-2.09637210012578,-0.452561395491377,0.48));
#10601=CARTESIAN_POINT('',(-2.14644708310872,-0.154004018510955,0.5));
#10602=CARTESIAN_POINT('',(-2.14644708310872,-0.154004018510955,0.48));
#10603=CARTESIAN_POINT('',(-2.13042308855418,0.18177799624084,0.5));
#10604=CARTESIAN_POINT('',(-2.13042308855418,0.18177799624084,0.48));
#10605=CARTESIAN_POINT('',(-2.13576442007236,0.63737746770804,0.5));
#10606=CARTESIAN_POINT('',(-2.13576442007236,0.63737746770804,0.48));
#10607=CARTESIAN_POINT('',(-2.13376142075304,0.977301794653862,0.5));
#10608=CARTESIAN_POINT('',(-2.13376142075304,0.977301794653862,0.48));
#10609=CARTESIAN_POINT('',(-2.13376142075304,1.20431251854098,0.5));
#10610=CARTESIAN_POINT('',(-2.13376142075304,1.20431251854098,0.48));
#10611=CARTESIAN_POINT('',(-1.04643530019663,-0.585486554101986,0.48));
#10612=CARTESIAN_POINT('',(-1.29063931874377,-0.585486554101986,0.48));
#10613=CARTESIAN_POINT('',(-1.53484333729091,-0.585486554101986,0.48));
#10614=CARTESIAN_POINT('',(-1.77904735583805,-0.585486554101986,0.48));
#10615=CARTESIAN_POINT('',(-1.89033019973295,-0.585486554101986,0.48));
#10616=CARTESIAN_POINT('',(-1.98074751039756,-0.546073880222542,0.48));
#10617=CARTESIAN_POINT('',(-2.04566250266958,-0.464930139882512,0.48));
#10618=CARTESIAN_POINT('',(-2.10447050960591,-0.3914201312121,0.48));
#10619=CARTESIAN_POINT('',(-2.13376142075304,-0.295687481459019,0.48));
#10620=CARTESIAN_POINT('',(-2.13376142075304,-0.179767852401831,0.48));
#10621=CARTESIAN_POINT('',(-2.13376142075304,0.281592271245773,0.48));
#10622=CARTESIAN_POINT('',(-2.13376142075304,0.742952394893377,0.48));
#10623=CARTESIAN_POINT('',(-2.13376142075304,1.20431251854098,0.48));
#10624=CARTESIAN_POINT('',(-2.13376142075304,1.20431251854098,0.48));
#10625=CARTESIAN_POINT('',(-2.13376142075304,1.20431251854098,0.5));
#10626=CARTESIAN_POINT('',(-2.13376142075304,1.20431251854098,0.5));
#10627=CARTESIAN_POINT('',(-1.04643530019663,-0.585486554101986,0.5));
#10628=CARTESIAN_POINT('',(-1.29063931874377,-0.585486554101986,0.5));
#10629=CARTESIAN_POINT('',(-1.53484333729091,-0.585486554101986,0.5));
#10630=CARTESIAN_POINT('',(-1.77904735583805,-0.585486554101986,0.5));
#10631=CARTESIAN_POINT('',(-1.89033019973295,-0.585486554101986,0.5));
#10632=CARTESIAN_POINT('',(-1.98074751039756,-0.546073880222542,0.5));
#10633=CARTESIAN_POINT('',(-2.04566250266958,-0.464930139882512,0.5));
#10634=CARTESIAN_POINT('',(-2.10447050960591,-0.3914201312121,0.5));
#10635=CARTESIAN_POINT('',(-2.13376142075304,-0.295687481459019,0.5));
#10636=CARTESIAN_POINT('',(-2.13376142075304,-0.179767852401831,0.5));
#10637=CARTESIAN_POINT('',(-2.13376142075304,0.281592271245773,0.5));
#10638=CARTESIAN_POINT('',(-2.13376142075304,0.742952394893377,0.5));
#10639=CARTESIAN_POINT('',(-2.13376142075304,1.20431251854098,0.5));
#10640=CARTESIAN_POINT('',(-2.13376142075304,1.20431251854098,0.5));
#10641=CARTESIAN_POINT('',(-2.13376142075304,1.20431251854098,0.48));
#10642=CARTESIAN_POINT('',(-2.1175079750318,1.31344279695507,0.5));
#10643=CARTESIAN_POINT('',(-2.1175079750318,1.31344279695507,0.48));
#10644=CARTESIAN_POINT('',(-2.09456266393104,1.48470729995451,0.5));
#10645=CARTESIAN_POINT('',(-2.09456266393104,1.48470729995451,0.48));
#10646=CARTESIAN_POINT('',(-1.86911908700721,1.59171515454566,0.5));
#10647=CARTESIAN_POINT('',(-1.86911908700721,1.59171515454566,0.48));
#10648=CARTESIAN_POINT('',(-1.6707250868114,1.60788741953781,0.5));
#10649=CARTESIAN_POINT('',(-1.6707250868114,1.60788741953781,0.48));
#10650=CARTESIAN_POINT('',(-1.37111550677486,1.60132645084676,0.5));
#10651=CARTESIAN_POINT('',(-1.37111550677486,1.60132645084676,0.48));
#10652=CARTESIAN_POINT('',(-1.15677423508426,1.60307604249771,0.5));
#10653=CARTESIAN_POINT('',(-1.15677423508426,1.60307604249771,0.48));
#10654=CARTESIAN_POINT('',(-1.04643530019663,1.60307604249771,0.5));
#10655=CARTESIAN_POINT('',(-1.04643530019663,1.60307604249771,0.48));
#10656=CARTESIAN_POINT('',(-2.13376142075304,1.20431251854098,0.48));
#10657=CARTESIAN_POINT('',(-2.12835183806371,1.24063400231223,0.48));
#10658=CARTESIAN_POINT('',(-2.12294225537437,1.27695548608349,0.48));
#10659=CARTESIAN_POINT('',(-2.11753267268504,1.31327696985474,0.48));
#10660=CARTESIAN_POINT('',(-2.0971497100983,1.45013400436573,0.48));
#10661=CARTESIAN_POINT('',(-2.01552339911471,1.53816105022568,0.48));
#10662=CARTESIAN_POINT('',(-1.87410145166494,1.57989211668627,0.48));
#10663=CARTESIAN_POINT('',(-1.82064430515056,1.59566635664133,0.48));
#10664=CARTESIAN_POINT('',(-1.75122664486433,1.60307604249771,0.48));
#10665=CARTESIAN_POINT('',(-1.66312772678087,1.60307604249771,0.48));
#10666=CARTESIAN_POINT('',(-1.45756358458612,1.60307604249771,0.48));
#10667=CARTESIAN_POINT('',(-1.25199944239137,1.60307604249771,0.48));
#10668=CARTESIAN_POINT('',(-1.04643530019663,1.60307604249771,0.48));
#10669=CARTESIAN_POINT('',(-1.04643530019663,1.60307604249771,0.48));
#10670=CARTESIAN_POINT('',(-1.04643530019663,1.60307604249771,0.5));
#10671=CARTESIAN_POINT('',(-1.04643530019663,1.60307604249771,0.5));
#10672=CARTESIAN_POINT('',(-2.13376142075304,1.20431251854098,0.5));
#10673=CARTESIAN_POINT('',(-2.12835183806371,1.24063400231223,0.5));
#10674=CARTESIAN_POINT('',(-2.12294225537437,1.27695548608349,0.5));
#10675=CARTESIAN_POINT('',(-2.11753267268504,1.31327696985474,0.5));
#10676=CARTESIAN_POINT('',(-2.0971497100983,1.45013400436573,0.5));
#10677=CARTESIAN_POINT('',(-2.01552339911471,1.53816105022568,0.5));
#10678=CARTESIAN_POINT('',(-1.87410145166494,1.57989211668627,0.5));
#10679=CARTESIAN_POINT('',(-1.82064430515056,1.59566635664133,0.5));
#10680=CARTESIAN_POINT('',(-1.75122664486433,1.60307604249771,0.5));
#10681=CARTESIAN_POINT('',(-1.66312772678087,1.60307604249771,0.5));
#10682=CARTESIAN_POINT('',(-1.45756358458612,1.60307604249771,0.5));
#10683=CARTESIAN_POINT('',(-1.25199944239137,1.60307604249771,0.5));
#10684=CARTESIAN_POINT('',(-1.04643530019663,1.60307604249771,0.5));
#10685=CARTESIAN_POINT('',(-1.04643530019663,1.60307604249771,0.5));
#10686=CARTESIAN_POINT('',(-1.04643530019663,1.60307604249771,0.48));
#10687=CARTESIAN_POINT('',(-1.04643530019663,1.53506986011749,0.48));
#10688=CARTESIAN_POINT('',(-1.04643530019663,1.46706367773727,0.48));
#10689=CARTESIAN_POINT('',(-1.04643530019663,1.39905749535706,0.48));
#10690=CARTESIAN_POINT('',(-1.04643530019663,1.39905749535706,0.48));
#10691=CARTESIAN_POINT('',(-1.04643530019663,1.39905749535706,0.5));
#10692=CARTESIAN_POINT('',(-1.04643530019663,1.39905749535706,0.5));
#10693=CARTESIAN_POINT('',(-1.04643530019663,1.60307604249771,0.5));
#10694=CARTESIAN_POINT('',(-1.04643530019663,1.53506986011749,0.5));
#10695=CARTESIAN_POINT('',(-1.04643530019663,1.46706367773727,0.5));
#10696=CARTESIAN_POINT('',(-1.04643530019663,1.39905749535706,0.5));
#10697=CARTESIAN_POINT('',(-1.04643530019663,1.39905749535706,0.5));
#10698=CARTESIAN_POINT('',(-1.04643530019663,1.39905749535706,0.48));
#10699=CARTESIAN_POINT('',(-1.14522911187689,1.39905749535706,0.5));
#10700=CARTESIAN_POINT('',(-1.14522911187689,1.39905749535706,0.48));
#10701=CARTESIAN_POINT('',(-1.34585109234334,1.39881945615269,0.5));
#10702=CARTESIAN_POINT('',(-1.34585109234334,1.39881945615269,0.48));
#10703=CARTESIAN_POINT('',(-1.58145678239675,1.39971210316907,0.5));
#10704=CARTESIAN_POINT('',(-1.58145678239675,1.39971210316907,0.48));
#10705=CARTESIAN_POINT('',(-1.80180208405173,1.3979268091363,0.5));
#10706=CARTESIAN_POINT('',(-1.80180208405173,1.3979268091363,0.48));
#10707=CARTESIAN_POINT('',(-1.90449159057521,1.31895785202042,0.5));
#10708=CARTESIAN_POINT('',(-1.90449159057521,1.31895785202042,0.48));
#10709=CARTESIAN_POINT('',(-1.92758063025322,1.14369128436222,0.5));
#10710=CARTESIAN_POINT('',(-1.92758063025322,1.14369128436222,0.48));
#10711=CARTESIAN_POINT('',(-1.92002254141651,0.954966813541826,0.5));
#10712=CARTESIAN_POINT('',(-1.92002254141651,0.954966813541826,0.48));
#10713=CARTESIAN_POINT('',(-1.92370941401978,0.703658795297213,0.5));
#10714=CARTESIAN_POINT('',(-1.92370941401978,0.703658795297213,0.48));
#10715=CARTESIAN_POINT('',(-1.92223466497847,0.31021294419377,0.5));
#10716=CARTESIAN_POINT('',(-1.92223466497847,0.31021294419377,0.48));
#10717=CARTESIAN_POINT('',(-1.92278769586896,0.0131829857963981,0.5));
#10718=CARTESIAN_POINT('',(-1.92278769586896,0.0131829857963981,0.48));
#10719=CARTESIAN_POINT('',(-1.92278769586896,-0.184404637564119,0.5));
#10720=CARTESIAN_POINT('',(-1.92278769586896,-0.184404637564119,0.48));
#10721=CARTESIAN_POINT('',(-1.04643530019663,1.39905749535706,0.48));
#10722=CARTESIAN_POINT('',(-1.26281860777004,1.39905749535706,0.48));
#10723=CARTESIAN_POINT('',(-1.47920191534346,1.39905749535706,0.48));
#10724=CARTESIAN_POINT('',(-1.69558522291688,1.39905749535706,0.48));
#10725=CARTESIAN_POINT('',(-1.84628074069122,1.39905749535706,0.48));
#10726=CARTESIAN_POINT('',(-1.92278769586896,1.31791375501703,0.48));
#10727=CARTESIAN_POINT('',(-1.92278769586896,1.15562627433696,0.48));
#10728=CARTESIAN_POINT('',(-1.92278769586896,0.708949303703269,0.48));
#10729=CARTESIAN_POINT('',(-1.92278769586896,0.262272333069575,0.48));
#10730=CARTESIAN_POINT('',(-1.92278769586896,-0.184404637564119,0.48));
#10731=CARTESIAN_POINT('',(-1.92278769586896,-0.184404637564119,0.48));
#10732=CARTESIAN_POINT('',(-1.92278769586896,-0.184404637564119,0.5));
#10733=CARTESIAN_POINT('',(-1.92278769586896,-0.184404637564119,0.5));
#10734=CARTESIAN_POINT('',(-1.04643530019663,1.39905749535706,0.5));
#10735=CARTESIAN_POINT('',(-1.26281860777004,1.39905749535706,0.5));
#10736=CARTESIAN_POINT('',(-1.47920191534346,1.39905749535706,0.5));
#10737=CARTESIAN_POINT('',(-1.69558522291688,1.39905749535706,0.5));
#10738=CARTESIAN_POINT('',(-1.84628074069122,1.39905749535706,0.5));
#10739=CARTESIAN_POINT('',(-1.92278769586896,1.31791375501703,0.5));
#10740=CARTESIAN_POINT('',(-1.92278769586896,1.15562627433696,0.5));
#10741=CARTESIAN_POINT('',(-1.92278769586896,0.708949303703269,0.5));
#10742=CARTESIAN_POINT('',(-1.92278769586896,0.262272333069575,0.5));
#10743=CARTESIAN_POINT('',(-1.92278769586896,-0.184404637564119,0.5));
#10744=CARTESIAN_POINT('',(-1.92278769586896,-0.184404637564119,0.5));
#10745=CARTESIAN_POINT('',(-1.92278769586896,-0.184404637564119,0.48));
#10746=CARTESIAN_POINT('',(-1.90499759913142,-0.280471159946852,0.5));
#10747=CARTESIAN_POINT('',(-1.90499759913142,-0.280471159946852,0.48));
#10748=CARTESIAN_POINT('',(-1.80187834621432,-0.395405654542452,0.5));
#10749=CARTESIAN_POINT('',(-1.80187834621432,-0.395405654542452,0.48));
#10750=CARTESIAN_POINT('',(-1.4395535848373,-0.358267705893347,0.5));
#10751=CARTESIAN_POINT('',(-1.4395535848373,-0.358267705893347,0.48));
#10752=CARTESIAN_POINT('',(-1.20920147562957,-0.372194436636762,0.5));
#10753=CARTESIAN_POINT('',(-1.20920147562957,-0.372194436636762,0.48));
#10754=CARTESIAN_POINT('',(-1.04643530019663,-0.372194436636762,0.5));
#10755=CARTESIAN_POINT('',(-1.04643530019663,-0.372194436636762,0.48));
#10756=CARTESIAN_POINT('',(-1.92278769586896,-0.184404637564119,0.48));
#10757=CARTESIAN_POINT('',(-1.89960377005753,-0.309597836945881,0.48));
#10758=CARTESIAN_POINT('',(-1.82773360004207,-0.372194436636762,0.48));
#10759=CARTESIAN_POINT('',(-1.70485879324145,-0.372194436636762,0.48));
#10760=CARTESIAN_POINT('',(-1.48538429555984,-0.372194436636762,0.48));
#10761=CARTESIAN_POINT('',(-1.26590979787824,-0.372194436636762,0.48));
#10762=CARTESIAN_POINT('',(-1.04643530019663,-0.372194436636762,0.48));
#10763=CARTESIAN_POINT('',(-1.92278769586896,-0.184404637564119,0.5));
#10764=CARTESIAN_POINT('',(-1.89960377005753,-0.309597836945881,0.5));
#10765=CARTESIAN_POINT('',(-1.82773360004207,-0.372194436636762,0.5));
#10766=CARTESIAN_POINT('',(-1.70485879324145,-0.372194436636762,0.5));
#10767=CARTESIAN_POINT('',(-1.48538429555984,-0.372194436636762,0.5));
#10768=CARTESIAN_POINT('',(-1.26590979787824,-0.372194436636762,0.5));
#10769=CARTESIAN_POINT('',(-1.04643530019663,-0.372194436636762,0.5));
#10770=CARTESIAN_POINT('',(-2.13376142075304,-0.15775182478174,0.5));
#10771=CARTESIAN_POINT('',(-2.13376142075304,-0.15775182478174,0.48));
#10772=CARTESIAN_POINT('',(-0.42046930328782,1.60075764991656,0.5));
#10773=CARTESIAN_POINT('',(-0.42046930328782,1.60075764991656,0.48));
#10774=CARTESIAN_POINT('',(-0.29701384845539,1.60075764991656,0.5));
#10775=CARTESIAN_POINT('',(-0.29701384845539,1.60075764991656,0.48));
#10776=CARTESIAN_POINT('',(-0.0678395776103045,1.60740148790694,0.5));
#10777=CARTESIAN_POINT('',(-0.0678395776103045,1.60740148790694,0.48));
#10778=CARTESIAN_POINT('',(0.382341661575993,1.57750421695024,0.5));
#10779=CARTESIAN_POINT('',(0.382341661575993,1.57750421695024,0.48));
#10780=CARTESIAN_POINT('',(0.534060967337424,1.35163542795823,0.5));
#10781=CARTESIAN_POINT('',(0.534060967337424,1.35163542795823,0.48));
#10782=CARTESIAN_POINT('',(0.537564504227473,1.07689053410726,0.5));
#10783=CARTESIAN_POINT('',(0.537564504227473,1.07689053410726,0.48));
#10784=CARTESIAN_POINT('',(0.536367751527407,0.716031817673524,0.5));
#10785=CARTESIAN_POINT('',(0.536367751527407,0.716031817673524,0.48));
#10786=CARTESIAN_POINT('',(0.537304340597024,0.153041502877866,0.5));
#10787=CARTESIAN_POINT('',(0.537304340597024,0.153041502877866,0.48));
#10788=CARTESIAN_POINT('',(0.537026832724545,-0.338575644437126,0.5));
#10789=CARTESIAN_POINT('',(0.537026832724545,-0.338575644437126,0.48));
#10790=CARTESIAN_POINT('',(0.537026832724545,-0.585486554101986,0.5));
#10791=CARTESIAN_POINT('',(0.537026832724545,-0.585486554101986,0.48));
#10792=CARTESIAN_POINT('',(-0.42046930328782,1.60075764991656,0.48));
#10793=CARTESIAN_POINT('',(-0.271319380567572,1.60075764991656,0.48));
#10794=CARTESIAN_POINT('',(-0.122169457847325,1.60075764991656,0.48));
#10795=CARTESIAN_POINT('',(0.0269804648729225,1.60075764991656,0.48));
#10796=CARTESIAN_POINT('',(0.367784174301052,1.60075764991656,0.48));
#10797=CARTESIAN_POINT('',(0.537026832724545,1.45006213214222,0.48));
#10798=CARTESIAN_POINT('',(0.537026832724545,1.14635270401239,0.48));
#10799=CARTESIAN_POINT('',(0.537026832724545,0.569072951307596,0.48));
#10800=CARTESIAN_POINT('',(0.537026832724545,-0.00820680139719445,0.48));
#10801=CARTESIAN_POINT('',(0.537026832724545,-0.585486554101986,0.48));
#10802=CARTESIAN_POINT('',(-0.42046930328782,1.60075764991656,0.48));
#10803=CARTESIAN_POINT('',(0.537026832724545,-0.585486554101986,0.48));
#10804=CARTESIAN_POINT('',(0.537026832724545,-0.585486554101986,0.5));
#10805=CARTESIAN_POINT('',(0.537026832724545,-0.585486554101986,0.5));
#10806=CARTESIAN_POINT('',(-0.42046930328782,1.60075764991656,0.5));
#10807=CARTESIAN_POINT('',(-0.271319380567572,1.60075764991656,0.5));
#10808=CARTESIAN_POINT('',(-0.122169457847325,1.60075764991656,0.5));
#10809=CARTESIAN_POINT('',(0.0269804648729225,1.60075764991656,0.5));
#10810=CARTESIAN_POINT('',(0.367784174301052,1.60075764991656,0.5));
#10811=CARTESIAN_POINT('',(0.537026832724545,1.45006213214222,0.5));
#10812=CARTESIAN_POINT('',(0.537026832724545,1.14635270401239,0.5));
#10813=CARTESIAN_POINT('',(0.537026832724545,0.569072951307596,0.5));
#10814=CARTESIAN_POINT('',(0.537026832724545,-0.00820680139719445,0.5));
#10815=CARTESIAN_POINT('',(0.537026832724545,-0.585486554101986,0.5));
#10816=CARTESIAN_POINT('',(-0.42046930328782,1.60075764991656,0.5));
#10817=CARTESIAN_POINT('',(-0.42046930328782,1.60075764991656,0.5));
#10818=CARTESIAN_POINT('',(0.537026832724545,-0.585486554101986,0.5));
#10819=CARTESIAN_POINT('',(0.537026832724545,-0.585486554101986,0.48));
#10820=CARTESIAN_POINT('',(0.465929460236137,-0.585486554101986,0.48));
#10821=CARTESIAN_POINT('',(0.39483208774773,-0.585486554101986,0.48));
#10822=CARTESIAN_POINT('',(0.323734715259321,-0.585486554101986,0.48));
#10823=CARTESIAN_POINT('',(0.323734715259321,-0.585486554101986,0.48));
#10824=CARTESIAN_POINT('',(0.323734715259321,-0.585486554101986,0.5));
#10825=CARTESIAN_POINT('',(0.323734715259321,-0.585486554101986,0.5));
#10826=CARTESIAN_POINT('',(0.537026832724545,-0.585486554101986,0.5));
#10827=CARTESIAN_POINT('',(0.465929460236137,-0.585486554101986,0.5));
#10828=CARTESIAN_POINT('',(0.39483208774773,-0.585486554101986,0.5));
#10829=CARTESIAN_POINT('',(0.323734715259321,-0.585486554101986,0.5));
#10830=CARTESIAN_POINT('',(0.323734715259321,-0.585486554101986,0.5));
#10831=CARTESIAN_POINT('',(0.323734715259321,-0.585486554101986,0.48));
#10832=CARTESIAN_POINT('',(0.323734715259321,-0.368946652991777,0.5));
#10833=CARTESIAN_POINT('',(0.323734715259321,-0.368946652991777,0.48));
#10834=CARTESIAN_POINT('',(0.323130345957311,-0.0438927414516908,0.5));
#10835=CARTESIAN_POINT('',(0.323130345957311,-0.0438927414516908,0.48));
#10836=CARTESIAN_POINT('',(0.324741997429339,0.388536234436001,0.5));
#10837=CARTESIAN_POINT('',(0.324741997429339,0.388536234436001,0.48));
#10838=CARTESIAN_POINT('',(0.319907043013255,0.7152985650995,0.5));
#10839=CARTESIAN_POINT('',(0.319907043013255,0.7152985650995,0.48));
#10840=CARTESIAN_POINT('',(0.338038122073568,1.03278662052161,0.5));
#10841=CARTESIAN_POINT('',(0.338038122073568,1.03278662052161,0.48));
#10842=CARTESIAN_POINT('',(0.2703487602484,1.38493117816154,0.5));
#10843=CARTESIAN_POINT('',(0.2703487602484,1.38493117816154,0.48));
#10844=CARTESIAN_POINT('',(-0.107430411681245,1.40309358598435,0.5));
#10845=CARTESIAN_POINT('',(-0.107430411681245,1.40309358598435,0.48));
#10846=CARTESIAN_POINT('',(-0.312199352732715,1.39905749535706,0.5));
#10847=CARTESIAN_POINT('',(-0.312199352732715,1.39905749535706,0.48));
#10848=CARTESIAN_POINT('',(-0.42046930328782,1.39905749535706,0.5));
#10849=CARTESIAN_POINT('',(-0.42046930328782,1.39905749535706,0.48));
#10850=CARTESIAN_POINT('',(0.323734715259321,-0.585486554101986,0.48));
#10851=CARTESIAN_POINT('',(0.323734715259321,-0.0383459049520633,0.48));
#10852=CARTESIAN_POINT('',(0.323734715259321,0.50879474419786,0.48));
#10853=CARTESIAN_POINT('',(0.323734715259321,1.05593539334778,0.48));
#10854=CARTESIAN_POINT('',(0.323734715259321,1.28313786629987,0.48));
#10855=CARTESIAN_POINT('',(0.207815086202134,1.39905749535706,0.48));
#10856=CARTESIAN_POINT('',(-0.0217057793310965,1.39905749535706,0.48));
#10857=CARTESIAN_POINT('',(-0.154626953983337,1.39905749535706,0.48));
#10858=CARTESIAN_POINT('',(-0.287548128635579,1.39905749535706,0.48));
#10859=CARTESIAN_POINT('',(-0.42046930328782,1.39905749535706,0.48));
#10860=CARTESIAN_POINT('',(-0.42046930328782,1.39905749535706,0.48));
#10861=CARTESIAN_POINT('',(-0.42046930328782,1.39905749535706,0.5));
#10862=CARTESIAN_POINT('',(-0.42046930328782,1.39905749535706,0.5));
#10863=CARTESIAN_POINT('',(0.323734715259321,-0.585486554101986,0.5));
#10864=CARTESIAN_POINT('',(0.323734715259321,-0.0383459049520633,0.5));
#10865=CARTESIAN_POINT('',(0.323734715259321,0.50879474419786,0.5));
#10866=CARTESIAN_POINT('',(0.323734715259321,1.05593539334778,0.5));
#10867=CARTESIAN_POINT('',(0.323734715259321,1.28313786629987,0.5));
#10868=CARTESIAN_POINT('',(0.207815086202134,1.39905749535706,0.5));
#10869=CARTESIAN_POINT('',(-0.0217057793310965,1.39905749535706,0.5));
#10870=CARTESIAN_POINT('',(-0.154626953983337,1.39905749535706,0.5));
#10871=CARTESIAN_POINT('',(-0.287548128635579,1.39905749535706,0.5));
#10872=CARTESIAN_POINT('',(-0.42046930328782,1.39905749535706,0.5));
#10873=CARTESIAN_POINT('',(-0.42046930328782,1.39905749535706,0.5));
#10874=CARTESIAN_POINT('',(-0.42046930328782,1.39905749535706,0.48));
#10875=CARTESIAN_POINT('',(-0.42046930328782,0.737542812204042,0.48));
#10876=CARTESIAN_POINT('',(-0.42046930328782,0.0760281290510282,0.48));
#10877=CARTESIAN_POINT('',(-0.42046930328782,-0.585486554101986,0.48));
#10878=CARTESIAN_POINT('',(-0.42046930328782,-0.585486554101986,0.48));
#10879=CARTESIAN_POINT('',(-0.42046930328782,-0.585486554101986,0.5));
#10880=CARTESIAN_POINT('',(-0.42046930328782,-0.585486554101986,0.5));
#10881=CARTESIAN_POINT('',(-0.42046930328782,1.39905749535706,0.5));
#10882=CARTESIAN_POINT('',(-0.42046930328782,0.737542812204042,0.5));
#10883=CARTESIAN_POINT('',(-0.42046930328782,0.0760281290510282,0.5));
#10884=CARTESIAN_POINT('',(-0.42046930328782,-0.585486554101986,0.5));
#10885=CARTESIAN_POINT('',(-0.42046930328782,-0.585486554101986,0.5));
#10886=CARTESIAN_POINT('',(-0.42046930328782,-0.585486554101986,0.48));
#10887=CARTESIAN_POINT('',(-0.492339473303276,-0.585486554101986,0.48));
#10888=CARTESIAN_POINT('',(-0.564209643318732,-0.585486554101986,0.48));
#10889=CARTESIAN_POINT('',(-0.636079813334188,-0.585486554101986,0.48));
#10890=CARTESIAN_POINT('',(-0.636079813334188,-0.585486554101986,0.48));
#10891=CARTESIAN_POINT('',(-0.636079813334188,-0.585486554101986,0.5));
#10892=CARTESIAN_POINT('',(-0.636079813334188,-0.585486554101986,0.5));
#10893=CARTESIAN_POINT('',(-0.42046930328782,-0.585486554101986,0.5));
#10894=CARTESIAN_POINT('',(-0.492339473303276,-0.585486554101986,0.5));
#10895=CARTESIAN_POINT('',(-0.564209643318732,-0.585486554101986,0.5));
#10896=CARTESIAN_POINT('',(-0.636079813334188,-0.585486554101986,0.5));
#10897=CARTESIAN_POINT('',(-0.636079813334188,-0.585486554101986,0.5));
#10898=CARTESIAN_POINT('',(-0.636079813334188,-0.585486554101986,0.48));
#10899=CARTESIAN_POINT('',(-0.636079813334188,0.412967850843918,0.48));
#10900=CARTESIAN_POINT('',(-0.636079813334188,1.41142225578982,0.48));
#10901=CARTESIAN_POINT('',(-0.636079813334188,2.40987666073573,0.48));
#10902=CARTESIAN_POINT('',(-0.636079813334188,2.40987666073573,0.48));
#10903=CARTESIAN_POINT('',(-0.636079813334188,2.40987666073573,0.5));
#10904=CARTESIAN_POINT('',(-0.636079813334188,2.40987666073573,0.5));
#10905=CARTESIAN_POINT('',(-0.636079813334188,-0.585486554101986,0.5));
#10906=CARTESIAN_POINT('',(-0.636079813334188,0.412967850843918,0.5));
#10907=CARTESIAN_POINT('',(-0.636079813334188,1.41142225578982,0.5));
#10908=CARTESIAN_POINT('',(-0.636079813334188,2.40987666073573,0.5));
#10909=CARTESIAN_POINT('',(-0.636079813334188,2.40987666073573,0.5));
#10910=CARTESIAN_POINT('',(-0.636079813334188,2.40987666073573,0.48));
#10911=CARTESIAN_POINT('',(-0.564209643318732,2.41064945826278,0.48));
#10912=CARTESIAN_POINT('',(-0.492339473303276,2.41142225578982,0.48));
#10913=CARTESIAN_POINT('',(-0.42046930328782,2.41219505331687,0.48));
#10914=CARTESIAN_POINT('',(-0.42046930328782,2.41219505331687,0.48));
#10915=CARTESIAN_POINT('',(-0.42046930328782,2.41219505331687,0.5));
#10916=CARTESIAN_POINT('',(-0.42046930328782,2.41219505331687,0.5));
#10917=CARTESIAN_POINT('',(-0.636079813334188,2.40987666073573,0.5));
#10918=CARTESIAN_POINT('',(-0.564209643318732,2.41064945826278,0.5));
#10919=CARTESIAN_POINT('',(-0.492339473303276,2.41142225578982,0.5));
#10920=CARTESIAN_POINT('',(-0.42046930328782,2.41219505331687,0.5));
#10921=CARTESIAN_POINT('',(-0.42046930328782,2.41219505331687,0.5));
#10922=CARTESIAN_POINT('',(-0.42046930328782,2.41219505331687,0.48));
#10923=CARTESIAN_POINT('',(-0.42046930328782,2.1417159188501,0.48));
#10924=CARTESIAN_POINT('',(-0.420469303287819,1.87123678438333,0.48));
#10925=CARTESIAN_POINT('',(-0.42046930328782,1.60075764991656,0.48));
#10926=CARTESIAN_POINT('',(-0.42046930328782,2.41219505331687,0.5));
#10927=CARTESIAN_POINT('',(-0.42046930328782,2.1417159188501,0.5));
#10928=CARTESIAN_POINT('',(-0.420469303287819,1.87123678438333,0.5));
#10929=CARTESIAN_POINT('',(-0.42046930328782,1.60075764991656,0.5));
#10930=CARTESIAN_POINT('',(0.537026832724545,0.895978903887173,0.5));
#10931=CARTESIAN_POINT('',(0.537026832724545,0.895978903887173,0.48));
#10932=CARTESIAN_POINT('',(2.45665588991156,-0.367557651474474,0.5));
#10933=CARTESIAN_POINT('',(2.45665588991156,-0.367557651474474,0.48));
#10934=CARTESIAN_POINT('',(2.45665588991156,-0.438655023962882,0.48));
#10935=CARTESIAN_POINT('',(2.45665588991156,-0.50975239645129,0.48));
#10936=CARTESIAN_POINT('',(2.45665588991156,-0.580849768939698,0.48));
#10937=CARTESIAN_POINT('',(2.45665588991156,-0.367557651474474,0.48));
#10938=CARTESIAN_POINT('',(2.45665588991156,-0.580849768939698,0.48));
#10939=CARTESIAN_POINT('',(2.45665588991156,-0.580849768939698,0.5));
#10940=CARTESIAN_POINT('',(2.45665588991156,-0.580849768939698,0.5));
#10941=CARTESIAN_POINT('',(2.45665588991156,-0.367557651474474,0.5));
#10942=CARTESIAN_POINT('',(2.45665588991156,-0.438655023962882,0.5));
#10943=CARTESIAN_POINT('',(2.45665588991156,-0.50975239645129,0.5));
#10944=CARTESIAN_POINT('',(2.45665588991156,-0.580849768939698,0.5));
#10945=CARTESIAN_POINT('',(2.45665588991156,-0.367557651474474,0.5));
#10946=CARTESIAN_POINT('',(2.45665588991156,-0.367557651474474,0.5));
#10947=CARTESIAN_POINT('',(2.45665588991156,-0.580849768939698,0.5));
#10948=CARTESIAN_POINT('',(2.45665588991156,-0.580849768939698,0.48));
#10949=CARTESIAN_POINT('',(2.31082819096405,-0.580849768939698,0.5));
#10950=CARTESIAN_POINT('',(2.31082819096405,-0.580849768939698,0.48));
#10951=CARTESIAN_POINT('',(2.17851052588744,-0.57120925504945,0.5));
#10952=CARTESIAN_POINT('',(2.17851052588744,-0.57120925504945,0.48));
#10953=CARTESIAN_POINT('',(2.08107629176628,-0.418562288259637,0.5));
#10954=CARTESIAN_POINT('',(2.08107629176628,-0.418562288259637,0.48));
#10955=CARTESIAN_POINT('',(2.45665588991156,-0.580849768939698,0.48));
#10956=CARTESIAN_POINT('',(2.41492482345097,-0.580849768939698,0.48));
#10957=CARTESIAN_POINT('',(2.37319375699039,-0.580849768939698,0.48));
#10958=CARTESIAN_POINT('',(2.3314626905298,-0.580849768939698,0.48));
#10959=CARTESIAN_POINT('',(2.23409020212176,-0.580849768939698,0.48));
#10960=CARTESIAN_POINT('',(2.15062806920059,-0.527526739573392,0.48));
#10961=CARTESIAN_POINT('',(2.08107629176628,-0.418562288259637,0.48));
#10962=CARTESIAN_POINT('',(2.08107629176628,-0.418562288259637,0.48));
#10963=CARTESIAN_POINT('',(2.08107629176628,-0.418562288259637,0.5));
#10964=CARTESIAN_POINT('',(2.08107629176628,-0.418562288259637,0.5));
#10965=CARTESIAN_POINT('',(2.45665588991156,-0.580849768939698,0.5));
#10966=CARTESIAN_POINT('',(2.41492482345097,-0.580849768939698,0.5));
#10967=CARTESIAN_POINT('',(2.37319375699039,-0.580849768939698,0.5));
#10968=CARTESIAN_POINT('',(2.3314626905298,-0.580849768939698,0.5));
#10969=CARTESIAN_POINT('',(2.23409020212176,-0.580849768939698,0.5));
#10970=CARTESIAN_POINT('',(2.15062806920059,-0.527526739573392,0.5));
#10971=CARTESIAN_POINT('',(2.08107629176628,-0.418562288259637,0.5));
#10972=CARTESIAN_POINT('',(2.08107629176628,-0.418562288259637,0.5));
#10973=CARTESIAN_POINT('',(2.08107629176628,-0.418562288259637,0.48));
#10974=CARTESIAN_POINT('',(2.02247336909145,-0.487420722402562,0.5));
#10975=CARTESIAN_POINT('',(2.02247336909145,-0.487420722402562,0.48));
#10976=CARTESIAN_POINT('',(1.88040440955207,-0.584851719652823,0.5));
#10977=CARTESIAN_POINT('',(1.88040440955207,-0.584851719652823,0.48));
#10978=CARTESIAN_POINT('',(1.59632487681051,-0.576264955441603,0.5));
#10979=CARTESIAN_POINT('',(1.59632487681051,-0.576264955441603,0.48));
#10980=CARTESIAN_POINT('',(1.33186979803981,-0.595187072218951,0.5));
#10981=CARTESIAN_POINT('',(1.33186979803981,-0.595187072218951,0.48));
#10982=CARTESIAN_POINT('',(1.0679841590287,-0.526040623363608,0.5));
#10983=CARTESIAN_POINT('',(1.0679841590287,-0.526040623363608,0.48));
#10984=CARTESIAN_POINT('',(0.983862193102242,-0.332919249985947,0.5));
#10985=CARTESIAN_POINT('',(0.983862193102242,-0.332919249985947,0.48));
#10986=CARTESIAN_POINT('',(0.981842850746351,-0.119665979019718,0.5));
#10987=CARTESIAN_POINT('',(0.981842850746351,-0.119665979019718,0.48));
#10988=CARTESIAN_POINT('',(0.982598127906023,0.13258766297174,0.5));
#10989=CARTESIAN_POINT('',(0.982598127906023,0.13258766297174,0.48));
#10990=CARTESIAN_POINT('',(0.981299448820791,0.447877109948189,0.5));
#10991=CARTESIAN_POINT('',(0.981299448820791,0.447877109948189,0.48));
#10992=CARTESIAN_POINT('',(0.98350467610364,0.803856349282878,0.5));
#10993=CARTESIAN_POINT('',(0.98350467610364,0.803856349282878,0.48));
#10994=CARTESIAN_POINT('',(0.9770797897688,1.05510432174628,0.5));
#10995=CARTESIAN_POINT('',(0.9770797897688,1.05510432174628,0.48));
#10996=CARTESIAN_POINT('',(1.00112541464602,1.37147390096504,0.5));
#10997=CARTESIAN_POINT('',(1.00112541464602,1.37147390096504,0.48));
#10998=CARTESIAN_POINT('',(1.1424789566184,1.55152662265571,0.5));
#10999=CARTESIAN_POINT('',(1.1424789566184,1.55152662265571,0.48));
#11000=CARTESIAN_POINT('',(1.40951119632735,1.62260610387239,0.5));
#11001=CARTESIAN_POINT('',(1.40951119632735,1.62260610387239,0.48));
#11002=CARTESIAN_POINT('',(1.77774178880976,1.60248629006238,0.5));
#11003=CARTESIAN_POINT('',(1.77774178880976,1.60248629006238,0.48));
#11004=CARTESIAN_POINT('',(2.0367417912722,1.61003122024114,0.5));
#11005=CARTESIAN_POINT('',(2.0367417912722,1.61003122024114,0.48));
#11006=CARTESIAN_POINT('',(2.21322466889147,1.61003122024114,0.5));
#11007=CARTESIAN_POINT('',(2.21322466889147,1.61003122024114,0.48));
#11008=CARTESIAN_POINT('',(2.08107629176628,-0.418562288259637,0.48));
#11009=CARTESIAN_POINT('',(1.98834058852053,-0.527526739573392,0.48));
#11010=CARTESIAN_POINT('',(1.86546578171991,-0.580849768939698,0.48));
#11011=CARTESIAN_POINT('',(1.71013347878328,-0.580849768939698,0.48));
#11012=CARTESIAN_POINT('',(1.5911226596179,-0.580849768939698,0.48));
#11013=CARTESIAN_POINT('',(1.47211184045252,-0.580849768939698,0.48));
#11014=CARTESIAN_POINT('',(1.35310102128714,-0.580849768939698,0.48));
#11015=CARTESIAN_POINT('',(1.10503301510476,-0.580849768939698,0.48));
#11016=CARTESIAN_POINT('',(0.982158208304143,-0.444064606652218,0.48));
#11017=CARTESIAN_POINT('',(0.982158208304143,-0.1728126746584,0.48));
#11018=CARTESIAN_POINT('',(0.982158208304143,0.252998762745,0.48));
#11019=CARTESIAN_POINT('',(0.982158208304144,0.678810200148401,0.48));
#11020=CARTESIAN_POINT('',(0.982158208304143,1.1046216375518,0.48));
#11021=CARTESIAN_POINT('',(0.982158208304143,1.44078856181764,0.48));
#11022=CARTESIAN_POINT('',(1.14444568898421,1.61003122024114,0.48));
#11023=CARTESIAN_POINT('',(1.46670225776318,1.61003122024114,0.48));
#11024=CARTESIAN_POINT('',(1.71554306147261,1.61003122024114,0.48));
#11025=CARTESIAN_POINT('',(1.96438386518204,1.61003122024114,0.48));
#11026=CARTESIAN_POINT('',(2.21322466889147,1.61003122024114,0.48));
#11027=CARTESIAN_POINT('',(2.21322466889147,1.61003122024114,0.48));
#11028=CARTESIAN_POINT('',(2.21322466889147,1.61003122024114,0.5));
#11029=CARTESIAN_POINT('',(2.21322466889147,1.61003122024114,0.5));
#11030=CARTESIAN_POINT('',(2.08107629176628,-0.418562288259637,0.5));
#11031=CARTESIAN_POINT('',(1.98834058852053,-0.527526739573392,0.5));
#11032=CARTESIAN_POINT('',(1.86546578171991,-0.580849768939698,0.5));
#11033=CARTESIAN_POINT('',(1.71013347878328,-0.580849768939698,0.5));
#11034=CARTESIAN_POINT('',(1.5911226596179,-0.580849768939698,0.5));
#11035=CARTESIAN_POINT('',(1.47211184045252,-0.580849768939698,0.5));
#11036=CARTESIAN_POINT('',(1.35310102128714,-0.580849768939698,0.5));
#11037=CARTESIAN_POINT('',(1.10503301510476,-0.580849768939698,0.5));
#11038=CARTESIAN_POINT('',(0.982158208304143,-0.444064606652218,0.5));
#11039=CARTESIAN_POINT('',(0.982158208304143,-0.1728126746584,0.5));
#11040=CARTESIAN_POINT('',(0.982158208304143,0.252998762745,0.5));
#11041=CARTESIAN_POINT('',(0.982158208304144,0.678810200148401,0.5));
#11042=CARTESIAN_POINT('',(0.982158208304143,1.1046216375518,0.5));
#11043=CARTESIAN_POINT('',(0.982158208304143,1.44078856181764,0.5));
#11044=CARTESIAN_POINT('',(1.14444568898421,1.61003122024114,0.5));
#11045=CARTESIAN_POINT('',(1.46670225776318,1.61003122024114,0.5));
#11046=CARTESIAN_POINT('',(1.71554306147261,1.61003122024114,0.5));
#11047=CARTESIAN_POINT('',(1.96438386518204,1.61003122024114,0.5));
#11048=CARTESIAN_POINT('',(2.21322466889147,1.61003122024114,0.5));
#11049=CARTESIAN_POINT('',(1.99993255142625,-0.0592114381823567,0.5));
#11050=CARTESIAN_POINT('',(1.99993255142625,-0.0592114381823567,0.48));
#11051=CARTESIAN_POINT('',(1.99993255142625,0.427651003857829,0.48));
#11052=CARTESIAN_POINT('',(1.99993255142625,0.914513445898014,0.48));
#11053=CARTESIAN_POINT('',(1.99993255142625,1.4013758879382,0.48));
#11054=CARTESIAN_POINT('',(1.99993255142625,-0.0592114381823567,0.48));
#11055=CARTESIAN_POINT('',(1.99993255142625,1.4013758879382,0.48));
#11056=CARTESIAN_POINT('',(1.99993255142625,1.4013758879382,0.5));
#11057=CARTESIAN_POINT('',(1.99993255142625,1.4013758879382,0.5));
#11058=CARTESIAN_POINT('',(1.99993255142625,-0.0592114381823567,0.5));
#11059=CARTESIAN_POINT('',(1.99993255142625,0.427651003857829,0.5));
#11060=CARTESIAN_POINT('',(1.99993255142625,0.914513445898014,0.5));
#11061=CARTESIAN_POINT('',(1.99993255142625,1.4013758879382,0.5));
#11062=CARTESIAN_POINT('',(1.99993255142625,-0.0592114381823567,0.5));
#11063=CARTESIAN_POINT('',(1.99993255142625,-0.0592114381823567,0.5));
#11064=CARTESIAN_POINT('',(1.99993255142625,1.4013758879382,0.5));
#11065=CARTESIAN_POINT('',(1.99993255142625,1.4013758879382,0.48));
#11066=CARTESIAN_POINT('',(1.85852870991753,1.4013758879382,0.5));
#11067=CARTESIAN_POINT('',(1.85852870991753,1.4013758879382,0.48));
#11068=CARTESIAN_POINT('',(1.65863644583984,1.39562026783556,0.5));
#11069=CARTESIAN_POINT('',(1.65863644583984,1.39562026783556,0.48));
#11070=CARTESIAN_POINT('',(1.34325943432802,1.41096858810927,0.5));
#11071=CARTESIAN_POINT('',(1.34325943432802,1.41096858810927,0.48));
#11072=CARTESIAN_POINT('',(1.19487319216513,1.28924745975594,0.5));
#11073=CARTESIAN_POINT('',(1.19487319216513,1.28924745975594,0.48));
#11074=CARTESIAN_POINT('',(1.19258687303791,1.03558097868879,0.5));
#11075=CARTESIAN_POINT('',(1.19258687303791,1.03558097868879,0.48));
#11076=CARTESIAN_POINT('',(1.19389892873744,0.766813846684632,0.5));
#11077=CARTESIAN_POINT('',(1.19389892873744,0.766813846684632,0.48));
#11078=CARTESIAN_POINT('',(1.18895427399681,0.403126562940126,0.5));
#11079=CARTESIAN_POINT('',(1.18895427399681,0.403126562940126,0.48));
#11080=CARTESIAN_POINT('',(1.20489791521326,0.0635342007127879,0.5));
#11081=CARTESIAN_POINT('',(1.20489791521326,0.0635342007127879,0.48));
#11082=CARTESIAN_POINT('',(1.17278869738144,-0.24378480571884,0.5));
#11083=CARTESIAN_POINT('',(1.17278869738144,-0.24378480571884,0.48));
#11084=CARTESIAN_POINT('',(1.27240991581431,-0.370431558127233,0.5));
#11085=CARTESIAN_POINT('',(1.27240991581431,-0.370431558127233,0.48));
#11086=CARTESIAN_POINT('',(1.44939733841426,-0.37269226816568,0.5));
#11087=CARTESIAN_POINT('',(1.44939733841426,-0.37269226816568,0.48));
#11088=CARTESIAN_POINT('',(1.54725670937872,-0.371400811521003,0.5));
#11089=CARTESIAN_POINT('',(1.54725670937872,-0.371400811521003,0.48));
#11090=CARTESIAN_POINT('',(1.65939594536013,-0.374871105570877,0.5));
#11091=CARTESIAN_POINT('',(1.65939594536013,-0.374871105570877,0.48));
#11092=CARTESIAN_POINT('',(1.92065143571531,-0.34369873079316,0.5));
#11093=CARTESIAN_POINT('',(1.92065143571531,-0.34369873079316,0.48));
#11094=CARTESIAN_POINT('',(1.99993255142625,-0.219467816181105,0.5));
#11095=CARTESIAN_POINT('',(1.99993255142625,-0.219467816181105,0.48));
#11096=CARTESIAN_POINT('',(1.99993255142625,-0.0592114381823567,0.5));
#11097=CARTESIAN_POINT('',(1.99993255142625,-0.0592114381823567,0.48));
#11098=CARTESIAN_POINT('',(1.99993255142625,1.4013758879382,0.48));
#11099=CARTESIAN_POINT('',(1.81909793009703,1.4013758879382,0.48));
#11100=CARTESIAN_POINT('',(1.63826330876782,1.4013758879382,0.48));
#11101=CARTESIAN_POINT('',(1.45742868743861,1.4013758879382,0.48));
#11102=CARTESIAN_POINT('',(1.28123085127168,1.4013758879382,0.48));
#11103=CARTESIAN_POINT('',(1.19313193318822,1.30632179211131,0.48));
#11104=CARTESIAN_POINT('',(1.19313193318822,1.11621360045752,0.48));
#11105=CARTESIAN_POINT('',(1.19313193318822,0.681901390256592,0.48));
#11106=CARTESIAN_POINT('',(1.19313193318822,0.247589180055664,0.48));
#11107=CARTESIAN_POINT('',(1.19313193318822,-0.186723030145263,0.48));
#11108=CARTESIAN_POINT('',(1.19313193318822,-0.309597836945881,0.48));
#11109=CARTESIAN_POINT('',(1.26732049578482,-0.372194436636762,0.48));
#11110=CARTESIAN_POINT('',(1.41106083581574,-0.372194436636762,0.48));
#11111=CARTESIAN_POINT('',(1.48524939841234,-0.372194436636762,0.48));
#11112=CARTESIAN_POINT('',(1.55943796100894,-0.372194436636762,0.48));
#11113=CARTESIAN_POINT('',(1.63362652360553,-0.372194436636762,0.48));
#11114=CARTESIAN_POINT('',(1.87937613720677,-0.372194436636762,0.48));
#11115=CARTESIAN_POINT('',(1.99993255142625,-0.267866770485294,0.48));
#11116=CARTESIAN_POINT('',(1.99993255142625,-0.0592114381823567,0.48));
#11117=CARTESIAN_POINT('',(1.99993255142625,1.4013758879382,0.5));
#11118=CARTESIAN_POINT('',(1.81909793009703,1.4013758879382,0.5));
#11119=CARTESIAN_POINT('',(1.63826330876782,1.4013758879382,0.5));
#11120=CARTESIAN_POINT('',(1.45742868743861,1.4013758879382,0.5));
#11121=CARTESIAN_POINT('',(1.28123085127168,1.4013758879382,0.5));
#11122=CARTESIAN_POINT('',(1.19313193318822,1.30632179211131,0.5));
#11123=CARTESIAN_POINT('',(1.19313193318822,1.11621360045752,0.5));
#11124=CARTESIAN_POINT('',(1.19313193318822,0.681901390256592,0.5));
#11125=CARTESIAN_POINT('',(1.19313193318822,0.247589180055664,0.5));
#11126=CARTESIAN_POINT('',(1.19313193318822,-0.186723030145263,0.5));
#11127=CARTESIAN_POINT('',(1.19313193318822,-0.309597836945881,0.5));
#11128=CARTESIAN_POINT('',(1.26732049578482,-0.372194436636762,0.5));
#11129=CARTESIAN_POINT('',(1.41106083581574,-0.372194436636762,0.5));
#11130=CARTESIAN_POINT('',(1.48524939841234,-0.372194436636762,0.5));
#11131=CARTESIAN_POINT('',(1.55943796100894,-0.372194436636762,0.5));
#11132=CARTESIAN_POINT('',(1.63362652360553,-0.372194436636762,0.5));
#11133=CARTESIAN_POINT('',(1.87937613720677,-0.372194436636762,0.5));
#11134=CARTESIAN_POINT('',(1.99993255142625,-0.267866770485294,0.5));
#11135=CARTESIAN_POINT('',(1.99993255142625,-0.0592114381823567,0.5));
#11136=CARTESIAN_POINT('',(2.21322466889147,1.61003122024114,0.5));
#11137=CARTESIAN_POINT('',(2.21322466889147,1.61003122024114,0.48));
#11138=CARTESIAN_POINT('',(2.21322466889147,1.43382030303143,0.5));
#11139=CARTESIAN_POINT('',(2.21322466889147,1.43382030303143,0.48));
#11140=CARTESIAN_POINT('',(2.21346419687817,1.08045729491658,0.5));
#11141=CARTESIAN_POINT('',(2.21346419687817,1.08045729491658,0.48));
#11142=CARTESIAN_POINT('',(2.21256596692803,0.643459403250195,0.5));
#11143=CARTESIAN_POINT('',(2.21256596692803,0.643459403250195,0.48));
#11144=CARTESIAN_POINT('',(2.21436242682832,0.283978766114989,0.5));
#11145=CARTESIAN_POINT('',(2.21436242682832,0.283978766114989,0.48));
#11146=CARTESIAN_POINT('',(2.20888322413244,0.0411917385836049,0.5));
#11147=CARTESIAN_POINT('',(2.20888322413244,0.0411917385836049,0.48));
#11148=CARTESIAN_POINT('',(2.22945268999073,-0.303947928326819,0.5));
#11149=CARTESIAN_POINT('',(2.22945268999073,-0.303947928326819,0.48));
#11150=CARTESIAN_POINT('',(2.36554270142454,-0.367557651474474,0.5));
#11151=CARTESIAN_POINT('',(2.36554270142454,-0.367557651474474,0.48));
#11152=CARTESIAN_POINT('',(2.45665588991156,-0.367557651474474,0.5));
#11153=CARTESIAN_POINT('',(2.45665588991156,-0.367557651474474,0.48));
#11154=CARTESIAN_POINT('',(2.21322466889147,1.61003122024114,0.48));
#11155=CARTESIAN_POINT('',(2.21322466889147,1.06211777356417,0.48));
#11156=CARTESIAN_POINT('',(2.21322466889147,0.514204326887195,0.48));
#11157=CARTESIAN_POINT('',(2.21322466889147,-0.033709119789776,0.48));
#11158=CARTESIAN_POINT('',(2.21322466889147,-0.256274807579575,0.48));
#11159=CARTESIAN_POINT('',(2.2943684092315,-0.367557651474474,0.48));
#11160=CARTESIAN_POINT('',(2.45665588991156,-0.367557651474474,0.48));
#11161=CARTESIAN_POINT('',(2.21322466889147,1.61003122024114,0.5));
#11162=CARTESIAN_POINT('',(2.21322466889147,1.06211777356417,0.5));
#11163=CARTESIAN_POINT('',(2.21322466889147,0.514204326887195,0.5));
#11164=CARTESIAN_POINT('',(2.21322466889147,-0.033709119789776,0.5));
#11165=CARTESIAN_POINT('',(2.21322466889147,-0.256274807579575,0.5));
#11166=CARTESIAN_POINT('',(2.2943684092315,-0.367557651474474,0.5));
#11167=CARTESIAN_POINT('',(2.45665588991156,-0.367557651474474,0.5));
#11168=CARTESIAN_POINT('',(2.24770180693557,-0.566432804878893,0.5));
#11169=CARTESIAN_POINT('',(2.24770180693557,-0.566432804878893,0.48));
#11170=CARTESIAN_POINT('',(4.02157088218359,-0.585486554101986,0.5));
#11171=CARTESIAN_POINT('',(4.02157088218359,-0.585486554101986,0.48));
#11172=CARTESIAN_POINT('',(3.91465794034696,-0.585486554101986,0.5));
#11173=CARTESIAN_POINT('',(3.91465794034696,-0.585486554101986,0.48));
#11174=CARTESIAN_POINT('',(3.69872814549955,-0.585545816897127,0.5));
#11175=CARTESIAN_POINT('',(3.69872814549955,-0.585545816897127,0.48));
#11176=CARTESIAN_POINT('',(3.38745692027339,-0.585279134318993,0.5));
#11177=CARTESIAN_POINT('',(3.38745692027339,-0.585279134318993,0.48));
#11178=CARTESIAN_POINT('',(3.03200356038988,-0.586256970438815,0.5));
#11179=CARTESIAN_POINT('',(3.03200356038988,-0.586256970438815,0.48));
#11180=CARTESIAN_POINT('',(2.82140205415876,-0.334906346078013,0.5));
#11181=CARTESIAN_POINT('',(2.82140205415876,-0.334906346078013,0.48));
#11182=CARTESIAN_POINT('',(2.79707503848444,-0.00209248389443811,0.5));
#11183=CARTESIAN_POINT('',(2.79707503848444,-0.00209248389443811,0.48));
#11184=CARTESIAN_POINT('',(2.80287609891537,0.315302139815227,0.5));
#11185=CARTESIAN_POINT('',(2.80287609891537,0.315302139815227,0.48));
#11186=CARTESIAN_POINT('',(2.80399887286599,0.637412619897628,0.5));
#11187=CARTESIAN_POINT('',(2.80399887286599,0.637412619897628,0.48));
#11188=CARTESIAN_POINT('',(2.79370671663257,0.956078912963001,0.5));
#11189=CARTESIAN_POINT('',(2.79370671663257,0.956078912963001,0.48));
#11190=CARTESIAN_POINT('',(2.8337525676156,1.28380609772372,0.5));
#11191=CARTESIAN_POINT('',(2.8337525676156,1.28380609772372,0.48));
#11192=CARTESIAN_POINT('',(3.12886164133498,1.61725476524466,0.5));
#11193=CARTESIAN_POINT('',(3.12886164133498,1.61725476524466,0.48));
#11194=CARTESIAN_POINT('',(3.61197259380279,1.66271365710224,0.5));
#11195=CARTESIAN_POINT('',(3.61197259380279,1.66271365710224,0.48));
#11196=CARTESIAN_POINT('',(3.96242821017149,1.39370143812245,0.5));
#11197=CARTESIAN_POINT('',(3.96242821017149,1.39370143812245,0.48));
#11198=CARTESIAN_POINT('',(4.07256913795198,1.09184613089572,0.5));
#11199=CARTESIAN_POINT('',(4.07256913795198,1.09184613089572,0.48));
#11200=CARTESIAN_POINT('',(4.04873101842463,0.75977774170573,0.5));
#11201=CARTESIAN_POINT('',(4.04873101842463,0.75977774170573,0.48));
#11202=CARTESIAN_POINT('',(4.0540283783196,0.548473002363763,0.5));
#11203=CARTESIAN_POINT('',(4.0540283783196,0.548473002363763,0.48));
#11204=CARTESIAN_POINT('',(4.0540283783196,0.441561359344691,0.5));
#11205=CARTESIAN_POINT('',(4.0540283783196,0.441561359344691,0.48));
#11206=CARTESIAN_POINT('',(4.02157088218359,-0.585486554101986,0.48));
#11207=CARTESIAN_POINT('',(3.76963888836597,-0.585486554101986,0.48));
#11208=CARTESIAN_POINT('',(3.51770689454835,-0.585486554101986,0.48));
#11209=CARTESIAN_POINT('',(3.26577490073073,-0.585486554101986,0.48));
#11210=CARTESIAN_POINT('',(3.08494027940152,-0.585486554101986,0.48));
#11211=CARTESIAN_POINT('',(2.95742868743861,-0.515934776667674,0.48));
#11212=CARTESIAN_POINT('',(2.87860333967972,-0.374512829217906,0.48));
#11213=CARTESIAN_POINT('',(2.8280626666344,-0.283836915813061,0.48));
#11214=CARTESIAN_POINT('',(2.80209638450198,-0.179767852401831,0.48));
#11215=CARTESIAN_POINT('',(2.80209638450198,-0.0615298307635008,0.48));
#11216=CARTESIAN_POINT('',(2.80209638450198,0.289320246516252,0.48));
#11217=CARTESIAN_POINT('',(2.80209638450198,0.640170323796005,0.48));
#11218=CARTESIAN_POINT('',(2.80209638450198,0.991020401075757,0.48));
#11219=CARTESIAN_POINT('',(2.80209638450198,1.16953662982383,0.48));
#11220=CARTESIAN_POINT('',(2.86469298419286,1.31791375501703,0.48));
#11221=CARTESIAN_POINT('',(2.98524939841234,1.4384701692365,0.48));
#11222=CARTESIAN_POINT('',(3.10580581263181,1.55902658345597,0.48));
#11223=CARTESIAN_POINT('',(3.2588197229873,1.61698639798457,0.48));
#11224=CARTESIAN_POINT('',(3.61121539532115,1.61698639798457,0.48));
#11225=CARTESIAN_POINT('',(3.7572741279332,1.55902658345597,0.48));
#11226=CARTESIAN_POINT('',(3.87551214957153,1.44542534697993,0.48));
#11227=CARTESIAN_POINT('',(3.99611398611667,1.32955299422088,0.48));
#11228=CARTESIAN_POINT('',(4.0540283783196,1.18576537789183,0.48));
#11229=CARTESIAN_POINT('',(4.0540283783196,1.01188593430605,0.48));
#11230=CARTESIAN_POINT('',(4.0540283783196,0.821777742652264,0.48));
#11231=CARTESIAN_POINT('',(4.0540283783196,0.631669550998478,0.48));
#11232=CARTESIAN_POINT('',(4.0540283783196,0.441561359344691,0.48));
#11233=CARTESIAN_POINT('',(4.02157088218359,-0.585486554101986,0.48));
#11234=CARTESIAN_POINT('',(4.0540283783196,0.441561359344691,0.48));
#11235=CARTESIAN_POINT('',(4.0540283783196,0.441561359344691,0.5));
#11236=CARTESIAN_POINT('',(4.0540283783196,0.441561359344691,0.5));
#11237=CARTESIAN_POINT('',(4.02157088218359,-0.585486554101986,0.5));
#11238=CARTESIAN_POINT('',(3.76963888836597,-0.585486554101986,0.5));
#11239=CARTESIAN_POINT('',(3.51770689454835,-0.585486554101986,0.5));
#11240=CARTESIAN_POINT('',(3.26577490073073,-0.585486554101986,0.5));
#11241=CARTESIAN_POINT('',(3.08494027940152,-0.585486554101986,0.5));
#11242=CARTESIAN_POINT('',(2.95742868743861,-0.515934776667674,0.5));
#11243=CARTESIAN_POINT('',(2.87860333967972,-0.374512829217906,0.5));
#11244=CARTESIAN_POINT('',(2.8280626666344,-0.283836915813061,0.5));
#11245=CARTESIAN_POINT('',(2.80209638450198,-0.179767852401831,0.5));
#11246=CARTESIAN_POINT('',(2.80209638450198,-0.0615298307635008,0.5));
#11247=CARTESIAN_POINT('',(2.80209638450198,0.289320246516252,0.5));
#11248=CARTESIAN_POINT('',(2.80209638450198,0.640170323796005,0.5));
#11249=CARTESIAN_POINT('',(2.80209638450198,0.991020401075757,0.5));
#11250=CARTESIAN_POINT('',(2.80209638450198,1.16953662982383,0.5));
#11251=CARTESIAN_POINT('',(2.86469298419286,1.31791375501703,0.5));
#11252=CARTESIAN_POINT('',(2.98524939841234,1.4384701692365,0.5));
#11253=CARTESIAN_POINT('',(3.10580581263181,1.55902658345597,0.5));
#11254=CARTESIAN_POINT('',(3.2588197229873,1.61698639798457,0.5));
#11255=CARTESIAN_POINT('',(3.61121539532115,1.61698639798457,0.5));
#11256=CARTESIAN_POINT('',(3.7572741279332,1.55902658345597,0.5));
#11257=CARTESIAN_POINT('',(3.87551214957153,1.44542534697993,0.5));
#11258=CARTESIAN_POINT('',(3.99611398611667,1.32955299422088,0.5));
#11259=CARTESIAN_POINT('',(4.0540283783196,1.18576537789183,0.5));
#11260=CARTESIAN_POINT('',(4.0540283783196,1.01188593430605,0.5));
#11261=CARTESIAN_POINT('',(4.0540283783196,0.821777742652264,0.5));
#11262=CARTESIAN_POINT('',(4.0540283783196,0.631669550998478,0.5));
#11263=CARTESIAN_POINT('',(4.0540283783196,0.441561359344691,0.5));
#11264=CARTESIAN_POINT('',(4.02157088218359,-0.585486554101986,0.5));
#11265=CARTESIAN_POINT('',(4.02157088218359,-0.585486554101986,0.5));
#11266=CARTESIAN_POINT('',(4.0540283783196,0.441561359344691,0.5));
#11267=CARTESIAN_POINT('',(4.0540283783196,0.441561359344691,0.48));
#11268=CARTESIAN_POINT('',(3.71090627631033,0.441561359344691,0.48));
#11269=CARTESIAN_POINT('',(3.36778417430105,0.441561359344691,0.48));
#11270=CARTESIAN_POINT('',(3.02466207229178,0.441561359344691,0.48));
#11271=CARTESIAN_POINT('',(3.02466207229178,0.441561359344691,0.48));
#11272=CARTESIAN_POINT('',(3.02466207229178,0.441561359344691,0.5));
#11273=CARTESIAN_POINT('',(3.02466207229178,0.441561359344691,0.5));
#11274=CARTESIAN_POINT('',(4.0540283783196,0.441561359344691,0.5));
#11275=CARTESIAN_POINT('',(3.71090627631033,0.441561359344691,0.5));
#11276=CARTESIAN_POINT('',(3.36778417430105,0.441561359344691,0.5));
#11277=CARTESIAN_POINT('',(3.02466207229178,0.441561359344691,0.5));
#11278=CARTESIAN_POINT('',(3.02466207229178,0.441561359344691,0.5));
#11279=CARTESIAN_POINT('',(3.02466207229178,0.441561359344691,0.48));
#11280=CARTESIAN_POINT('',(3.02466207229178,0.300637157316033,0.5));
#11281=CARTESIAN_POINT('',(3.02466207229178,0.300637157316033,0.48));
#11282=CARTESIAN_POINT('',(3.02115462797222,0.105235598892088,0.5));
#11283=CARTESIAN_POINT('',(3.02115462797222,0.105235598892088,0.48));
#11284=CARTESIAN_POINT('',(3.03050781282438,-0.219238790816009,0.5));
#11285=CARTESIAN_POINT('',(3.03050781282438,-0.219238790816009,0.48));
#11286=CARTESIAN_POINT('',(3.15084669880362,-0.360712448374292,0.5));
#11287=CARTESIAN_POINT('',(3.15084669880362,-0.360712448374292,0.48));
#11288=CARTESIAN_POINT('',(3.39404344972302,-0.380999641547888,0.5));
#11289=CARTESIAN_POINT('',(3.39404344972302,-0.380999641547888,0.48));
#11290=CARTESIAN_POINT('',(3.66526771358228,-0.372498730603907,0.5));
#11291=CARTESIAN_POINT('',(3.66526771358228,-0.372498730603907,0.48));
#11292=CARTESIAN_POINT('',(3.88064769937888,-0.376831221799049,0.5));
#11293=CARTESIAN_POINT('',(3.88064769937888,-0.376831221799049,0.48));
#11294=CARTESIAN_POINT('',(4.02157088218359,-0.376831221799049,0.5));
#11295=CARTESIAN_POINT('',(4.02157088218359,-0.376831221799049,0.48));
#11296=CARTESIAN_POINT('',(3.02466207229178,0.441561359344691,0.48));
#11297=CARTESIAN_POINT('',(3.02466207229178,0.279273878664629,0.48));
#11298=CARTESIAN_POINT('',(3.02466207229178,0.116986397984568,0.48));
#11299=CARTESIAN_POINT('',(3.02466207229178,-0.0453010826954947,0.48));
#11300=CARTESIAN_POINT('',(3.02466207229178,-0.267866770485294,0.48));
#11301=CARTESIAN_POINT('',(3.13594491618668,-0.379149614380193,0.48));
#11302=CARTESIAN_POINT('',(3.35851060397648,-0.376831221799049,0.48));
#11303=CARTESIAN_POINT('',(3.57950671709921,-0.37452917895402,0.48));
#11304=CARTESIAN_POINT('',(3.80055078944788,-0.376831221799049,0.48));
#11305=CARTESIAN_POINT('',(4.02157088218359,-0.376831221799049,0.48));
#11306=CARTESIAN_POINT('',(4.02157088218359,-0.376831221799049,0.48));
#11307=CARTESIAN_POINT('',(4.02157088218359,-0.376831221799049,0.5));
#11308=CARTESIAN_POINT('',(4.02157088218359,-0.376831221799049,0.5));
#11309=CARTESIAN_POINT('',(3.02466207229178,0.441561359344691,0.5));
#11310=CARTESIAN_POINT('',(3.02466207229178,0.279273878664629,0.5));
#11311=CARTESIAN_POINT('',(3.02466207229178,0.116986397984568,0.5));
#11312=CARTESIAN_POINT('',(3.02466207229178,-0.0453010826954947,0.5));
#11313=CARTESIAN_POINT('',(3.02466207229178,-0.267866770485294,0.5));
#11314=CARTESIAN_POINT('',(3.13594491618668,-0.379149614380193,0.5));
#11315=CARTESIAN_POINT('',(3.35851060397648,-0.376831221799049,0.5));
#11316=CARTESIAN_POINT('',(3.57950671709921,-0.37452917895402,0.5));
#11317=CARTESIAN_POINT('',(3.80055078944788,-0.376831221799049,0.5));
#11318=CARTESIAN_POINT('',(4.02157088218359,-0.376831221799049,0.5));
#11319=CARTESIAN_POINT('',(3.02466207229178,0.647898299066484,0.5));
#11320=CARTESIAN_POINT('',(3.02466207229178,0.647898299066484,0.48));
#11321=CARTESIAN_POINT('',(3.29745959933969,0.647898299066484,0.48));
#11322=CARTESIAN_POINT('',(3.57025712638761,0.647898299066484,0.48));
#11323=CARTESIAN_POINT('',(3.84305465343552,0.647898299066484,0.48));
#11324=CARTESIAN_POINT('',(3.02466207229178,0.647898299066484,0.48));
#11325=CARTESIAN_POINT('',(3.84305465343552,0.647898299066484,0.48));
#11326=CARTESIAN_POINT('',(3.84305465343552,0.647898299066484,0.5));
#11327=CARTESIAN_POINT('',(3.84305465343552,0.647898299066484,0.5));
#11328=CARTESIAN_POINT('',(3.02466207229178,0.647898299066484,0.5));
#11329=CARTESIAN_POINT('',(3.29745959933969,0.647898299066484,0.5));
#11330=CARTESIAN_POINT('',(3.57025712638761,0.647898299066484,0.5));
#11331=CARTESIAN_POINT('',(3.84305465343552,0.647898299066484,0.5));
#11332=CARTESIAN_POINT('',(3.02466207229178,0.647898299066484,0.5));
#11333=CARTESIAN_POINT('',(3.02466207229178,0.647898299066484,0.5));
#11334=CARTESIAN_POINT('',(3.84305465343552,0.647898299066484,0.5));
#11335=CARTESIAN_POINT('',(3.84305465343552,0.647898299066484,0.48));
#11336=CARTESIAN_POINT('',(3.84305465343552,0.753771560272049,0.48));
#11337=CARTESIAN_POINT('',(3.84305465343552,0.859644821477612,0.48));
#11338=CARTESIAN_POINT('',(3.84305465343552,0.965518082683177,0.48));
#11339=CARTESIAN_POINT('',(3.84305465343552,0.965518082683177,0.48));
#11340=CARTESIAN_POINT('',(3.84305465343552,0.965518082683177,0.5));
#11341=CARTESIAN_POINT('',(3.84305465343552,0.965518082683177,0.5));
#11342=CARTESIAN_POINT('',(3.84305465343552,0.647898299066484,0.5));
#11343=CARTESIAN_POINT('',(3.84305465343552,0.753771560272049,0.5));
#11344=CARTESIAN_POINT('',(3.84305465343552,0.859644821477612,0.5));
#11345=CARTESIAN_POINT('',(3.84305465343552,0.965518082683177,0.5));
#11346=CARTESIAN_POINT('',(3.84305465343552,0.965518082683177,0.5));
#11347=CARTESIAN_POINT('',(3.84305465343552,0.965518082683177,0.48));
#11348=CARTESIAN_POINT('',(3.84305465343552,1.12115134175072,0.5));
#11349=CARTESIAN_POINT('',(3.84305465343552,1.12115134175072,0.48));
#11350=CARTESIAN_POINT('',(3.73367722659886,1.38718343253563,0.5));
#11351=CARTESIAN_POINT('',(3.73367722659886,1.38718343253563,0.48));
#11352=CARTESIAN_POINT('',(3.24638097333182,1.43322026180755,0.5));
#11353=CARTESIAN_POINT('',(3.24638097333182,1.43322026180755,0.48));
#11354=CARTESIAN_POINT('',(3.01359848778808,1.15464945973744,0.5));
#11355=CARTESIAN_POINT('',(3.01359848778808,1.15464945973744,0.48));
#11356=CARTESIAN_POINT('',(3.02687478919252,0.850813854274471,0.5));
#11357=CARTESIAN_POINT('',(3.02687478919252,0.850813854274471,0.48));
#11358=CARTESIAN_POINT('',(3.02466207229178,0.717049614371525,0.5));
#11359=CARTESIAN_POINT('',(3.02466207229178,0.717049614371525,0.48));
#11360=CARTESIAN_POINT('',(3.02466207229178,0.647898299066484,0.5));
#11361=CARTESIAN_POINT('',(3.02466207229178,0.647898299066484,0.48));
#11362=CARTESIAN_POINT('',(3.84305465343552,0.965518082683177,0.48));
#11363=CARTESIAN_POINT('',(3.84305465343552,1.09071128206494,0.48));
#11364=CARTESIAN_POINT('',(3.80827876471836,1.19503894821641,0.48));
#11365=CARTESIAN_POINT('',(3.66453842468745,1.35732642889647,0.48));
#11366=CARTESIAN_POINT('',(3.56948432886056,1.39905749535706,0.48));
#11367=CARTESIAN_POINT('',(3.34228185590847,1.39905749535706,0.48));
#11368=CARTESIAN_POINT('',(3.25186454524387,1.36891839180219,0.48));
#11369=CARTESIAN_POINT('',(3.17535759006612,1.31095857727359,0.48));
#11370=CARTESIAN_POINT('',(3.07407737927365,1.23423114485505,0.48));
#11371=CARTESIAN_POINT('',(3.02466207229178,1.11853199303866,0.48));
#11372=CARTESIAN_POINT('',(3.02466207229178,0.96783647526432,0.48));
#11373=CARTESIAN_POINT('',(3.02466207229178,0.861190416531708,0.48));
#11374=CARTESIAN_POINT('',(3.02466207229178,0.754544357799096,0.48));
#11375=CARTESIAN_POINT('',(3.02466207229178,0.647898299066484,0.48));
#11376=CARTESIAN_POINT('',(3.84305465343552,0.965518082683177,0.5));
#11377=CARTESIAN_POINT('',(3.84305465343552,1.09071128206494,0.5));
#11378=CARTESIAN_POINT('',(3.80827876471836,1.19503894821641,0.5));
#11379=CARTESIAN_POINT('',(3.66453842468745,1.35732642889647,0.5));
#11380=CARTESIAN_POINT('',(3.56948432886056,1.39905749535706,0.5));
#11381=CARTESIAN_POINT('',(3.34228185590847,1.39905749535706,0.5));
#11382=CARTESIAN_POINT('',(3.25186454524387,1.36891839180219,0.5));
#11383=CARTESIAN_POINT('',(3.17535759006612,1.31095857727359,0.5));
#11384=CARTESIAN_POINT('',(3.07407737927365,1.23423114485505,0.5));
#11385=CARTESIAN_POINT('',(3.02466207229178,1.11853199303866,0.5));
#11386=CARTESIAN_POINT('',(3.02466207229178,0.96783647526432,0.5));
#11387=CARTESIAN_POINT('',(3.02466207229178,0.861190416531708,0.5));
#11388=CARTESIAN_POINT('',(3.02466207229178,0.754544357799096,0.5));
#11389=CARTESIAN_POINT('',(3.02466207229178,0.647898299066484,0.5));
#11390=CARTESIAN_POINT('',(4.02157088218359,-0.376831221799049,0.5));
#11391=CARTESIAN_POINT('',(4.02157088218359,-0.376831221799049,0.48));
#11392=CARTESIAN_POINT('',(4.02157088218359,-0.446382999233361,0.48));
#11393=CARTESIAN_POINT('',(4.02157088218359,-0.515934776667674,0.48));
#11394=CARTESIAN_POINT('',(4.02157088218359,-0.585486554101986,0.48));
#11395=CARTESIAN_POINT('',(4.02157088218359,-0.376831221799049,0.5));
#11396=CARTESIAN_POINT('',(4.02157088218359,-0.446382999233361,0.5));
#11397=CARTESIAN_POINT('',(4.02157088218359,-0.515934776667674,0.5));
#11398=CARTESIAN_POINT('',(4.02157088218359,-0.585486554101986,0.5));
#11399=CARTESIAN_POINT('',(2.80209638450198,0.95758906157889,0.5));
#11400=CARTESIAN_POINT('',(2.80209638450198,0.95758906157889,0.48));
#11401=CARTESIAN_POINT('',(4.71708865652671,2.41219505331687,0.5));
#11402=CARTESIAN_POINT('',(4.71708865652671,2.41219505331687,0.48));
#11403=CARTESIAN_POINT('',(4.71708865652671,2.15035886408549,0.5));
#11404=CARTESIAN_POINT('',(4.71708865652671,2.15035886408549,0.48));
#11405=CARTESIAN_POINT('',(4.71682342294753,1.62645004702738,0.5));
#11406=CARTESIAN_POINT('',(4.71682342294753,1.62645004702738,0.48));
#11407=CARTESIAN_POINT('',(4.71781804886946,0.972746218681437,0.5));
#11408=CARTESIAN_POINT('',(4.71781804886946,0.972746218681437,0.48));
#11409=CARTESIAN_POINT('',(4.71582879702559,0.447300550753652,0.5));
#11410=CARTESIAN_POINT('',(4.71582879702559,0.447300550753652,0.48));
#11411=CARTESIAN_POINT('',(4.72088481212875,0.124512424938024,0.5));
#11412=CARTESIAN_POINT('',(4.72088481212875,0.124512424938024,0.48));
#11413=CARTESIAN_POINT('',(4.71050754834326,-0.1465744243359,0.5));
#11414=CARTESIAN_POINT('',(4.71050754834326,-0.1465744243359,0.48));
#11415=CARTESIAN_POINT('',(4.73692729939456,-0.286670541898149,0.5));
#11416=CARTESIAN_POINT('',(4.73692729939456,-0.286670541898149,0.48));
#11417=CARTESIAN_POINT('',(4.90825582065927,-0.348930738961042,0.5));
#11418=CARTESIAN_POINT('',(4.90825582065927,-0.348930738961042,0.48));
#11419=CARTESIAN_POINT('',(4.96495763086939,-0.352741633687719,0.5));
#11420=CARTESIAN_POINT('',(4.96495763086939,-0.352741633687719,0.48));
#11421=CARTESIAN_POINT('',(5.08990545274282,-0.360602473731043,0.5));
#11422=CARTESIAN_POINT('',(5.08990545274282,-0.360602473731043,0.48));
#11423=CARTESIAN_POINT('',(5.18772235049889,-0.360602473731043,0.5));
#11424=CARTESIAN_POINT('',(5.18772235049889,-0.360602473731043,0.48));
#11425=CARTESIAN_POINT('',(4.71708865652671,2.41219505331687,0.48));
#11426=CARTESIAN_POINT('',(4.71708865652671,1.55670819087483,0.48));
#11427=CARTESIAN_POINT('',(4.71708865652671,0.701221328432791,0.48));
#11428=CARTESIAN_POINT('',(4.71708865652671,-0.15426553400925,0.48));
#11429=CARTESIAN_POINT('',(4.71708865652671,-0.249319629836144,0.48));
#11430=CARTESIAN_POINT('',(4.77736686363645,-0.311916229527025,0.48));
#11431=CARTESIAN_POINT('',(4.89560488527478,-0.342055333081893,0.48));
#11432=CARTESIAN_POINT('',(4.94465018739118,-0.354557076758624,0.48));
#11433=CARTESIAN_POINT('',(5.04166361788683,-0.360602473731043,0.48));
#11434=CARTESIAN_POINT('',(5.18772235049889,-0.360602473731043,0.48));
#11435=CARTESIAN_POINT('',(4.71708865652671,2.41219505331687,0.48));
#11436=CARTESIAN_POINT('',(5.18772235049889,-0.360602473731043,0.48));
#11437=CARTESIAN_POINT('',(5.18772235049889,-0.360602473731043,0.5));
#11438=CARTESIAN_POINT('',(5.18772235049889,-0.360602473731043,0.5));
#11439=CARTESIAN_POINT('',(4.71708865652671,2.41219505331687,0.5));
#11440=CARTESIAN_POINT('',(4.71708865652671,1.55670819087483,0.5));
#11441=CARTESIAN_POINT('',(4.71708865652671,0.701221328432791,0.5));
#11442=CARTESIAN_POINT('',(4.71708865652671,-0.15426553400925,0.5));
#11443=CARTESIAN_POINT('',(4.71708865652671,-0.249319629836144,0.5));
#11444=CARTESIAN_POINT('',(4.77736686363645,-0.311916229527025,0.5));
#11445=CARTESIAN_POINT('',(4.89560488527478,-0.342055333081893,0.5));
#11446=CARTESIAN_POINT('',(4.94465018739118,-0.354557076758624,0.5));
#11447=CARTESIAN_POINT('',(5.04166361788683,-0.360602473731043,0.5));
#11448=CARTESIAN_POINT('',(5.18772235049889,-0.360602473731043,0.5));
#11449=CARTESIAN_POINT('',(4.71708865652671,2.41219505331687,0.5));
#11450=CARTESIAN_POINT('',(4.71708865652671,2.41219505331687,0.5));
#11451=CARTESIAN_POINT('',(5.18772235049889,-0.360602473731043,0.5));
#11452=CARTESIAN_POINT('',(5.18772235049889,-0.360602473731043,0.48));
#11453=CARTESIAN_POINT('',(5.18772235049889,-0.434791036327643,0.48));
#11454=CARTESIAN_POINT('',(5.18772235049889,-0.508979598924242,0.48));
#11455=CARTESIAN_POINT('',(5.18772235049889,-0.583168161520842,0.48));
#11456=CARTESIAN_POINT('',(5.18772235049889,-0.583168161520842,0.48));
#11457=CARTESIAN_POINT('',(5.18772235049889,-0.583168161520842,0.5));
#11458=CARTESIAN_POINT('',(5.18772235049889,-0.583168161520842,0.5));
#11459=CARTESIAN_POINT('',(5.18772235049889,-0.360602473731043,0.5));
#11460=CARTESIAN_POINT('',(5.18772235049889,-0.434791036327643,0.5));
#11461=CARTESIAN_POINT('',(5.18772235049889,-0.508979598924242,0.5));
#11462=CARTESIAN_POINT('',(5.18772235049889,-0.583168161520842,0.5));
#11463=CARTESIAN_POINT('',(5.18772235049889,-0.583168161520842,0.5));
#11464=CARTESIAN_POINT('',(5.18772235049889,-0.583168161520842,0.48));
#11465=CARTESIAN_POINT('',(4.97062076174431,-0.583168161520842,0.5));
#11466=CARTESIAN_POINT('',(4.97062076174431,-0.583168161520842,0.48));
#11467=CARTESIAN_POINT('',(4.7279504473004,-0.546915397906025,0.5));
#11468=CARTESIAN_POINT('',(4.7279504473004,-0.546915397906025,0.48));
#11469=CARTESIAN_POINT('',(4.5672445915214,-0.465006123340484,0.5));
#11470=CARTESIAN_POINT('',(4.5672445915214,-0.465006123340484,0.48));
#11471=CARTESIAN_POINT('',(4.50420830409092,-0.286030894135823,0.5));
#11472=CARTESIAN_POINT('',(4.50420830409092,-0.286030894135823,0.48));
#11473=CARTESIAN_POINT('',(4.50646605951357,-0.106693890847135,0.5));
#11474=CARTESIAN_POINT('',(4.50646605951357,-0.106693890847135,0.48));
#11475=CARTESIAN_POINT('',(4.50591479196871,0.0315647429512098,0.5));
#11476=CARTESIAN_POINT('',(4.50591479196871,0.0315647429512098,0.48));
#11477=CARTESIAN_POINT('',(4.50625885230702,0.292656564964695,0.5));
#11478=CARTESIAN_POINT('',(4.50625885230702,0.292656564964695,0.48));
#11479=CARTESIAN_POINT('',(4.50606610141721,0.655638371718028,0.5));
#11480=CARTESIAN_POINT('',(4.50606610141721,0.655638371718028,0.48));
#11481=CARTESIAN_POINT('',(4.50612778170195,1.09550101751819,0.5));
#11482=CARTESIAN_POINT('',(4.50612778170195,1.09550101751819,0.48));
#11483=CARTESIAN_POINT('',(4.50610722160704,1.68048121974431,0.5));
#11484=CARTESIAN_POINT('',(4.50610722160704,1.68048121974431,0.48));
#11485=CARTESIAN_POINT('',(4.50611493164263,2.11955461965307,0.5));
#11486=CARTESIAN_POINT('',(4.50611493164263,2.11955461965307,0.48));
#11487=CARTESIAN_POINT('',(4.50611493164263,2.41219505331687,0.5));
#11488=CARTESIAN_POINT('',(4.50611493164263,2.41219505331687,0.48));
#11489=CARTESIAN_POINT('',(5.18772235049889,-0.583168161520842,0.48));
#11490=CARTESIAN_POINT('',(4.88864970753135,-0.583168161520842,0.48));
#11491=CARTESIAN_POINT('',(4.69390473071527,-0.546073880222542,0.48));
#11492=CARTESIAN_POINT('',(4.60348742005067,-0.469566925044799,0.48));
#11493=CARTESIAN_POINT('',(4.5393638790391,-0.415308544188859,0.48));
#11494=CARTESIAN_POINT('',(4.50611493164263,-0.314234622108168,0.48));
#11495=CARTESIAN_POINT('',(4.50611493164263,-0.163539104333825,0.48));
#11496=CARTESIAN_POINT('',(4.50611493164263,0.695038948216407,0.48));
#11497=CARTESIAN_POINT('',(4.50611493164263,1.55361700076664,0.48));
#11498=CARTESIAN_POINT('',(4.50611493164263,2.41219505331687,0.48));
#11499=CARTESIAN_POINT('',(4.50611493164263,2.41219505331687,0.48));
#11500=CARTESIAN_POINT('',(4.50611493164263,2.41219505331687,0.5));
#11501=CARTESIAN_POINT('',(4.50611493164263,2.41219505331687,0.5));
#11502=CARTESIAN_POINT('',(5.18772235049889,-0.583168161520842,0.5));
#11503=CARTESIAN_POINT('',(4.88864970753135,-0.583168161520842,0.5));
#11504=CARTESIAN_POINT('',(4.69390473071527,-0.546073880222542,0.5));
#11505=CARTESIAN_POINT('',(4.60348742005067,-0.469566925044799,0.5));
#11506=CARTESIAN_POINT('',(4.5393638790391,-0.415308544188859,0.5));
#11507=CARTESIAN_POINT('',(4.50611493164263,-0.314234622108168,0.5));
#11508=CARTESIAN_POINT('',(4.50611493164263,-0.163539104333825,0.5));
#11509=CARTESIAN_POINT('',(4.50611493164263,0.695038948216407,0.5));
#11510=CARTESIAN_POINT('',(4.50611493164263,1.55361700076664,0.5));
#11511=CARTESIAN_POINT('',(4.50611493164263,2.41219505331687,0.5));
#11512=CARTESIAN_POINT('',(4.50611493164263,2.41219505331687,0.5));
#11513=CARTESIAN_POINT('',(4.50611493164263,2.41219505331687,0.48));
#11514=CARTESIAN_POINT('',(4.57643950660399,2.41219505331687,0.48));
#11515=CARTESIAN_POINT('',(4.64676408156535,2.41219505331687,0.48));
#11516=CARTESIAN_POINT('',(4.71708865652671,2.41219505331687,0.48));
#11517=CARTESIAN_POINT('',(4.50611493164263,2.41219505331687,0.5));
#11518=CARTESIAN_POINT('',(4.57643950660399,2.41219505331687,0.5));
#11519=CARTESIAN_POINT('',(4.64676408156535,2.41219505331687,0.5));
#11520=CARTESIAN_POINT('',(4.71708865652671,2.41219505331687,0.5));
#11521=CARTESIAN_POINT('',(4.71708865652671,0.841177917928574,0.5));
#11522=CARTESIAN_POINT('',(4.71708865652671,0.841177917928574,0.48));
#11523=CARTESIAN_POINT('',(-4.55068568659539,-4.32737218006798,0.5));
#11524=CARTESIAN_POINT('',(-4.55068568659539,-4.32737218006798,0.48));
#11525=CARTESIAN_POINT('',(-4.55068568659539,-4.54066429753321,0.48));
#11526=CARTESIAN_POINT('',(-4.55068568659539,-4.32737218006798,0.48));
#11527=CARTESIAN_POINT('',(-4.55068568659539,-4.54066429753321,0.48));
#11528=CARTESIAN_POINT('',(-4.55068568659539,-4.54066429753321,0.5));
#11529=CARTESIAN_POINT('',(-4.55068568659539,-4.54066429753321,0.5));
#11530=CARTESIAN_POINT('',(-4.55068568659539,-4.32737218006798,0.5));
#11531=CARTESIAN_POINT('',(-4.55068568659539,-4.54066429753321,0.5));
#11532=CARTESIAN_POINT('',(-4.55068568659539,-4.32737218006798,0.5));
#11533=CARTESIAN_POINT('',(-4.55068568659539,-4.32737218006798,0.5));
#11534=CARTESIAN_POINT('',(-4.55068568659539,-4.54066429753321,0.5));
#11535=CARTESIAN_POINT('',(-4.55068568659539,-4.54066429753321,0.48));
#11536=CARTESIAN_POINT('',(-5.60323591843465,-4.54066429753321,0.48));
#11537=CARTESIAN_POINT('',(-5.60323591843465,-4.54066429753321,0.48));
#11538=CARTESIAN_POINT('',(-5.60323591843465,-4.54066429753321,0.5));
#11539=CARTESIAN_POINT('',(-5.60323591843465,-4.54066429753321,0.5));
#11540=CARTESIAN_POINT('',(-4.55068568659539,-4.54066429753321,0.5));
#11541=CARTESIAN_POINT('',(-5.60323591843465,-4.54066429753321,0.5));
#11542=CARTESIAN_POINT('',(-5.60323591843465,-4.54066429753321,0.5));
#11543=CARTESIAN_POINT('',(-5.60323591843465,-4.54066429753321,0.48));
#11544=CARTESIAN_POINT('',(-5.60323591843465,-1.54066429753321,0.48));
#11545=CARTESIAN_POINT('',(-5.60323591843465,-1.54066429753321,0.48));
#11546=CARTESIAN_POINT('',(-5.60323591843465,-1.54066429753321,0.5));
#11547=CARTESIAN_POINT('',(-5.60323591843465,-1.54066429753321,0.5));
#11548=CARTESIAN_POINT('',(-5.60323591843465,-4.54066429753321,0.5));
#11549=CARTESIAN_POINT('',(-5.60323591843465,-1.54066429753321,0.5));
#11550=CARTESIAN_POINT('',(-5.60323591843465,-1.54066429753321,0.5));
#11551=CARTESIAN_POINT('',(-5.60323591843465,-1.54066429753321,0.48));
#11552=CARTESIAN_POINT('',(-5.38994380096943,-1.54066429753321,0.48));
#11553=CARTESIAN_POINT('',(-5.38994380096943,-1.54066429753321,0.48));
#11554=CARTESIAN_POINT('',(-5.38994380096943,-1.54066429753321,0.5));
#11555=CARTESIAN_POINT('',(-5.38994380096943,-1.54066429753321,0.5));
#11556=CARTESIAN_POINT('',(-5.60323591843465,-1.54066429753321,0.5));
#11557=CARTESIAN_POINT('',(-5.38994380096943,-1.54066429753321,0.5));
#11558=CARTESIAN_POINT('',(-5.38994380096943,-1.54066429753321,0.5));
#11559=CARTESIAN_POINT('',(-5.38994380096943,-1.54066429753321,0.48));
#11560=CARTESIAN_POINT('',(-5.38994380096943,-4.32737218006798,0.48));
#11561=CARTESIAN_POINT('',(-5.38994380096943,-4.32737218006798,0.48));
#11562=CARTESIAN_POINT('',(-5.38994380096943,-4.32737218006798,0.5));
#11563=CARTESIAN_POINT('',(-5.38994380096943,-4.32737218006798,0.5));
#11564=CARTESIAN_POINT('',(-5.38994380096943,-1.54066429753321,0.5));
#11565=CARTESIAN_POINT('',(-5.38994380096943,-4.32737218006798,0.5));
#11566=CARTESIAN_POINT('',(-5.38994380096943,-4.32737218006798,0.5));
#11567=CARTESIAN_POINT('',(-5.38994380096943,-4.32737218006798,0.48));
#11568=CARTESIAN_POINT('',(-4.55068568659539,-4.32737218006798,0.48));
#11569=CARTESIAN_POINT('',(-5.38994380096943,-4.32737218006798,0.5));
#11570=CARTESIAN_POINT('',(-4.55068568659539,-4.32737218006798,0.5));
#11571=CARTESIAN_POINT('',(-4.55068568659539,-4.4340182388006,0.5));
#11572=CARTESIAN_POINT('',(-4.55068568659539,-4.4340182388006,0.48));
#11573=CARTESIAN_POINT('',(-3.25684892178014,-4.23102192573476,0.5));
#11574=CARTESIAN_POINT('',(-3.25684892178014,-4.23102192573476,0.48));
#11575=CARTESIAN_POINT('',(-3.16566611513277,-3.85425244023686,0.5));
#11576=CARTESIAN_POINT('',(-3.16566611513277,-3.85425244023686,0.48));
#11577=CARTESIAN_POINT('',(-3.19634227091412,-3.46695982197714,0.5));
#11578=CARTESIAN_POINT('',(-3.19634227091412,-3.46695982197714,0.48));
#11579=CARTESIAN_POINT('',(-3.17485091274472,-3.08449139474515,0.5));
#11580=CARTESIAN_POINT('',(-3.17485091274472,-3.08449139474515,0.48));
#11581=CARTESIAN_POINT('',(-3.22391746361353,-2.70714328969183,0.5));
#11582=CARTESIAN_POINT('',(-3.22391746361353,-2.70714328969183,0.48));
#11583=CARTESIAN_POINT('',(-3.5129276907503,-2.51015560435275,0.5));
#11584=CARTESIAN_POINT('',(-3.5129276907503,-2.51015560435275,0.48));
#11585=CARTESIAN_POINT('',(-3.81816749988441,-2.59699495467911,0.5));
#11586=CARTESIAN_POINT('',(-3.81816749988441,-2.59699495467911,0.48));
#11587=CARTESIAN_POINT('',(-3.970629628294,-2.78517903784625,0.5));
#11588=CARTESIAN_POINT('',(-3.970629628294,-2.78517903784625,0.48));
#11589=CARTESIAN_POINT('',(-4.02161013454737,-3.06945822276703,0.5));
#11590=CARTESIAN_POINT('',(-4.02161013454737,-3.06945822276703,0.48));
#11591=CARTESIAN_POINT('',(-3.99554858952756,-3.41394725467913,0.5));
#11592=CARTESIAN_POINT('',(-3.99554858952756,-3.41394725467913,0.48));
#11593=CARTESIAN_POINT('',(-4.00965668701445,-3.74711967748469,0.5));
#11594=CARTESIAN_POINT('',(-4.00965668701445,-3.74711967748469,0.48));
#11595=CARTESIAN_POINT('',(-3.99387934613809,-4.04459064909607,0.5));
#11596=CARTESIAN_POINT('',(-3.99387934613809,-4.04459064909607,0.48));
#11597=CARTESIAN_POINT('',(-3.86570486838962,-4.24243347077481,0.5));
#11598=CARTESIAN_POINT('',(-3.86570486838962,-4.24243347077481,0.48));
#11599=CARTESIAN_POINT('',(-3.56784425404614,-4.38887233952849,0.5));
#11600=CARTESIAN_POINT('',(-3.56784425404614,-4.38887233952849,0.48));
#11601=CARTESIAN_POINT('',(-3.25684892178014,-4.23102192573476,0.5));
#11602=CARTESIAN_POINT('',(-3.25684892178014,-4.23102192573476,0.48));
#11603=CARTESIAN_POINT('',(-3.16566611513277,-3.85425244023686,0.5));
#11604=CARTESIAN_POINT('',(-3.16566611513277,-3.85425244023686,0.48));
#11605=CARTESIAN_POINT('',(-3.19634227091412,-3.46695982197714,0.5));
#11606=CARTESIAN_POINT('',(-3.19634227091412,-3.46695982197714,0.48));
#11607=CARTESIAN_POINT('',(-3.18747084888287,-3.86369366383923,0.5));
#11608=CARTESIAN_POINT('',(-3.18747084888287,-3.58548655410199,0.5));
#11609=CARTESIAN_POINT('',(-3.18747084888287,-3.30727944436474,0.5));
#11610=CARTESIAN_POINT('',(-3.18747084888287,-3.02907233462749,0.5));
#11611=CARTESIAN_POINT('',(-3.18747084888287,-2.90156074266458,0.5));
#11612=CARTESIAN_POINT('',(-3.21992834501889,-2.79259629135083,0.5));
#11613=CARTESIAN_POINT('',(-3.28484333729091,-2.70449737326736,0.5));
#11614=CARTESIAN_POINT('',(-3.35855739943105,-2.6044568603629,0.5));
#11615=CARTESIAN_POINT('',(-3.45872278087669,-2.55380185549302,0.5));
#11616=CARTESIAN_POINT('',(-3.68360686124763,-2.55380185549302,0.5));
#11617=CARTESIAN_POINT('',(-3.77634256449338,-2.58857774421018,0.5));
#11618=CARTESIAN_POINT('',(-3.85516791225227,-2.66044791422563,0.5));
#11619=CARTESIAN_POINT('',(-3.95346688158787,-2.75007344509044,0.5));
#11620=CARTESIAN_POINT('',(-4.00354503744547,-2.87142163910971,0.5));
#11621=CARTESIAN_POINT('',(-4.00354503744547,-3.0244355494652,0.5));
#11622=CARTESIAN_POINT('',(-4.00354503744547,-3.30418825425655,0.5));
#11623=CARTESIAN_POINT('',(-4.00354503744547,-3.58394095904789,0.5));
#11624=CARTESIAN_POINT('',(-4.00354503744547,-3.86369366383923,0.5));
#11625=CARTESIAN_POINT('',(-4.00354503744547,-4.01207078903243,0.5));
#11626=CARTESIAN_POINT('',(-3.95485879324145,-4.13262720325191,0.5));
#11627=CARTESIAN_POINT('',(-3.85284951967113,-4.22072612133537,0.5));
#11628=CARTESIAN_POINT('',(-3.76852587755412,-4.29355108498188,0.5));
#11629=CARTESIAN_POINT('',(-3.67897007608535,-4.33664575039256,0.5));
#11630=CARTESIAN_POINT('',(-3.46104117345784,-4.33664575039256,0.5));
#11631=CARTESIAN_POINT('',(-3.3636686850498,-4.2856411136074,0.5));
#11632=CARTESIAN_POINT('',(-3.28484333729091,-4.18595023261822,0.5));
#11633=CARTESIAN_POINT('',(-3.21813689491126,-4.10158620254983,0.5));
#11634=CARTESIAN_POINT('',(-3.18747084888287,-3.99352364838328,0.5));
#11635=CARTESIAN_POINT('',(-3.18747084888287,-3.86369366383923,0.5));
#11636=CARTESIAN_POINT('',(-3.18747084888287,-3.86369366383923,0.5));
#11637=CARTESIAN_POINT('',(-3.18747084888287,-3.86369366383923,0.48));
#11638=CARTESIAN_POINT('',(-3.18747084888287,-3.58548655410199,0.48));
#11639=CARTESIAN_POINT('',(-3.18747084888287,-3.30727944436474,0.48));
#11640=CARTESIAN_POINT('',(-3.18747084888287,-3.02907233462749,0.48));
#11641=CARTESIAN_POINT('',(-3.18747084888287,-2.90156074266458,0.48));
#11642=CARTESIAN_POINT('',(-3.21992834501889,-2.79259629135083,0.48));
#11643=CARTESIAN_POINT('',(-3.28484333729091,-2.70449737326736,0.48));
#11644=CARTESIAN_POINT('',(-3.35855739943105,-2.6044568603629,0.48));
#11645=CARTESIAN_POINT('',(-3.45872278087669,-2.55380185549302,0.48));
#11646=CARTESIAN_POINT('',(-3.68360686124763,-2.55380185549302,0.48));
#11647=CARTESIAN_POINT('',(-3.77634256449338,-2.58857774421018,0.48));
#11648=CARTESIAN_POINT('',(-3.85516791225227,-2.66044791422563,0.48));
#11649=CARTESIAN_POINT('',(-3.95346688158787,-2.75007344509044,0.48));
#11650=CARTESIAN_POINT('',(-4.00354503744547,-2.87142163910971,0.48));
#11651=CARTESIAN_POINT('',(-4.00354503744547,-3.0244355494652,0.48));
#11652=CARTESIAN_POINT('',(-4.00354503744547,-3.30418825425655,0.48));
#11653=CARTESIAN_POINT('',(-4.00354503744547,-3.58394095904789,0.48));
#11654=CARTESIAN_POINT('',(-4.00354503744547,-3.86369366383923,0.48));
#11655=CARTESIAN_POINT('',(-4.00354503744547,-4.01207078903243,0.48));
#11656=CARTESIAN_POINT('',(-3.95485879324145,-4.13262720325191,0.48));
#11657=CARTESIAN_POINT('',(-3.85284951967113,-4.22072612133537,0.48));
#11658=CARTESIAN_POINT('',(-3.76852587755412,-4.29355108498188,0.48));
#11659=CARTESIAN_POINT('',(-3.67897007608535,-4.33664575039256,0.48));
#11660=CARTESIAN_POINT('',(-3.46104117345784,-4.33664575039256,0.48));
#11661=CARTESIAN_POINT('',(-3.3636686850498,-4.2856411136074,0.48));
#11662=CARTESIAN_POINT('',(-3.28484333729091,-4.18595023261822,0.48));
#11663=CARTESIAN_POINT('',(-3.21813689491126,-4.10158620254983,0.48));
#11664=CARTESIAN_POINT('',(-3.18747084888287,-3.99352364838328,0.48));
#11665=CARTESIAN_POINT('',(-3.18747084888287,-3.86369366383923,0.48));
#11666=CARTESIAN_POINT('',(-3.18747084888287,-3.86369366383923,0.48));
#11667=CARTESIAN_POINT('',(-2.97878908883063,-3.43427066424881,0.5));
#11668=CARTESIAN_POINT('',(-2.97878908883063,-3.43427066424881,0.48));
#11669=CARTESIAN_POINT('',(-2.95239007023986,-3.82825397890553,0.5));
#11670=CARTESIAN_POINT('',(-2.95239007023986,-3.82825397890553,0.48));
#11671=CARTESIAN_POINT('',(-2.99160954037461,-4.1524550556566,0.5));
#11672=CARTESIAN_POINT('',(-2.99160954037461,-4.1524550556566,0.48));
#11673=CARTESIAN_POINT('',(-3.16135722616902,-4.42785557976033,0.5));
#11674=CARTESIAN_POINT('',(-3.16135722616902,-4.42785557976033,0.48));
#11675=CARTESIAN_POINT('',(-3.53397811805785,-4.61944415571022,0.5));
#11676=CARTESIAN_POINT('',(-3.53397811805785,-4.61944415571022,0.48));
#11677=CARTESIAN_POINT('',(-3.95723358853418,-4.47745181910079,0.5));
#11678=CARTESIAN_POINT('',(-3.95723358853418,-4.47745181910079,0.48));
#11679=CARTESIAN_POINT('',(-4.18021920868629,-4.19113354704299,0.5));
#11680=CARTESIAN_POINT('',(-4.18021920868629,-4.19113354704299,0.48));
#11681=CARTESIAN_POINT('',(-4.24079521677758,-3.87578243204458,0.5));
#11682=CARTESIAN_POINT('',(-4.24079521677758,-3.87578243204458,0.48));
#11683=CARTESIAN_POINT('',(-4.21316661838577,-3.4793410584747,0.5));
#11684=CARTESIAN_POINT('',(-4.21316661838577,-3.4793410584747,0.48));
#11685=CARTESIAN_POINT('',(-4.22849999442059,-3.09593124736141,0.5));
#11686=CARTESIAN_POINT('',(-4.22849999442059,-3.09593124736141,0.48));
#11687=CARTESIAN_POINT('',(-4.20876110776345,-2.76067883384954,0.5));
#11688=CARTESIAN_POINT('',(-4.20876110776345,-2.76067883384954,0.48));
#11689=CARTESIAN_POINT('',(-4.03242270816589,-2.46803261257389,0.5));
#11690=CARTESIAN_POINT('',(-4.03242270816589,-2.46803261257389,0.48));
#11691=CARTESIAN_POINT('',(-3.63882021188476,-2.27105200441916,0.5));
#11692=CARTESIAN_POINT('',(-3.63882021188476,-2.27105200441916,0.48));
#11693=CARTESIAN_POINT('',(-3.2185880988114,-2.41051013129635,0.5));
#11694=CARTESIAN_POINT('',(-3.2185880988114,-2.41051013129635,0.48));
#11695=CARTESIAN_POINT('',(-3.00729382371288,-2.69367099668364,0.5));
#11696=CARTESIAN_POINT('',(-3.00729382371288,-2.69367099668364,0.48));
#11697=CARTESIAN_POINT('',(-2.94672011275546,-3.02340284852264,0.5));
#11698=CARTESIAN_POINT('',(-2.94672011275546,-3.02340284852264,0.48));
#11699=CARTESIAN_POINT('',(-2.97878908883063,-3.43427066424881,0.5));
#11700=CARTESIAN_POINT('',(-2.97878908883063,-3.43427066424881,0.48));
#11701=CARTESIAN_POINT('',(-2.95239007023986,-3.82825397890553,0.5));
#11702=CARTESIAN_POINT('',(-2.95239007023986,-3.82825397890553,0.48));
#11703=CARTESIAN_POINT('',(-2.99160954037461,-4.1524550556566,0.5));
#11704=CARTESIAN_POINT('',(-2.99160954037461,-4.1524550556566,0.48));
#11705=CARTESIAN_POINT('',(-2.96722355367422,-3.91006151546211,0.5));
#11706=CARTESIAN_POINT('',(-2.96722355367422,-4.08857774421018,0.5));
#11707=CARTESIAN_POINT('',(-3.02750176078396,-4.23927326198452,0.5));
#11708=CARTESIAN_POINT('',(-3.14573978242229,-4.36678485394743,0.5));
#11709=CARTESIAN_POINT('',(-3.26389373863464,-4.49420578711761,0.5));
#11710=CARTESIAN_POINT('',(-3.41235492925382,-4.55457465302007,0.5));
#11711=CARTESIAN_POINT('',(-3.76011381642538,-4.55457465302007,0.5));
#11712=CARTESIAN_POINT('',(-3.90849094161858,-4.48965966074805,0.5));
#11713=CARTESIAN_POINT('',(-4.03368414100034,-4.36214806878514,0.5));
#11714=CARTESIAN_POINT('',(-4.16003634155463,-4.23345601266503,0.5));
#11715=CARTESIAN_POINT('',(-4.22147394007298,-4.0793041738856,0.5));
#11716=CARTESIAN_POINT('',(-4.22147394007298,-3.90542473029982,0.5));
#11717=CARTESIAN_POINT('',(-4.22147394007298,-3.59785131453475,0.5));
#11718=CARTESIAN_POINT('',(-4.22147394007298,-3.29027789876968,0.5));
#11719=CARTESIAN_POINT('',(-4.22147394007298,-2.98270448300461,0.5));
#11720=CARTESIAN_POINT('',(-4.22147394007298,-2.80418825425655,0.5));
#11721=CARTESIAN_POINT('',(-4.16119573296324,-2.64885595131992,0.5));
#11722=CARTESIAN_POINT('',(-4.03832092616263,-2.52366275193815,0.5));
#11723=CARTESIAN_POINT('',(-3.91658365032453,-2.39962854636726,0.5));
#11724=CARTESIAN_POINT('',(-3.76706899416881,-2.33587295286551,0.5));
#11725=CARTESIAN_POINT('',(-3.41235492925382,-2.33587295286551,0.5));
#11726=CARTESIAN_POINT('',(-3.26629619664176,-2.39846955255639,0.5));
#11727=CARTESIAN_POINT('',(-3.14573978242229,-2.5259811445193,0.5));
#11728=CARTESIAN_POINT('',(-3.02627761388956,-2.65233536123659,0.5));
#11729=CARTESIAN_POINT('',(-2.96722355367422,-2.80650664683769,0.5));
#11730=CARTESIAN_POINT('',(-2.96722355367422,-2.98270448300461,0.5));
#11731=CARTESIAN_POINT('',(-2.96722355367422,-3.29182349382378,0.5));
#11732=CARTESIAN_POINT('',(-2.96722355367422,-3.60094250464294,0.5));
#11733=CARTESIAN_POINT('',(-2.96722355367422,-3.91006151546211,0.5));
#11734=CARTESIAN_POINT('',(-2.96722355367422,-3.91006151546211,0.5));
#11735=CARTESIAN_POINT('',(-2.96722355367422,-3.91006151546211,0.48));
#11736=CARTESIAN_POINT('',(-2.96722355367422,-4.08857774421018,0.48));
#11737=CARTESIAN_POINT('',(-3.02750176078396,-4.23927326198452,0.48));
#11738=CARTESIAN_POINT('',(-3.14573978242229,-4.36678485394743,0.48));
#11739=CARTESIAN_POINT('',(-3.26389373863464,-4.49420578711761,0.48));
#11740=CARTESIAN_POINT('',(-3.41235492925382,-4.55457465302007,0.48));
#11741=CARTESIAN_POINT('',(-3.76011381642538,-4.55457465302007,0.48));
#11742=CARTESIAN_POINT('',(-3.90849094161858,-4.48965966074805,0.48));
#11743=CARTESIAN_POINT('',(-4.03368414100034,-4.36214806878514,0.48));
#11744=CARTESIAN_POINT('',(-4.16003634155463,-4.23345601266503,0.48));
#11745=CARTESIAN_POINT('',(-4.22147394007298,-4.0793041738856,0.48));
#11746=CARTESIAN_POINT('',(-4.22147394007298,-3.90542473029982,0.48));
#11747=CARTESIAN_POINT('',(-4.22147394007298,-3.59785131453475,0.48));
#11748=CARTESIAN_POINT('',(-4.22147394007298,-3.29027789876968,0.48));
#11749=CARTESIAN_POINT('',(-4.22147394007298,-2.98270448300461,0.48));
#11750=CARTESIAN_POINT('',(-4.22147394007298,-2.80418825425655,0.48));
#11751=CARTESIAN_POINT('',(-4.16119573296324,-2.64885595131992,0.48));
#11752=CARTESIAN_POINT('',(-4.03832092616263,-2.52366275193815,0.48));
#11753=CARTESIAN_POINT('',(-3.91658365032453,-2.39962854636726,0.48));
#11754=CARTESIAN_POINT('',(-3.76706899416881,-2.33587295286551,0.48));
#11755=CARTESIAN_POINT('',(-3.41235492925382,-2.33587295286551,0.48));
#11756=CARTESIAN_POINT('',(-3.26629619664176,-2.39846955255639,0.48));
#11757=CARTESIAN_POINT('',(-3.14573978242229,-2.5259811445193,0.48));
#11758=CARTESIAN_POINT('',(-3.02627761388956,-2.65233536123659,0.48));
#11759=CARTESIAN_POINT('',(-2.96722355367422,-2.80650664683769,0.48));
#11760=CARTESIAN_POINT('',(-2.96722355367422,-2.98270448300461,0.48));
#11761=CARTESIAN_POINT('',(-2.96722355367422,-3.29182349382378,0.48));
#11762=CARTESIAN_POINT('',(-2.96722355367422,-3.60094250464294,0.48));
#11763=CARTESIAN_POINT('',(-2.96722355367422,-3.91006151546211,0.48));
#11764=CARTESIAN_POINT('',(-2.96722355367422,-3.91006151546211,0.48));
#11765=CARTESIAN_POINT('',(-4.22146102543628,-2.97818385826188,0.5));
#11766=CARTESIAN_POINT('',(-4.22146102543628,-2.97818385826188,0.48));
#11767=CARTESIAN_POINT('',(-1.3072544655753,-4.53834590495206,0.5));
#11768=CARTESIAN_POINT('',(-1.3072544655753,-4.53834590495206,0.48));
#11769=CARTESIAN_POINT('',(-1.414172896438,-4.53834590495206,0.5));
#11770=CARTESIAN_POINT('',(-1.414172896438,-4.53834590495206,0.48));
#11771=CARTESIAN_POINT('',(-1.63011959183893,-4.53839073871311,0.5));
#11772=CARTESIAN_POINT('',(-1.63011959183893,-4.53839073871311,0.48));
#11773=CARTESIAN_POINT('',(-1.94138063288707,-4.5381889867884,0.5));
#11774=CARTESIAN_POINT('',(-1.94138063288707,-4.5381889867884,0.48));
#11775=CARTESIAN_POINT('',(-2.29694818112164,-4.53892874384566,0.5));
#11776=CARTESIAN_POINT('',(-2.29694818112164,-4.53892874384566,0.48));
#11777=CARTESIAN_POINT('',(-2.50716245488,-4.28834663629768,0.5));
#11778=CARTESIAN_POINT('',(-2.50716245488,-4.28834663629768,0.48));
#11779=CARTESIAN_POINT('',(-2.53182992068551,-3.95466967434344,0.5));
#11780=CARTESIAN_POINT('',(-2.53182992068551,-3.95466967434344,0.48));
#11781=CARTESIAN_POINT('',(-2.52589164191941,-3.63748180768964,0.5));
#11782=CARTESIAN_POINT('',(-2.52589164191941,-3.63748180768964,0.48));
#11783=CARTESIAN_POINT('',(-2.5249772911783,-3.31533246978972,0.5));
#11784=CARTESIAN_POINT('',(-2.5249772911783,-3.31533246978972,0.48));
#11785=CARTESIAN_POINT('',(-2.53457297290885,-2.99653992157385,0.5));
#11786=CARTESIAN_POINT('',(-2.53457297290885,-2.99653992157385,0.48));
#11787=CARTESIAN_POINT('',(-2.49710459672774,-2.66928168586793,0.5));
#11788=CARTESIAN_POINT('',(-2.49710459672774,-2.66928168586793,0.48));
#11789=CARTESIAN_POINT('',(-2.19783359426287,-2.33629251272289,0.5));
#11790=CARTESIAN_POINT('',(-2.19783359426287,-2.33629251272289,0.48));
#11791=CARTESIAN_POINT('',(-1.71730110250466,-2.2877860312794,0.5));
#11792=CARTESIAN_POINT('',(-1.71730110250466,-2.2877860312794,0.48));
#11793=CARTESIAN_POINT('',(-1.36725471274768,-2.55992162936036,0.5));
#11794=CARTESIAN_POINT('',(-1.36725471274768,-2.55992162936036,0.48));
#11795=CARTESIAN_POINT('',(-1.25617216136066,-2.86058048076441,0.5));
#11796=CARTESIAN_POINT('',(-1.25617216136066,-2.86058048076441,0.48));
#11797=CARTESIAN_POINT('',(-1.28011834317604,-3.19302257369115,0.5));
#11798=CARTESIAN_POINT('',(-1.28011834317604,-3.19302257369115,0.48));
#11799=CARTESIAN_POINT('',(-1.27479696943929,-3.40434759919685,0.5));
#11800=CARTESIAN_POINT('',(-1.27479696943929,-3.40434759919685,0.48));
#11801=CARTESIAN_POINT('',(-1.27479696943929,-3.51129799150539,0.5));
#11802=CARTESIAN_POINT('',(-1.27479696943929,-3.51129799150539,0.48));
#11803=CARTESIAN_POINT('',(-1.3072544655753,-4.53834590495206,0.48));
#11804=CARTESIAN_POINT('',(-1.55918645939292,-4.53834590495206,0.48));
#11805=CARTESIAN_POINT('',(-1.81111845321054,-4.53834590495206,0.48));
#11806=CARTESIAN_POINT('',(-2.06305044702816,-4.53834590495206,0.48));
#11807=CARTESIAN_POINT('',(-2.24388506835737,-4.53834590495206,0.48));
#11808=CARTESIAN_POINT('',(-2.37139666032028,-4.46879412751775,0.48));
#11809=CARTESIAN_POINT('',(-2.45022200807916,-4.32737218006798,0.48));
#11810=CARTESIAN_POINT('',(-2.50076268112449,-4.23669626666314,0.48));
#11811=CARTESIAN_POINT('',(-2.52672896325691,-4.13262720325191,0.48));
#11812=CARTESIAN_POINT('',(-2.52672896325691,-4.01207078903243,0.48));
#11813=CARTESIAN_POINT('',(-2.52672896325691,-3.66199350927973,0.48));
#11814=CARTESIAN_POINT('',(-2.52672896325691,-3.31191622952703,0.48));
#11815=CARTESIAN_POINT('',(-2.52672896325691,-2.96183894977432,0.48));
#11816=CARTESIAN_POINT('',(-2.52672896325691,-2.78332272102625,0.48));
#11817=CARTESIAN_POINT('',(-2.46645075614717,-2.63494559583305,0.48));
#11818=CARTESIAN_POINT('',(-2.22070114254594,-2.3938327673941,0.48));
#11819=CARTESIAN_POINT('',(-2.07000562477159,-2.33587295286551,0.48));
#11820=CARTESIAN_POINT('',(-1.71760995243774,-2.33587295286551,0.48));
#11821=CARTESIAN_POINT('',(-1.57155121982569,-2.39151437481296,0.48));
#11822=CARTESIAN_POINT('',(-1.45331319818736,-2.50743400387015,0.48));
#11823=CARTESIAN_POINT('',(-1.33389302812645,-2.62451260196908,0.48));
#11824=CARTESIAN_POINT('',(-1.27479696943929,-2.76709397295825,0.48));
#11825=CARTESIAN_POINT('',(-1.27479696943929,-2.94097341654403,0.48));
#11826=CARTESIAN_POINT('',(-1.27479696943929,-3.13108160819781,0.48));
#11827=CARTESIAN_POINT('',(-1.27479696943929,-3.3211897998516,0.48));
#11828=CARTESIAN_POINT('',(-1.27479696943929,-3.51129799150539,0.48));
#11829=CARTESIAN_POINT('',(-1.3072544655753,-4.53834590495206,0.48));
#11830=CARTESIAN_POINT('',(-1.27479696943929,-3.51129799150539,0.48));
#11831=CARTESIAN_POINT('',(-1.27479696943929,-3.51129799150539,0.5));
#11832=CARTESIAN_POINT('',(-1.27479696943929,-3.51129799150539,0.5));
#11833=CARTESIAN_POINT('',(-1.3072544655753,-4.53834590495206,0.5));
#11834=CARTESIAN_POINT('',(-1.55918645939292,-4.53834590495206,0.5));
#11835=CARTESIAN_POINT('',(-1.81111845321054,-4.53834590495206,0.5));
#11836=CARTESIAN_POINT('',(-2.06305044702816,-4.53834590495206,0.5));
#11837=CARTESIAN_POINT('',(-2.24388506835737,-4.53834590495206,0.5));
#11838=CARTESIAN_POINT('',(-2.37139666032028,-4.46879412751775,0.5));
#11839=CARTESIAN_POINT('',(-2.45022200807916,-4.32737218006798,0.5));
#11840=CARTESIAN_POINT('',(-2.50076268112449,-4.23669626666314,0.5));
#11841=CARTESIAN_POINT('',(-2.52672896325691,-4.13262720325191,0.5));
#11842=CARTESIAN_POINT('',(-2.52672896325691,-4.01207078903243,0.5));
#11843=CARTESIAN_POINT('',(-2.52672896325691,-3.66199350927973,0.5));
#11844=CARTESIAN_POINT('',(-2.52672896325691,-3.31191622952703,0.5));
#11845=CARTESIAN_POINT('',(-2.52672896325691,-2.96183894977432,0.5));
#11846=CARTESIAN_POINT('',(-2.52672896325691,-2.78332272102625,0.5));
#11847=CARTESIAN_POINT('',(-2.46645075614717,-2.63494559583305,0.5));
#11848=CARTESIAN_POINT('',(-2.22070114254594,-2.3938327673941,0.5));
#11849=CARTESIAN_POINT('',(-2.07000562477159,-2.33587295286551,0.5));
#11850=CARTESIAN_POINT('',(-1.71760995243774,-2.33587295286551,0.5));
#11851=CARTESIAN_POINT('',(-1.57155121982569,-2.39151437481296,0.5));
#11852=CARTESIAN_POINT('',(-1.45331319818736,-2.50743400387015,0.5));
#11853=CARTESIAN_POINT('',(-1.33389302812645,-2.62451260196908,0.5));
#11854=CARTESIAN_POINT('',(-1.27479696943929,-2.76709397295825,0.5));
#11855=CARTESIAN_POINT('',(-1.27479696943929,-2.94097341654403,0.5));
#11856=CARTESIAN_POINT('',(-1.27479696943929,-3.13108160819781,0.5));
#11857=CARTESIAN_POINT('',(-1.27479696943929,-3.3211897998516,0.5));
#11858=CARTESIAN_POINT('',(-1.27479696943929,-3.51129799150539,0.5));
#11859=CARTESIAN_POINT('',(-1.3072544655753,-4.53834590495206,0.5));
#11860=CARTESIAN_POINT('',(-1.3072544655753,-4.53834590495206,0.5));
#11861=CARTESIAN_POINT('',(-1.27479696943929,-3.51129799150539,0.5));
#11862=CARTESIAN_POINT('',(-1.27479696943929,-3.51129799150539,0.48));
#11863=CARTESIAN_POINT('',(-1.61791907144856,-3.51129799150539,0.48));
#11864=CARTESIAN_POINT('',(-1.96104117345784,-3.51129799150539,0.48));
#11865=CARTESIAN_POINT('',(-2.30416327546711,-3.51129799150539,0.48));
#11866=CARTESIAN_POINT('',(-2.30416327546711,-3.51129799150539,0.48));
#11867=CARTESIAN_POINT('',(-2.30416327546711,-3.51129799150539,0.5));
#11868=CARTESIAN_POINT('',(-2.30416327546711,-3.51129799150539,0.5));
#11869=CARTESIAN_POINT('',(-1.27479696943929,-3.51129799150539,0.5));
#11870=CARTESIAN_POINT('',(-1.61791907144856,-3.51129799150539,0.5));
#11871=CARTESIAN_POINT('',(-1.96104117345784,-3.51129799150539,0.5));
#11872=CARTESIAN_POINT('',(-2.30416327546711,-3.51129799150539,0.5));
#11873=CARTESIAN_POINT('',(-2.30416327546711,-3.51129799150539,0.5));
#11874=CARTESIAN_POINT('',(-2.30416327546711,-3.51129799150539,0.48));
#11875=CARTESIAN_POINT('',(-2.30416327546711,-3.6521329986579,0.5));
#11876=CARTESIAN_POINT('',(-2.30416327546711,-3.6521329986579,0.48));
#11877=CARTESIAN_POINT('',(-2.3076288443406,-3.84779650699485,0.5));
#11878=CARTESIAN_POINT('',(-2.3076288443406,-3.84779650699485,0.48));
#11879=CARTESIAN_POINT('',(-2.29838732734463,-4.17103719434477,0.5));
#11880=CARTESIAN_POINT('',(-2.29838732734463,-4.17103719434477,0.48));
#11881=CARTESIAN_POINT('',(-2.17694133994034,-4.31247874426875,0.5));
#11882=CARTESIAN_POINT('',(-2.17694133994034,-4.31247874426875,0.48));
#11883=CARTESIAN_POINT('',(-1.9345180947485,-4.33422000117028,0.5));
#11884=CARTESIAN_POINT('',(-1.9345180947485,-4.33422000117028,0.48));
#11885=CARTESIAN_POINT('',(-1.66323832526448,-4.32697291553644,0.5));
#11886=CARTESIAN_POINT('',(-1.66323832526448,-4.32697291553644,0.48));
#11887=CARTESIAN_POINT('',(-1.44808947272782,-4.32969057264913,0.5));
#11888=CARTESIAN_POINT('',(-1.44808947272782,-4.32969057264913,0.48));
#11889=CARTESIAN_POINT('',(-1.3072544655753,-4.32969057264913,0.5));
#11890=CARTESIAN_POINT('',(-1.3072544655753,-4.32969057264913,0.48));
#11891=CARTESIAN_POINT('',(-2.30416327546711,-3.51129799150539,0.48));
#11892=CARTESIAN_POINT('',(-2.30416327546711,-3.67358547218545,0.48));
#11893=CARTESIAN_POINT('',(-2.30416327546711,-3.83587295286551,0.48));
#11894=CARTESIAN_POINT('',(-2.30416327546711,-3.99816043354557,0.48));
#11895=CARTESIAN_POINT('',(-2.30416327546711,-4.21840772875423,0.48));
#11896=CARTESIAN_POINT('',(-2.19288043157221,-4.32969057264913,0.48));
#11897=CARTESIAN_POINT('',(-1.97263313636355,-4.32969057264913,0.48));
#11898=CARTESIAN_POINT('',(-1.7508402461008,-4.32969057264913,0.48));
#11899=CARTESIAN_POINT('',(-1.52904735583805,-4.32969057264913,0.48));
#11900=CARTESIAN_POINT('',(-1.3072544655753,-4.32969057264913,0.48));
#11901=CARTESIAN_POINT('',(-1.3072544655753,-4.32969057264913,0.48));
#11902=CARTESIAN_POINT('',(-1.3072544655753,-4.32969057264913,0.5));
#11903=CARTESIAN_POINT('',(-1.3072544655753,-4.32969057264913,0.5));
#11904=CARTESIAN_POINT('',(-2.30416327546711,-3.51129799150539,0.5));
#11905=CARTESIAN_POINT('',(-2.30416327546711,-3.67358547218545,0.5));
#11906=CARTESIAN_POINT('',(-2.30416327546711,-3.83587295286551,0.5));
#11907=CARTESIAN_POINT('',(-2.30416327546711,-3.99816043354557,0.5));
#11908=CARTESIAN_POINT('',(-2.30416327546711,-4.21840772875423,0.5));
#11909=CARTESIAN_POINT('',(-2.19288043157221,-4.32969057264913,0.5));
#11910=CARTESIAN_POINT('',(-1.97263313636355,-4.32969057264913,0.5));
#11911=CARTESIAN_POINT('',(-1.7508402461008,-4.32969057264913,0.5));
#11912=CARTESIAN_POINT('',(-1.52904735583805,-4.32969057264913,0.5));
#11913=CARTESIAN_POINT('',(-1.3072544655753,-4.32969057264913,0.5));
#11914=CARTESIAN_POINT('',(-2.30416327546711,-3.30264265920245,0.5));
#11915=CARTESIAN_POINT('',(-2.30416327546711,-3.30264265920245,0.48));
#11916=CARTESIAN_POINT('',(-2.0313657484192,-3.30264265920245,0.48));
#11917=CARTESIAN_POINT('',(-1.75856822137128,-3.30264265920245,0.48));
#11918=CARTESIAN_POINT('',(-1.48577069432337,-3.30264265920245,0.48));
#11919=CARTESIAN_POINT('',(-2.30416327546711,-3.30264265920245,0.48));
#11920=CARTESIAN_POINT('',(-1.48577069432337,-3.30264265920245,0.48));
#11921=CARTESIAN_POINT('',(-1.48577069432337,-3.30264265920245,0.5));
#11922=CARTESIAN_POINT('',(-1.48577069432337,-3.30264265920245,0.5));
#11923=CARTESIAN_POINT('',(-2.30416327546711,-3.30264265920245,0.5));
#11924=CARTESIAN_POINT('',(-2.0313657484192,-3.30264265920245,0.5));
#11925=CARTESIAN_POINT('',(-1.75856822137128,-3.30264265920245,0.5));
#11926=CARTESIAN_POINT('',(-1.48577069432337,-3.30264265920245,0.5));
#11927=CARTESIAN_POINT('',(-2.30416327546711,-3.30264265920245,0.5));
#11928=CARTESIAN_POINT('',(-2.30416327546711,-3.30264265920245,0.5));
#11929=CARTESIAN_POINT('',(-1.48577069432337,-3.30264265920245,0.5));
#11930=CARTESIAN_POINT('',(-1.48577069432337,-3.30264265920245,0.48));
#11931=CARTESIAN_POINT('',(-1.48577069432337,-3.19676939799688,0.48));
#11932=CARTESIAN_POINT('',(-1.48577069432337,-3.09089613679132,0.48));
#11933=CARTESIAN_POINT('',(-1.48577069432337,-2.98502287558576,0.48));
#11934=CARTESIAN_POINT('',(-1.48577069432337,-2.98502287558576,0.48));
#11935=CARTESIAN_POINT('',(-1.48577069432337,-2.98502287558576,0.5));
#11936=CARTESIAN_POINT('',(-1.48577069432337,-2.98502287558576,0.5));
#11937=CARTESIAN_POINT('',(-1.48577069432337,-3.30264265920245,0.5));
#11938=CARTESIAN_POINT('',(-1.48577069432337,-3.19676939799688,0.5));
#11939=CARTESIAN_POINT('',(-1.48577069432337,-3.09089613679132,0.5));
#11940=CARTESIAN_POINT('',(-1.48577069432337,-2.98502287558576,0.5));
#11941=CARTESIAN_POINT('',(-1.48577069432337,-2.98502287558576,0.5));
#11942=CARTESIAN_POINT('',(-1.48577069432337,-2.98502287558576,0.48));
#11943=CARTESIAN_POINT('',(-1.48577069432337,-2.8294445948984,0.5));
#11944=CARTESIAN_POINT('',(-1.48577069432337,-2.8294445948984,0.48));
#11945=CARTESIAN_POINT('',(-1.59506978094981,-2.56675367911617,0.5));
#11946=CARTESIAN_POINT('',(-1.59506978094981,-2.56675367911617,0.48));
#11947=CARTESIAN_POINT('',(-2.08205925476529,-2.51975101671087,0.5));
#11948=CARTESIAN_POINT('',(-2.08205925476529,-2.51975101671087,0.48));
#11949=CARTESIAN_POINT('',(-2.31513989988379,-2.7964338915386,0.5));
#11950=CARTESIAN_POINT('',(-2.31513989988379,-2.7964338915386,0.48));
#11951=CARTESIAN_POINT('',(-2.30196795058377,-3.10024281364083,0.5));
#11952=CARTESIAN_POINT('',(-2.30196795058377,-3.10024281364083,0.48));
#11953=CARTESIAN_POINT('',(-2.30416327546711,-3.23363320486282,0.5));
#11954=CARTESIAN_POINT('',(-2.30416327546711,-3.23363320486282,0.48));
#11955=CARTESIAN_POINT('',(-2.30416327546711,-3.30264265920245,0.5));
#11956=CARTESIAN_POINT('',(-2.30416327546711,-3.30264265920245,0.48));
#11957=CARTESIAN_POINT('',(-1.48577069432337,-2.98502287558576,0.48));
#11958=CARTESIAN_POINT('',(-1.48577069432337,-2.85982967620399,0.48));
#11959=CARTESIAN_POINT('',(-1.52054658304052,-2.75782040263367,0.48));
#11960=CARTESIAN_POINT('',(-1.66428692307144,-2.59553292195361,0.48));
#11961=CARTESIAN_POINT('',(-1.75934101889833,-2.55380185549302,0.48));
#11962=CARTESIAN_POINT('',(-1.98654349185042,-2.55380185549302,0.48));
#11963=CARTESIAN_POINT('',(-2.07696080251502,-2.58394095904789,0.48));
#11964=CARTESIAN_POINT('',(-2.15346775769277,-2.64190077357648,0.48));
#11965=CARTESIAN_POINT('',(-2.25363205607016,-2.71778281780178,0.48));
#11966=CARTESIAN_POINT('',(-2.30416327546711,-2.83200896523027,0.48));
#11967=CARTESIAN_POINT('',(-2.30416327546711,-2.98270448300461,0.48));
#11968=CARTESIAN_POINT('',(-2.30416327546711,-3.08935054173722,0.48));
#11969=CARTESIAN_POINT('',(-2.30416327546711,-3.19599660046984,0.48));
#11970=CARTESIAN_POINT('',(-2.30416327546711,-3.30264265920245,0.48));
#11971=CARTESIAN_POINT('',(-1.48577069432337,-2.98502287558576,0.5));
#11972=CARTESIAN_POINT('',(-1.48577069432337,-2.85982967620399,0.5));
#11973=CARTESIAN_POINT('',(-1.52054658304052,-2.75782040263367,0.5));
#11974=CARTESIAN_POINT('',(-1.66428692307144,-2.59553292195361,0.5));
#11975=CARTESIAN_POINT('',(-1.75934101889833,-2.55380185549302,0.5));
#11976=CARTESIAN_POINT('',(-1.98654349185042,-2.55380185549302,0.5));
#11977=CARTESIAN_POINT('',(-2.07696080251502,-2.58394095904789,0.5));
#11978=CARTESIAN_POINT('',(-2.15346775769277,-2.64190077357648,0.5));
#11979=CARTESIAN_POINT('',(-2.25363205607016,-2.71778281780178,0.5));
#11980=CARTESIAN_POINT('',(-2.30416327546711,-2.83200896523027,0.5));
#11981=CARTESIAN_POINT('',(-2.30416327546711,-2.98270448300461,0.5));
#11982=CARTESIAN_POINT('',(-2.30416327546711,-3.08935054173722,0.5));
#11983=CARTESIAN_POINT('',(-2.30416327546711,-3.19599660046984,0.5));
#11984=CARTESIAN_POINT('',(-2.30416327546711,-3.30264265920245,0.5));
#11985=CARTESIAN_POINT('',(-1.3072544655753,-4.32969057264913,0.5));
#11986=CARTESIAN_POINT('',(-1.3072544655753,-4.32969057264913,0.48));
#11987=CARTESIAN_POINT('',(-1.3072544655753,-4.39924235008344,0.48));
#11988=CARTESIAN_POINT('',(-1.3072544655753,-4.46879412751775,0.48));
#11989=CARTESIAN_POINT('',(-1.3072544655753,-4.53834590495206,0.48));
#11990=CARTESIAN_POINT('',(-1.3072544655753,-4.32969057264913,0.5));
#11991=CARTESIAN_POINT('',(-1.3072544655753,-4.39924235008344,0.5));
#11992=CARTESIAN_POINT('',(-1.3072544655753,-4.46879412751775,0.5));
#11993=CARTESIAN_POINT('',(-1.3072544655753,-4.53834590495206,0.5));
#11994=CARTESIAN_POINT('',(-2.52672896325691,-2.99512897365884,0.5));
#11995=CARTESIAN_POINT('',(-2.52672896325691,-2.99512897365884,0.48));
#11996=CARTESIAN_POINT('',(0.0721891202052245,-1.74931962983614,0.5));
#11997=CARTESIAN_POINT('',(0.0721891202052245,-1.74931962983614,0.48));
#11998=CARTESIAN_POINT('',(-0.00431783497251842,-1.74931962983614,0.48));
#11999=CARTESIAN_POINT('',(-0.0808247901502614,-1.74931962983614,0.48));
#12000=CARTESIAN_POINT('',(-0.157331745328004,-1.74931962983614,0.48));
#12001=CARTESIAN_POINT('',(0.0721891202052245,-1.74931962983614,0.48));
#12002=CARTESIAN_POINT('',(-0.157331745328004,-1.74931962983614,0.48));
#12003=CARTESIAN_POINT('',(-0.157331745328004,-1.74931962983614,0.5));
#12004=CARTESIAN_POINT('',(-0.157331745328004,-1.74931962983614,0.5));
#12005=CARTESIAN_POINT('',(0.0721891202052245,-1.74931962983614,0.5));
#12006=CARTESIAN_POINT('',(-0.00431783497251842,-1.74931962983614,0.5));
#12007=CARTESIAN_POINT('',(-0.0808247901502614,-1.74931962983614,0.5));
#12008=CARTESIAN_POINT('',(-0.157331745328004,-1.74931962983614,0.5));
#12009=CARTESIAN_POINT('',(0.0721891202052245,-1.74931962983614,0.5));
#12010=CARTESIAN_POINT('',(0.0721891202052245,-1.74931962983614,0.5));
#12011=CARTESIAN_POINT('',(-0.157331745328004,-1.74931962983614,0.5));
#12012=CARTESIAN_POINT('',(-0.157331745328004,-1.74931962983614,0.48));
#12013=CARTESIAN_POINT('',(-0.265879822965142,-1.74931962983614,0.5));
#12014=CARTESIAN_POINT('',(-0.265879822965142,-1.74931962983614,0.48));
#12015=CARTESIAN_POINT('',(-0.412000382806392,-1.83637232493169,0.5));
#12016=CARTESIAN_POINT('',(-0.412000382806392,-1.83637232493169,0.48));
#12017=CARTESIAN_POINT('',(-0.401439372732782,-2.21623334935137,0.5));
#12018=CARTESIAN_POINT('',(-0.401439372732782,-2.21623334935137,0.48));
#12019=CARTESIAN_POINT('',(-0.405399751510386,-2.4622809402518,0.5));
#12020=CARTESIAN_POINT('',(-0.405399751510386,-2.4622809402518,0.48));
#12021=CARTESIAN_POINT('',(-0.405399751510386,-2.63494559583305,0.5));
#12022=CARTESIAN_POINT('',(-0.405399751510386,-2.63494559583305,0.48));
#12023=CARTESIAN_POINT('',(-0.157331745328004,-1.74931962983614,0.48));
#12024=CARTESIAN_POINT('',(-0.27788815954748,-1.74931962983614,0.48));
#12025=CARTESIAN_POINT('',(-0.354395114725223,-1.79568748145902,0.48));
#12026=CARTESIAN_POINT('',(-0.384534218280093,-1.88842318470477,0.48));
#12027=CARTESIAN_POINT('',(-0.398811532457018,-1.93235338217223,0.48));
#12028=CARTESIAN_POINT('',(-0.405399751510386,-1.99506924343738,0.48));
#12029=CARTESIAN_POINT('',(-0.405399751510386,-2.07853137635856,0.48));
#12030=CARTESIAN_POINT('',(-0.405399751510386,-2.26400278285005,0.48));
#12031=CARTESIAN_POINT('',(-0.405399751510386,-2.44947418934155,0.48));
#12032=CARTESIAN_POINT('',(-0.405399751510386,-2.63494559583305,0.48));
#12033=CARTESIAN_POINT('',(-0.405399751510386,-2.63494559583305,0.48));
#12034=CARTESIAN_POINT('',(-0.405399751510386,-2.63494559583305,0.5));
#12035=CARTESIAN_POINT('',(-0.405399751510386,-2.63494559583305,0.5));
#12036=CARTESIAN_POINT('',(-0.157331745328004,-1.74931962983614,0.5));
#12037=CARTESIAN_POINT('',(-0.27788815954748,-1.74931962983614,0.5));
#12038=CARTESIAN_POINT('',(-0.354395114725223,-1.79568748145902,0.5));
#12039=CARTESIAN_POINT('',(-0.384534218280093,-1.88842318470477,0.5));
#12040=CARTESIAN_POINT('',(-0.398811532457018,-1.93235338217223,0.5));
#12041=CARTESIAN_POINT('',(-0.405399751510386,-1.99506924343738,0.5));
#12042=CARTESIAN_POINT('',(-0.405399751510386,-2.07853137635856,0.5));
#12043=CARTESIAN_POINT('',(-0.405399751510386,-2.26400278285005,0.5));
#12044=CARTESIAN_POINT('',(-0.405399751510386,-2.44947418934155,0.5));
#12045=CARTESIAN_POINT('',(-0.405399751510386,-2.63494559583305,0.5));
#12046=CARTESIAN_POINT('',(-0.405399751510386,-2.63494559583305,0.5));
#12047=CARTESIAN_POINT('',(-0.405399751510386,-2.63494559583305,0.48));
#12048=CARTESIAN_POINT('',(-0.246203460938516,-2.63494559583305,0.48));
#12049=CARTESIAN_POINT('',(-0.0870071703666453,-2.63494559583305,0.48));
#12050=CARTESIAN_POINT('',(0.0721891202052245,-2.63494559583305,0.48));
#12051=CARTESIAN_POINT('',(0.0721891202052245,-2.63494559583305,0.48));
#12052=CARTESIAN_POINT('',(0.0721891202052245,-2.63494559583305,0.5));
#12053=CARTESIAN_POINT('',(0.0721891202052245,-2.63494559583305,0.5));
#12054=CARTESIAN_POINT('',(-0.405399751510386,-2.63494559583305,0.5));
#12055=CARTESIAN_POINT('',(-0.246203460938516,-2.63494559583305,0.5));
#12056=CARTESIAN_POINT('',(-0.0870071703666453,-2.63494559583305,0.5));
#12057=CARTESIAN_POINT('',(0.0721891202052245,-2.63494559583305,0.5));
#12058=CARTESIAN_POINT('',(0.0721891202052245,-2.63494559583305,0.5));
#12059=CARTESIAN_POINT('',(0.0721891202052245,-2.63494559583305,0.48));
#12060=CARTESIAN_POINT('',(0.0721891202052245,-2.70449737326736,0.48));
#12061=CARTESIAN_POINT('',(0.0721891202052245,-2.77404915070168,0.48));
#12062=CARTESIAN_POINT('',(0.0721891202052245,-2.84360092813599,0.48));
#12063=CARTESIAN_POINT('',(0.0721891202052245,-2.84360092813599,0.48));
#12064=CARTESIAN_POINT('',(0.0721891202052245,-2.84360092813599,0.5));
#12065=CARTESIAN_POINT('',(0.0721891202052245,-2.84360092813599,0.5));
#12066=CARTESIAN_POINT('',(0.0721891202052245,-2.63494559583305,0.5));
#12067=CARTESIAN_POINT('',(0.0721891202052245,-2.70449737326736,0.5));
#12068=CARTESIAN_POINT('',(0.0721891202052245,-2.77404915070168,0.5));
#12069=CARTESIAN_POINT('',(0.0721891202052245,-2.84360092813599,0.5));
#12070=CARTESIAN_POINT('',(0.0721891202052245,-2.84360092813599,0.5));
#12071=CARTESIAN_POINT('',(0.0721891202052245,-2.84360092813599,0.48));
#12072=CARTESIAN_POINT('',(-0.0870071703666453,-2.84360092813599,0.48));
#12073=CARTESIAN_POINT('',(-0.246203460938516,-2.84360092813599,0.48));
#12074=CARTESIAN_POINT('',(-0.405399751510386,-2.84360092813599,0.48));
#12075=CARTESIAN_POINT('',(-0.405399751510386,-2.84360092813599,0.48));
#12076=CARTESIAN_POINT('',(-0.405399751510386,-2.84360092813599,0.5));
#12077=CARTESIAN_POINT('',(-0.405399751510386,-2.84360092813599,0.5));
#12078=CARTESIAN_POINT('',(0.0721891202052245,-2.84360092813599,0.5));
#12079=CARTESIAN_POINT('',(-0.0870071703666453,-2.84360092813599,0.5));
#12080=CARTESIAN_POINT('',(-0.246203460938516,-2.84360092813599,0.5));
#12081=CARTESIAN_POINT('',(-0.405399751510386,-2.84360092813599,0.5));
#12082=CARTESIAN_POINT('',(-0.405399751510386,-2.84360092813599,0.5));
#12083=CARTESIAN_POINT('',(-0.405399751510386,-2.84360092813599,0.48));
#12084=CARTESIAN_POINT('',(-0.405399751510386,-3.40851592040801,0.48));
#12085=CARTESIAN_POINT('',(-0.405399751510386,-3.97343091268004,0.48));
#12086=CARTESIAN_POINT('',(-0.405399751510386,-4.53834590495206,0.48));
#12087=CARTESIAN_POINT('',(-0.405399751510386,-4.53834590495206,0.48));
#12088=CARTESIAN_POINT('',(-0.405399751510386,-4.53834590495206,0.5));
#12089=CARTESIAN_POINT('',(-0.405399751510386,-4.53834590495206,0.5));
#12090=CARTESIAN_POINT('',(-0.405399751510386,-2.84360092813599,0.5));
#12091=CARTESIAN_POINT('',(-0.405399751510386,-3.40851592040801,0.5));
#12092=CARTESIAN_POINT('',(-0.405399751510386,-3.97343091268004,0.5));
#12093=CARTESIAN_POINT('',(-0.405399751510386,-4.53834590495206,0.5));
#12094=CARTESIAN_POINT('',(-0.405399751510386,-4.53834590495206,0.5));
#12095=CARTESIAN_POINT('',(-0.405399751510386,-4.53834590495206,0.48));
#12096=CARTESIAN_POINT('',(-0.475724326471746,-4.53834590495206,0.48));
#12097=CARTESIAN_POINT('',(-0.546048901433106,-4.53834590495206,0.48));
#12098=CARTESIAN_POINT('',(-0.616373476394465,-4.53834590495206,0.48));
#12099=CARTESIAN_POINT('',(-0.616373476394465,-4.53834590495206,0.48));
#12100=CARTESIAN_POINT('',(-0.616373476394465,-4.53834590495206,0.5));
#12101=CARTESIAN_POINT('',(-0.616373476394465,-4.53834590495206,0.5));
#12102=CARTESIAN_POINT('',(-0.405399751510386,-4.53834590495206,0.5));
#12103=CARTESIAN_POINT('',(-0.475724326471746,-4.53834590495206,0.5));
#12104=CARTESIAN_POINT('',(-0.546048901433106,-4.53834590495206,0.5));
#12105=CARTESIAN_POINT('',(-0.616373476394465,-4.53834590495206,0.5));
#12106=CARTESIAN_POINT('',(-0.616373476394465,-4.53834590495206,0.5));
#12107=CARTESIAN_POINT('',(-0.616373476394465,-4.53834590495206,0.48));
#12108=CARTESIAN_POINT('',(-0.616373476394465,-3.97343091268004,0.48));
#12109=CARTESIAN_POINT('',(-0.616373476394465,-3.40851592040801,0.48));
#12110=CARTESIAN_POINT('',(-0.616373476394465,-2.84360092813599,0.48));
#12111=CARTESIAN_POINT('',(-0.616373476394465,-2.84360092813599,0.48));
#12112=CARTESIAN_POINT('',(-0.616373476394465,-2.84360092813599,0.5));
#12113=CARTESIAN_POINT('',(-0.616373476394465,-2.84360092813599,0.5));
#12114=CARTESIAN_POINT('',(-0.616373476394465,-4.53834590495206,0.5));
#12115=CARTESIAN_POINT('',(-0.616373476394465,-3.97343091268004,0.5));
#12116=CARTESIAN_POINT('',(-0.616373476394465,-3.40851592040801,0.5));
#12117=CARTESIAN_POINT('',(-0.616373476394465,-2.84360092813599,0.5));
#12118=CARTESIAN_POINT('',(-0.616373476394465,-2.84360092813599,0.5));
#12119=CARTESIAN_POINT('',(-0.616373476394465,-2.84360092813599,0.48));
#12120=CARTESIAN_POINT('',(-0.716837154910694,-2.84360092813599,0.48));
#12121=CARTESIAN_POINT('',(-0.817300833426924,-2.84360092813599,0.48));
#12122=CARTESIAN_POINT('',(-0.917764511943153,-2.84360092813599,0.48));
#12123=CARTESIAN_POINT('',(-0.917764511943153,-2.84360092813599,0.48));
#12124=CARTESIAN_POINT('',(-0.917764511943153,-2.84360092813599,0.5));
#12125=CARTESIAN_POINT('',(-0.917764511943153,-2.84360092813599,0.5));
#12126=CARTESIAN_POINT('',(-0.616373476394465,-2.84360092813599,0.5));
#12127=CARTESIAN_POINT('',(-0.716837154910694,-2.84360092813599,0.5));
#12128=CARTESIAN_POINT('',(-0.817300833426924,-2.84360092813599,0.5));
#12129=CARTESIAN_POINT('',(-0.917764511943153,-2.84360092813599,0.5));
#12130=CARTESIAN_POINT('',(-0.917764511943153,-2.84360092813599,0.5));
#12131=CARTESIAN_POINT('',(-0.917764511943153,-2.84360092813599,0.48));
#12132=CARTESIAN_POINT('',(-0.917764511943153,-2.77404915070168,0.48));
#12133=CARTESIAN_POINT('',(-0.917764511943153,-2.70449737326736,0.48));
#12134=CARTESIAN_POINT('',(-0.917764511943153,-2.63494559583305,0.48));
#12135=CARTESIAN_POINT('',(-0.917764511943153,-2.63494559583305,0.48));
#12136=CARTESIAN_POINT('',(-0.917764511943153,-2.63494559583305,0.5));
#12137=CARTESIAN_POINT('',(-0.917764511943153,-2.63494559583305,0.5));
#12138=CARTESIAN_POINT('',(-0.917764511943153,-2.84360092813599,0.5));
#12139=CARTESIAN_POINT('',(-0.917764511943153,-2.77404915070168,0.5));
#12140=CARTESIAN_POINT('',(-0.917764511943153,-2.70449737326736,0.5));
#12141=CARTESIAN_POINT('',(-0.917764511943153,-2.63494559583305,0.5));
#12142=CARTESIAN_POINT('',(-0.917764511943153,-2.63494559583305,0.5));
#12143=CARTESIAN_POINT('',(-0.917764511943153,-2.63494559583305,0.48));
#12144=CARTESIAN_POINT('',(-0.817300833426924,-2.63494559583305,0.48));
#12145=CARTESIAN_POINT('',(-0.716837154910694,-2.63494559583305,0.48));
#12146=CARTESIAN_POINT('',(-0.616373476394465,-2.63494559583305,0.48));
#12147=CARTESIAN_POINT('',(-0.616373476394465,-2.63494559583305,0.48));
#12148=CARTESIAN_POINT('',(-0.616373476394465,-2.63494559583305,0.5));
#12149=CARTESIAN_POINT('',(-0.616373476394465,-2.63494559583305,0.5));
#12150=CARTESIAN_POINT('',(-0.917764511943153,-2.63494559583305,0.5));
#12151=CARTESIAN_POINT('',(-0.817300833426924,-2.63494559583305,0.5));
#12152=CARTESIAN_POINT('',(-0.716837154910694,-2.63494559583305,0.5));
#12153=CARTESIAN_POINT('',(-0.616373476394465,-2.63494559583305,0.5));
#12154=CARTESIAN_POINT('',(-0.616373476394465,-2.63494559583305,0.5));
#12155=CARTESIAN_POINT('',(-0.616373476394465,-2.63494559583305,0.48));
#12156=CARTESIAN_POINT('',(-0.616373476394465,-2.49982468517138,0.5));
#12157=CARTESIAN_POINT('',(-0.616373476394465,-2.49982468517138,0.48));
#12158=CARTESIAN_POINT('',(-0.614479828121469,-2.29077195000972,0.5));
#12159=CARTESIAN_POINT('',(-0.614479828121469,-2.29077195000972,0.48));
#12160=CARTESIAN_POINT('',(-0.619529556849459,-2.03752044647078,0.5));
#12161=CARTESIAN_POINT('',(-0.619529556849459,-2.03752044647078,0.48));
#12162=CARTESIAN_POINT('',(-0.599330641937498,-1.69931735400981,0.5));
#12163=CARTESIAN_POINT('',(-0.599330641937498,-1.69931735400981,0.48));
#12164=CARTESIAN_POINT('',(-0.424169350172209,-1.54051015742302,0.5));
#12165=CARTESIAN_POINT('',(-0.424169350172209,-1.54051015742302,0.48));
#12166=CARTESIAN_POINT('',(-0.125805189174968,-1.54069512555525,0.5));
#12167=CARTESIAN_POINT('',(-0.125805189174968,-1.54069512555525,0.48));
#12168=CARTESIAN_POINT('',(0.00462866487438823,-1.54066429753321,0.5));
#12169=CARTESIAN_POINT('',(0.00462866487438823,-1.54066429753321,0.48));
#12170=CARTESIAN_POINT('',(0.0721891202052245,-1.54066429753321,0.5));
#12171=CARTESIAN_POINT('',(0.0721891202052245,-1.54066429753321,0.48));
#12172=CARTESIAN_POINT('',(-0.616373476394465,-2.63494559583305,0.48));
#12173=CARTESIAN_POINT('',(-0.616373476394465,-2.42242627589488,0.48));
#12174=CARTESIAN_POINT('',(-0.616373476394465,-2.2099069559567,0.48));
#12175=CARTESIAN_POINT('',(-0.616373476394465,-1.99738763601852,0.48));
#12176=CARTESIAN_POINT('',(-0.616373476394465,-1.69367820788869,0.48));
#12177=CARTESIAN_POINT('',(-0.481906706688129,-1.54066429753321,0.48));
#12178=CARTESIAN_POINT('',(-0.215291559856598,-1.54066429753321,0.48));
#12179=CARTESIAN_POINT('',(-0.119464666502657,-1.54066429753321,0.48));
#12180=CARTESIAN_POINT('',(-0.023637773148716,-1.54066429753321,0.48));
#12181=CARTESIAN_POINT('',(0.0721891202052245,-1.54066429753321,0.48));
#12182=CARTESIAN_POINT('',(0.0721891202052245,-1.54066429753321,0.48));
#12183=CARTESIAN_POINT('',(0.0721891202052245,-1.54066429753321,0.5));
#12184=CARTESIAN_POINT('',(0.0721891202052245,-1.54066429753321,0.5));
#12185=CARTESIAN_POINT('',(-0.616373476394465,-2.63494559583305,0.5));
#12186=CARTESIAN_POINT('',(-0.616373476394465,-2.42242627589488,0.5));
#12187=CARTESIAN_POINT('',(-0.616373476394465,-2.2099069559567,0.5));
#12188=CARTESIAN_POINT('',(-0.616373476394465,-1.99738763601852,0.5));
#12189=CARTESIAN_POINT('',(-0.616373476394465,-1.69367820788869,0.5));
#12190=CARTESIAN_POINT('',(-0.481906706688129,-1.54066429753321,0.5));
#12191=CARTESIAN_POINT('',(-0.215291559856598,-1.54066429753321,0.5));
#12192=CARTESIAN_POINT('',(-0.119464666502657,-1.54066429753321,0.5));
#12193=CARTESIAN_POINT('',(-0.023637773148716,-1.54066429753321,0.5));
#12194=CARTESIAN_POINT('',(0.0721891202052245,-1.54066429753321,0.5));
#12195=CARTESIAN_POINT('',(0.0721891202052245,-1.54066429753321,0.5));
#12196=CARTESIAN_POINT('',(0.0721891202052245,-1.54066429753321,0.48));
#12197=CARTESIAN_POINT('',(0.0721891202052245,-1.61021607496752,0.48));
#12198=CARTESIAN_POINT('',(0.0721891202052245,-1.67976785240183,0.48));
#12199=CARTESIAN_POINT('',(0.0721891202052245,-1.74931962983614,0.48));
#12200=CARTESIAN_POINT('',(0.0721891202052245,-1.54066429753321,0.5));
#12201=CARTESIAN_POINT('',(0.0721891202052245,-1.61021607496752,0.5));
#12202=CARTESIAN_POINT('',(0.0721891202052245,-1.67976785240183,0.5));
#12203=CARTESIAN_POINT('',(0.0721891202052245,-1.74931962983614,0.5));
#12204=CARTESIAN_POINT('',(-0.405399751510386,-2.1169516290893,0.5));
#12205=CARTESIAN_POINT('',(-0.405399751510386,-2.1169516290893,0.48));
#12206=CARTESIAN_POINT('',(1.34962343241543,-1.74931962983614,0.5));
#12207=CARTESIAN_POINT('',(1.34962343241543,-1.74931962983614,0.48));
#12208=CARTESIAN_POINT('',(1.27311647723768,-1.74931962983614,0.48));
#12209=CARTESIAN_POINT('',(1.19660952205994,-1.74931962983614,0.48));
#12210=CARTESIAN_POINT('',(1.1201025668822,-1.74931962983614,0.48));
#12211=CARTESIAN_POINT('',(1.34962343241543,-1.74931962983614,0.48));
#12212=CARTESIAN_POINT('',(1.1201025668822,-1.74931962983614,0.48));
#12213=CARTESIAN_POINT('',(1.1201025668822,-1.74931962983614,0.5));
#12214=CARTESIAN_POINT('',(1.1201025668822,-1.74931962983614,0.5));
#12215=CARTESIAN_POINT('',(1.34962343241543,-1.74931962983614,0.5));
#12216=CARTESIAN_POINT('',(1.27311647723768,-1.74931962983614,0.5));
#12217=CARTESIAN_POINT('',(1.19660952205994,-1.74931962983614,0.5));
#12218=CARTESIAN_POINT('',(1.1201025668822,-1.74931962983614,0.5));
#12219=CARTESIAN_POINT('',(1.34962343241543,-1.74931962983614,0.5));
#12220=CARTESIAN_POINT('',(1.34962343241543,-1.74931962983614,0.5));
#12221=CARTESIAN_POINT('',(1.1201025668822,-1.74931962983614,0.5));
#12222=CARTESIAN_POINT('',(1.1201025668822,-1.74931962983614,0.48));
#12223=CARTESIAN_POINT('',(1.01155448924506,-1.74931962983614,0.5));
#12224=CARTESIAN_POINT('',(1.01155448924506,-1.74931962983614,0.48));
#12225=CARTESIAN_POINT('',(0.865433929403809,-1.83637232493169,0.5));
#12226=CARTESIAN_POINT('',(0.865433929403809,-1.83637232493169,0.48));
#12227=CARTESIAN_POINT('',(0.875994939477419,-2.21623334935137,0.5));
#12228=CARTESIAN_POINT('',(0.875994939477419,-2.21623334935137,0.48));
#12229=CARTESIAN_POINT('',(0.872034560699815,-2.4622809402518,0.5));
#12230=CARTESIAN_POINT('',(0.872034560699815,-2.4622809402518,0.48));
#12231=CARTESIAN_POINT('',(0.872034560699815,-2.63494559583305,0.5));
#12232=CARTESIAN_POINT('',(0.872034560699815,-2.63494559583305,0.48));
#12233=CARTESIAN_POINT('',(1.1201025668822,-1.74931962983614,0.48));
#12234=CARTESIAN_POINT('',(0.99954615266272,-1.74931962983614,0.48));
#12235=CARTESIAN_POINT('',(0.923039197484977,-1.79568748145902,0.48));
#12236=CARTESIAN_POINT('',(0.892900093930109,-1.88842318470477,0.48));
#12237=CARTESIAN_POINT('',(0.878622779753184,-1.93235338217223,0.48));
#12238=CARTESIAN_POINT('',(0.872034560699815,-1.99506924343738,0.48));
#12239=CARTESIAN_POINT('',(0.872034560699815,-2.07853137635856,0.48));
#12240=CARTESIAN_POINT('',(0.872034560699815,-2.26400278285005,0.48));
#12241=CARTESIAN_POINT('',(0.872034560699815,-2.44947418934155,0.48));
#12242=CARTESIAN_POINT('',(0.872034560699815,-2.63494559583305,0.48));
#12243=CARTESIAN_POINT('',(0.872034560699815,-2.63494559583305,0.48));
#12244=CARTESIAN_POINT('',(0.872034560699815,-2.63494559583305,0.5));
#12245=CARTESIAN_POINT('',(0.872034560699815,-2.63494559583305,0.5));
#12246=CARTESIAN_POINT('',(1.1201025668822,-1.74931962983614,0.5));
#12247=CARTESIAN_POINT('',(0.99954615266272,-1.74931962983614,0.5));
#12248=CARTESIAN_POINT('',(0.923039197484977,-1.79568748145902,0.5));
#12249=CARTESIAN_POINT('',(0.892900093930109,-1.88842318470477,0.5));
#12250=CARTESIAN_POINT('',(0.878622779753184,-1.93235338217223,0.5));
#12251=CARTESIAN_POINT('',(0.872034560699815,-1.99506924343738,0.5));
#12252=CARTESIAN_POINT('',(0.872034560699815,-2.07853137635856,0.5));
#12253=CARTESIAN_POINT('',(0.872034560699815,-2.26400278285005,0.5));
#12254=CARTESIAN_POINT('',(0.872034560699815,-2.44947418934155,0.5));
#12255=CARTESIAN_POINT('',(0.872034560699815,-2.63494559583305,0.5));
#12256=CARTESIAN_POINT('',(0.872034560699815,-2.63494559583305,0.5));
#12257=CARTESIAN_POINT('',(0.872034560699815,-2.63494559583305,0.48));
#12258=CARTESIAN_POINT('',(1.03123085127169,-2.63494559583305,0.48));
#12259=CARTESIAN_POINT('',(1.19042714184356,-2.63494559583305,0.48));
#12260=CARTESIAN_POINT('',(1.34962343241543,-2.63494559583305,0.48));
#12261=CARTESIAN_POINT('',(1.34962343241543,-2.63494559583305,0.48));
#12262=CARTESIAN_POINT('',(1.34962343241543,-2.63494559583305,0.5));
#12263=CARTESIAN_POINT('',(1.34962343241543,-2.63494559583305,0.5));
#12264=CARTESIAN_POINT('',(0.872034560699815,-2.63494559583305,0.5));
#12265=CARTESIAN_POINT('',(1.03123085127169,-2.63494559583305,0.5));
#12266=CARTESIAN_POINT('',(1.19042714184356,-2.63494559583305,0.5));
#12267=CARTESIAN_POINT('',(1.34962343241543,-2.63494559583305,0.5));
#12268=CARTESIAN_POINT('',(1.34962343241543,-2.63494559583305,0.5));
#12269=CARTESIAN_POINT('',(1.34962343241543,-2.63494559583305,0.48));
#12270=CARTESIAN_POINT('',(1.34962343241543,-2.70449737326736,0.48));
#12271=CARTESIAN_POINT('',(1.34962343241543,-2.77404915070168,0.48));
#12272=CARTESIAN_POINT('',(1.34962343241543,-2.84360092813599,0.48));
#12273=CARTESIAN_POINT('',(1.34962343241543,-2.84360092813599,0.48));
#12274=CARTESIAN_POINT('',(1.34962343241543,-2.84360092813599,0.5));
#12275=CARTESIAN_POINT('',(1.34962343241543,-2.84360092813599,0.5));
#12276=CARTESIAN_POINT('',(1.34962343241543,-2.63494559583305,0.5));
#12277=CARTESIAN_POINT('',(1.34962343241543,-2.70449737326736,0.5));
#12278=CARTESIAN_POINT('',(1.34962343241543,-2.77404915070168,0.5));
#12279=CARTESIAN_POINT('',(1.34962343241543,-2.84360092813599,0.5));
#12280=CARTESIAN_POINT('',(1.34962343241543,-2.84360092813599,0.5));
#12281=CARTESIAN_POINT('',(1.34962343241543,-2.84360092813599,0.48));
#12282=CARTESIAN_POINT('',(1.19042714184356,-2.84360092813599,0.48));
#12283=CARTESIAN_POINT('',(1.03123085127169,-2.84360092813599,0.48));
#12284=CARTESIAN_POINT('',(0.872034560699815,-2.84360092813599,0.48));
#12285=CARTESIAN_POINT('',(0.872034560699815,-2.84360092813599,0.48));
#12286=CARTESIAN_POINT('',(0.872034560699815,-2.84360092813599,0.5));
#12287=CARTESIAN_POINT('',(0.872034560699815,-2.84360092813599,0.5));
#12288=CARTESIAN_POINT('',(1.34962343241543,-2.84360092813599,0.5));
#12289=CARTESIAN_POINT('',(1.19042714184356,-2.84360092813599,0.5));
#12290=CARTESIAN_POINT('',(1.03123085127169,-2.84360092813599,0.5));
#12291=CARTESIAN_POINT('',(0.872034560699815,-2.84360092813599,0.5));
#12292=CARTESIAN_POINT('',(0.872034560699815,-2.84360092813599,0.5));
#12293=CARTESIAN_POINT('',(0.872034560699815,-2.84360092813599,0.48));
#12294=CARTESIAN_POINT('',(0.872034560699815,-3.40851592040801,0.48));
#12295=CARTESIAN_POINT('',(0.872034560699815,-3.97343091268004,0.48));
#12296=CARTESIAN_POINT('',(0.872034560699815,-4.53834590495206,0.48));
#12297=CARTESIAN_POINT('',(0.872034560699815,-4.53834590495206,0.48));
#12298=CARTESIAN_POINT('',(0.872034560699815,-4.53834590495206,0.5));
#12299=CARTESIAN_POINT('',(0.872034560699815,-4.53834590495206,0.5));
#12300=CARTESIAN_POINT('',(0.872034560699815,-2.84360092813599,0.5));
#12301=CARTESIAN_POINT('',(0.872034560699815,-3.40851592040801,0.5));
#12302=CARTESIAN_POINT('',(0.872034560699815,-3.97343091268004,0.5));
#12303=CARTESIAN_POINT('',(0.872034560699815,-4.53834590495206,0.5));
#12304=CARTESIAN_POINT('',(0.872034560699815,-4.53834590495206,0.5));
#12305=CARTESIAN_POINT('',(0.872034560699815,-4.53834590495206,0.48));
#12306=CARTESIAN_POINT('',(0.801709985738455,-4.53834590495206,0.48));
#12307=CARTESIAN_POINT('',(0.731385410777095,-4.53834590495206,0.48));
#12308=CARTESIAN_POINT('',(0.661060835815734,-4.53834590495206,0.48));
#12309=CARTESIAN_POINT('',(0.661060835815734,-4.53834590495206,0.48));
#12310=CARTESIAN_POINT('',(0.661060835815734,-4.53834590495206,0.5));
#12311=CARTESIAN_POINT('',(0.661060835815734,-4.53834590495206,0.5));
#12312=CARTESIAN_POINT('',(0.872034560699815,-4.53834590495206,0.5));
#12313=CARTESIAN_POINT('',(0.801709985738455,-4.53834590495206,0.5));
#12314=CARTESIAN_POINT('',(0.731385410777095,-4.53834590495206,0.5));
#12315=CARTESIAN_POINT('',(0.661060835815734,-4.53834590495206,0.5));
#12316=CARTESIAN_POINT('',(0.661060835815734,-4.53834590495206,0.5));
#12317=CARTESIAN_POINT('',(0.661060835815734,-4.53834590495206,0.48));
#12318=CARTESIAN_POINT('',(0.661060835815734,-3.97343091268004,0.48));
#12319=CARTESIAN_POINT('',(0.661060835815734,-3.40851592040801,0.48));
#12320=CARTESIAN_POINT('',(0.661060835815734,-2.84360092813599,0.48));
#12321=CARTESIAN_POINT('',(0.661060835815734,-2.84360092813599,0.48));
#12322=CARTESIAN_POINT('',(0.661060835815734,-2.84360092813599,0.5));
#12323=CARTESIAN_POINT('',(0.661060835815734,-2.84360092813599,0.5));
#12324=CARTESIAN_POINT('',(0.661060835815734,-4.53834590495206,0.5));
#12325=CARTESIAN_POINT('',(0.661060835815734,-3.97343091268004,0.5));
#12326=CARTESIAN_POINT('',(0.661060835815734,-3.40851592040801,0.5));
#12327=CARTESIAN_POINT('',(0.661060835815734,-2.84360092813599,0.5));
#12328=CARTESIAN_POINT('',(0.661060835815734,-2.84360092813599,0.5));
#12329=CARTESIAN_POINT('',(0.661060835815734,-2.84360092813599,0.48));
#12330=CARTESIAN_POINT('',(0.560597157299505,-2.84360092813599,0.48));
#12331=CARTESIAN_POINT('',(0.460133478783277,-2.84360092813599,0.48));
#12332=CARTESIAN_POINT('',(0.359669800267049,-2.84360092813599,0.48));
#12333=CARTESIAN_POINT('',(0.359669800267049,-2.84360092813599,0.48));
#12334=CARTESIAN_POINT('',(0.359669800267049,-2.84360092813599,0.5));
#12335=CARTESIAN_POINT('',(0.359669800267049,-2.84360092813599,0.5));
#12336=CARTESIAN_POINT('',(0.661060835815734,-2.84360092813599,0.5));
#12337=CARTESIAN_POINT('',(0.560597157299505,-2.84360092813599,0.5));
#12338=CARTESIAN_POINT('',(0.460133478783277,-2.84360092813599,0.5));
#12339=CARTESIAN_POINT('',(0.359669800267049,-2.84360092813599,0.5));
#12340=CARTESIAN_POINT('',(0.359669800267049,-2.84360092813599,0.5));
#12341=CARTESIAN_POINT('',(0.359669800267049,-2.84360092813599,0.48));
#12342=CARTESIAN_POINT('',(0.359669800267049,-2.77404915070168,0.48));
#12343=CARTESIAN_POINT('',(0.359669800267049,-2.70449737326736,0.48));
#12344=CARTESIAN_POINT('',(0.359669800267049,-2.63494559583305,0.48));
#12345=CARTESIAN_POINT('',(0.359669800267049,-2.63494559583305,0.48));
#12346=CARTESIAN_POINT('',(0.359669800267049,-2.63494559583305,0.5));
#12347=CARTESIAN_POINT('',(0.359669800267049,-2.63494559583305,0.5));
#12348=CARTESIAN_POINT('',(0.359669800267049,-2.84360092813599,0.5));
#12349=CARTESIAN_POINT('',(0.359669800267049,-2.77404915070168,0.5));
#12350=CARTESIAN_POINT('',(0.359669800267049,-2.70449737326736,0.5));
#12351=CARTESIAN_POINT('',(0.359669800267049,-2.63494559583305,0.5));
#12352=CARTESIAN_POINT('',(0.359669800267049,-2.63494559583305,0.5));
#12353=CARTESIAN_POINT('',(0.359669800267049,-2.63494559583305,0.48));
#12354=CARTESIAN_POINT('',(0.460133478783277,-2.63494559583305,0.48));
#12355=CARTESIAN_POINT('',(0.560597157299505,-2.63494559583305,0.48));
#12356=CARTESIAN_POINT('',(0.661060835815734,-2.63494559583305,0.48));
#12357=CARTESIAN_POINT('',(0.661060835815734,-2.63494559583305,0.48));
#12358=CARTESIAN_POINT('',(0.661060835815734,-2.63494559583305,0.5));
#12359=CARTESIAN_POINT('',(0.661060835815734,-2.63494559583305,0.5));
#12360=CARTESIAN_POINT('',(0.359669800267049,-2.63494559583305,0.5));
#12361=CARTESIAN_POINT('',(0.460133478783277,-2.63494559583305,0.5));
#12362=CARTESIAN_POINT('',(0.560597157299505,-2.63494559583305,0.5));
#12363=CARTESIAN_POINT('',(0.661060835815734,-2.63494559583305,0.5));
#12364=CARTESIAN_POINT('',(0.661060835815734,-2.63494559583305,0.5));
#12365=CARTESIAN_POINT('',(0.661060835815734,-2.63494559583305,0.48));
#12366=CARTESIAN_POINT('',(0.661060835815734,-2.49977554233111,0.5));
#12367=CARTESIAN_POINT('',(0.661060835815734,-2.49977554233111,0.48));
#12368=CARTESIAN_POINT('',(0.662922039065103,-2.29067275348182,0.5));
#12369=CARTESIAN_POINT('',(0.662922039065103,-2.29067275348182,0.48));
#12370=CARTESIAN_POINT('',(0.657958830400119,-2.03725986940161,0.5));
#12371=CARTESIAN_POINT('',(0.657958830400119,-2.03725986940161,0.48));
#12372=CARTESIAN_POINT('',(0.677811665060054,-1.69921087070301,0.5));
#12373=CARTESIAN_POINT('',(0.677811665060054,-1.69921087070301,0.48));
#12374=CARTESIAN_POINT('',(0.851720940905693,-1.54054785430553,0.5));
#12375=CARTESIAN_POINT('',(0.851720940905693,-1.54054785430553,0.48));
#12376=CARTESIAN_POINT('',(1.15182981301311,-1.54068758617874,0.5));
#12377=CARTESIAN_POINT('',(1.15182981301311,-1.54068758617874,0.48));
#12378=CARTESIAN_POINT('',(1.28203840566445,-1.54066429753321,0.5));
#12379=CARTESIAN_POINT('',(1.28203840566445,-1.54066429753321,0.48));
#12380=CARTESIAN_POINT('',(1.34962343241543,-1.54066429753321,0.5));
#12381=CARTESIAN_POINT('',(1.34962343241543,-1.54066429753321,0.48));
#12382=CARTESIAN_POINT('',(0.661060835815734,-2.63494559583305,0.48));
#12383=CARTESIAN_POINT('',(0.661060835815734,-2.42242627589488,0.48));
#12384=CARTESIAN_POINT('',(0.661060835815735,-2.2099069559567,0.48));
#12385=CARTESIAN_POINT('',(0.661060835815734,-1.99738763601852,0.48));
#12386=CARTESIAN_POINT('',(0.661060835815734,-1.69367820788869,0.48));
#12387=CARTESIAN_POINT('',(0.793209212940928,-1.54066429753321,0.48));
#12388=CARTESIAN_POINT('',(1.0621427523536,-1.54066429753321,0.48));
#12389=CARTESIAN_POINT('',(1.15796964570754,-1.54066429753321,0.48));
#12390=CARTESIAN_POINT('',(1.25379653906148,-1.54066429753321,0.48));
#12391=CARTESIAN_POINT('',(1.34962343241543,-1.54066429753321,0.48));
#12392=CARTESIAN_POINT('',(1.34962343241543,-1.54066429753321,0.48));
#12393=CARTESIAN_POINT('',(1.34962343241543,-1.54066429753321,0.5));
#12394=CARTESIAN_POINT('',(1.34962343241543,-1.54066429753321,0.5));
#12395=CARTESIAN_POINT('',(0.661060835815734,-2.63494559583305,0.5));
#12396=CARTESIAN_POINT('',(0.661060835815734,-2.42242627589488,0.5));
#12397=CARTESIAN_POINT('',(0.661060835815735,-2.2099069559567,0.5));
#12398=CARTESIAN_POINT('',(0.661060835815734,-1.99738763601852,0.5));
#12399=CARTESIAN_POINT('',(0.661060835815734,-1.69367820788869,0.5));
#12400=CARTESIAN_POINT('',(0.793209212940928,-1.54066429753321,0.5));
#12401=CARTESIAN_POINT('',(1.0621427523536,-1.54066429753321,0.5));
#12402=CARTESIAN_POINT('',(1.15796964570754,-1.54066429753321,0.5));
#12403=CARTESIAN_POINT('',(1.25379653906148,-1.54066429753321,0.5));
#12404=CARTESIAN_POINT('',(1.34962343241543,-1.54066429753321,0.5));
#12405=CARTESIAN_POINT('',(1.34962343241543,-1.54066429753321,0.5));
#12406=CARTESIAN_POINT('',(1.34962343241543,-1.54066429753321,0.48));
#12407=CARTESIAN_POINT('',(1.34962343241543,-1.61021607496752,0.48));
#12408=CARTESIAN_POINT('',(1.34962343241543,-1.67976785240183,0.48));
#12409=CARTESIAN_POINT('',(1.34962343241543,-1.74931962983614,0.48));
#12410=CARTESIAN_POINT('',(1.34962343241543,-1.54066429753321,0.5));
#12411=CARTESIAN_POINT('',(1.34962343241543,-1.61021607496752,0.5));
#12412=CARTESIAN_POINT('',(1.34962343241543,-1.67976785240183,0.5));
#12413=CARTESIAN_POINT('',(1.34962343241543,-1.74931962983614,0.5));
#12414=CARTESIAN_POINT('',(0.872034560699815,-2.1169516290893,0.5));
#12415=CARTESIAN_POINT('',(0.872034560699815,-2.1169516290893,0.48));
#12416=CARTESIAN_POINT('',(1.94313193318822,-1.54066429753321,0.5));
#12417=CARTESIAN_POINT('',(1.94313193318822,-1.54066429753321,0.48));
#12418=CARTESIAN_POINT('',(1.94313193318822,-1.80230141832871,0.5));
#12419=CARTESIAN_POINT('',(1.94313193318822,-1.80230141832871,0.48));
#12420=CARTESIAN_POINT('',(1.94290155149955,-2.32582842065181,0.5));
#12421=CARTESIAN_POINT('',(1.94290155149955,-2.32582842065181,0.48));
#12422=CARTESIAN_POINT('',(1.94376548283207,-2.97897336989522,0.5));
#12423=CARTESIAN_POINT('',(1.94376548283207,-2.97897336989522,0.48));
#12424=CARTESIAN_POINT('',(1.94203762016703,-3.50414331697691,0.5));
#12425=CARTESIAN_POINT('',(1.94203762016703,-3.50414331697691,0.48));
#12426=CARTESIAN_POINT('',(1.94642927110734,-3.82637146651577,0.5));
#12427=CARTESIAN_POINT('',(1.94642927110734,-3.82637146651577,0.48));
#12428=CARTESIAN_POINT('',(1.93741558753806,-4.0978978509544,0.5));
#12429=CARTESIAN_POINT('',(1.93741558753806,-4.0978978509544,0.48));
#12430=CARTESIAN_POINT('',(1.96036376355808,-4.2362437129033,0.5));
#12431=CARTESIAN_POINT('',(1.96036376355808,-4.2362437129033,0.48));
#12432=CARTESIAN_POINT('',(2.13261219416104,-4.30237589330717,0.5));
#12433=CARTESIAN_POINT('',(2.13261219416104,-4.30237589330717,0.48));
#12434=CARTESIAN_POINT('',(2.18791614117499,-4.3058692909603,0.5));
#12435=CARTESIAN_POINT('',(2.18791614117499,-4.3058692909603,0.48));
#12436=CARTESIAN_POINT('',(2.31372416199751,-4.31346182458112,0.5));
#12437=CARTESIAN_POINT('',(2.31372416199751,-4.31346182458112,0.48));
#12438=CARTESIAN_POINT('',(2.41144723457926,-4.31346182458112,0.5));
#12439=CARTESIAN_POINT('',(2.41144723457926,-4.31346182458112,0.48));
#12440=CARTESIAN_POINT('',(1.94313193318822,-1.54066429753321,0.48));
#12441=CARTESIAN_POINT('',(1.94313193318822,-2.39615115997525,0.48));
#12442=CARTESIAN_POINT('',(1.94313193318822,-3.25163802241729,0.48));
#12443=CARTESIAN_POINT('',(1.94313193318822,-4.10712488485933,0.48));
#12444=CARTESIAN_POINT('',(1.94313193318822,-4.19986058810508,0.48));
#12445=CARTESIAN_POINT('',(2.00109174771682,-4.26245718779596,0.48));
#12446=CARTESIAN_POINT('',(2.11932976935515,-4.29491468393197,0.48));
#12447=CARTESIAN_POINT('',(2.16756344210786,-4.30815529998173,0.48));
#12448=CARTESIAN_POINT('',(2.2653885019672,-4.31346182458112,0.48));
#12449=CARTESIAN_POINT('',(2.41144723457926,-4.31346182458112,0.48));
#12450=CARTESIAN_POINT('',(1.94313193318822,-1.54066429753321,0.48));
#12451=CARTESIAN_POINT('',(2.41144723457926,-4.31346182458112,0.48));
#12452=CARTESIAN_POINT('',(2.41144723457926,-4.31346182458112,0.5));
#12453=CARTESIAN_POINT('',(2.41144723457926,-4.31346182458112,0.5));
#12454=CARTESIAN_POINT('',(1.94313193318822,-1.54066429753321,0.5));
#12455=CARTESIAN_POINT('',(1.94313193318822,-2.39615115997525,0.5));
#12456=CARTESIAN_POINT('',(1.94313193318822,-3.25163802241729,0.5));
#12457=CARTESIAN_POINT('',(1.94313193318822,-4.10712488485933,0.5));
#12458=CARTESIAN_POINT('',(1.94313193318822,-4.19986058810508,0.5));
#12459=CARTESIAN_POINT('',(2.00109174771682,-4.26245718779596,0.5));
#12460=CARTESIAN_POINT('',(2.11932976935515,-4.29491468393197,0.5));
#12461=CARTESIAN_POINT('',(2.16756344210786,-4.30815529998173,0.5));
#12462=CARTESIAN_POINT('',(2.2653885019672,-4.31346182458112,0.5));
#12463=CARTESIAN_POINT('',(2.41144723457926,-4.31346182458112,0.5));
#12464=CARTESIAN_POINT('',(1.94313193318822,-1.54066429753321,0.5));
#12465=CARTESIAN_POINT('',(1.94313193318822,-1.54066429753321,0.5));
#12466=CARTESIAN_POINT('',(2.41144723457926,-4.31346182458112,0.5));
#12467=CARTESIAN_POINT('',(2.41144723457926,-4.31346182458112,0.48));
#12468=CARTESIAN_POINT('',(2.41144723457926,-4.38765038717772,0.48));
#12469=CARTESIAN_POINT('',(2.41144723457926,-4.46183894977432,0.48));
#12470=CARTESIAN_POINT('',(2.41144723457926,-4.53602751237092,0.48));
#12471=CARTESIAN_POINT('',(2.41144723457926,-4.53602751237092,0.48));
#12472=CARTESIAN_POINT('',(2.41144723457926,-4.53602751237092,0.5));
#12473=CARTESIAN_POINT('',(2.41144723457926,-4.53602751237092,0.5));
#12474=CARTESIAN_POINT('',(2.41144723457926,-4.31346182458112,0.5));
#12475=CARTESIAN_POINT('',(2.41144723457926,-4.38765038717772,0.5));
#12476=CARTESIAN_POINT('',(2.41144723457926,-4.46183894977432,0.5));
#12477=CARTESIAN_POINT('',(2.41144723457926,-4.53602751237092,0.5));
#12478=CARTESIAN_POINT('',(2.41144723457926,-4.53602751237092,0.5));
#12479=CARTESIAN_POINT('',(2.41144723457926,-4.53602751237092,0.48));
#12480=CARTESIAN_POINT('',(2.19463671991431,-4.53602751237092,0.5));
#12481=CARTESIAN_POINT('',(2.19463671991431,-4.53602751237092,0.48));
#12482=CARTESIAN_POINT('',(1.95220784107593,-4.49772683834095,0.5));
#12483=CARTESIAN_POINT('',(1.95220784107593,-4.49772683834095,0.48));
#12484=CARTESIAN_POINT('',(1.79127875294697,-4.41609472129038,0.5));
#12485=CARTESIAN_POINT('',(1.79127875294697,-4.41609472129038,0.48));
#12486=CARTESIAN_POINT('',(1.72771487466695,-4.23609014980561,0.5));
#12487=CARTESIAN_POINT('',(1.72771487466695,-4.23609014980561,0.48));
#12488=CARTESIAN_POINT('',(1.73023114859145,-4.05855273875806,0.5));
#12489=CARTESIAN_POINT('',(1.73023114859145,-4.05855273875806,0.48));
#12490=CARTESIAN_POINT('',(1.72961675956834,-3.91994622815584,0.5));
#12491=CARTESIAN_POINT('',(1.72961675956834,-3.91994622815584,0.48));
#12492=CARTESIAN_POINT('',(1.73000021565444,-3.65924616941277,0.5));
#12493=CARTESIAN_POINT('',(1.73000021565444,-3.65924616941277,0.48));
#12494=CARTESIAN_POINT('',(1.72978539431769,-3.29630091044574,0.5));
#12495=CARTESIAN_POINT('',(1.72978539431769,-3.29630091044574,0.48));
#12496=CARTESIAN_POINT('',(1.72985413714545,-2.85670610320703,0.5));
#12497=CARTESIAN_POINT('',(1.72985413714545,-2.85670610320703,0.48));
#12498=CARTESIAN_POINT('',(1.72983122286953,-2.27200442916181,0.5));
#12499=CARTESIAN_POINT('',(1.72983122286953,-2.27200442916181,0.48));
#12500=CARTESIAN_POINT('',(1.729839815723,-1.83315760811646,0.5));
#12501=CARTESIAN_POINT('',(1.729839815723,-1.83315760811646,0.48));
#12502=CARTESIAN_POINT('',(1.729839815723,-1.54066429753321,0.5));
#12503=CARTESIAN_POINT('',(1.729839815723,-1.54066429753321,0.48));
#12504=CARTESIAN_POINT('',(2.41144723457926,-4.53602751237092,0.48));
#12505=CARTESIAN_POINT('',(2.11237459161171,-4.53602751237092,0.48));
#12506=CARTESIAN_POINT('',(1.91762961479564,-4.49661483849148,0.48));
#12507=CARTESIAN_POINT('',(1.82721230413104,-4.42010788331373,0.48));
#12508=CARTESIAN_POINT('',(1.76308876311947,-4.36584950245779,0.48));
#12509=CARTESIAN_POINT('',(1.729839815723,-4.2647755803771,0.48));
#12510=CARTESIAN_POINT('',(1.729839815723,-4.1163984551839,0.48));
#12511=CARTESIAN_POINT('',(1.729839815723,-3.25782040263367,0.48));
#12512=CARTESIAN_POINT('',(1.729839815723,-2.39924235008344,0.48));
#12513=CARTESIAN_POINT('',(1.729839815723,-1.54066429753321,0.48));
#12514=CARTESIAN_POINT('',(1.729839815723,-1.54066429753321,0.48));
#12515=CARTESIAN_POINT('',(1.729839815723,-1.54066429753321,0.5));
#12516=CARTESIAN_POINT('',(1.729839815723,-1.54066429753321,0.5));
#12517=CARTESIAN_POINT('',(2.41144723457926,-4.53602751237092,0.5));
#12518=CARTESIAN_POINT('',(2.11237459161171,-4.53602751237092,0.5));
#12519=CARTESIAN_POINT('',(1.91762961479564,-4.49661483849148,0.5));
#12520=CARTESIAN_POINT('',(1.82721230413104,-4.42010788331373,0.5));
#12521=CARTESIAN_POINT('',(1.76308876311947,-4.36584950245779,0.5));
#12522=CARTESIAN_POINT('',(1.729839815723,-4.2647755803771,0.5));
#12523=CARTESIAN_POINT('',(1.729839815723,-4.1163984551839,0.5));
#12524=CARTESIAN_POINT('',(1.729839815723,-3.25782040263367,0.5));
#12525=CARTESIAN_POINT('',(1.729839815723,-2.39924235008344,0.5));
#12526=CARTESIAN_POINT('',(1.729839815723,-1.54066429753321,0.5));
#12527=CARTESIAN_POINT('',(1.729839815723,-1.54066429753321,0.5));
#12528=CARTESIAN_POINT('',(1.729839815723,-1.54066429753321,0.48));
#12529=CARTESIAN_POINT('',(1.80093718821141,-1.54066429753321,0.48));
#12530=CARTESIAN_POINT('',(1.87203456069982,-1.54066429753321,0.48));
#12531=CARTESIAN_POINT('',(1.94313193318822,-1.54066429753321,0.48));
#12532=CARTESIAN_POINT('',(1.729839815723,-1.54066429753321,0.5));
#12533=CARTESIAN_POINT('',(1.80093718821141,-1.54066429753321,0.5));
#12534=CARTESIAN_POINT('',(1.87203456069982,-1.54066429753321,0.5));
#12535=CARTESIAN_POINT('',(1.94313193318822,-1.54066429753321,0.5));
#12536=CARTESIAN_POINT('',(1.94313193318822,-3.11048702230622,0.5));
#12537=CARTESIAN_POINT('',(1.94313193318822,-3.11048702230622,0.48));
#12538=CARTESIAN_POINT('',(3.97868061943243,-4.53834590495206,0.5));
#12539=CARTESIAN_POINT('',(3.97868061943243,-4.53834590495206,0.48));
#12540=CARTESIAN_POINT('',(3.87172373192954,-4.53834590495206,0.5));
#12541=CARTESIAN_POINT('',(3.87172373192954,-4.53834590495206,0.48));
#12542=CARTESIAN_POINT('',(3.655693446724,-4.53845092263579,0.5));
#12543=CARTESIAN_POINT('',(3.655693446724,-4.53845092263579,0.48));
#12544=CARTESIAN_POINT('',(3.34434708011428,-4.53797834305903,0.5));
#12545=CARTESIAN_POINT('',(3.34434708011428,-4.53797834305903,0.48));
#12546=CARTESIAN_POINT('',(2.98855399930955,-4.53971113484046,0.5));
#12547=CARTESIAN_POINT('',(2.98855399930955,-4.53971113484046,0.48));
#12548=CARTESIAN_POINT('',(2.77707551514665,-4.29015114183117,0.5));
#12549=CARTESIAN_POINT('',(2.77707551514665,-4.29015114183117,0.48));
#12550=CARTESIAN_POINT('',(2.75162570082939,-3.95642095391274,0.5));
#12551=CARTESIAN_POINT('',(2.75162570082939,-3.95642095391274,0.48));
#12552=CARTESIAN_POINT('',(2.75774805655385,-3.63909309567143,0.5));
#12553=CARTESIAN_POINT('',(2.75774805655385,-3.63909309567143,0.48));
#12554=CARTESIAN_POINT('',(2.75870844797326,-3.31684063336095,0.5));
#12555=CARTESIAN_POINT('',(2.75870844797326,-3.31684063336095,0.48));
#12556=CARTESIAN_POINT('',(2.74874452657117,-2.99788425765006,0.5));
#12557=CARTESIAN_POINT('',(2.74874452657117,-2.99788425765006,0.48));
#12558=CARTESIAN_POINT('',(2.78763982076011,-2.67066813960996,0.5));
#12559=CARTESIAN_POINT('',(2.78763982076011,-2.67066813960996,0.48));
#12560=CARTESIAN_POINT('',(3.08567464868332,-2.33785552272688,0.5));
#12561=CARTESIAN_POINT('',(3.08567464868332,-2.33785552272688,0.48));
#12562=CARTESIAN_POINT('',(3.56628274135509,-2.28721159128433,0.5));
#12563=CARTESIAN_POINT('',(3.56628274135509,-2.28721159128433,0.48));
#12564=CARTESIAN_POINT('',(3.91634649700515,-2.56049485610402,0.5));
#12565=CARTESIAN_POINT('',(3.91634649700515,-2.56049485610402,0.48));
#12566=CARTESIAN_POINT('',(4.03015173133819,-2.86030972610071,0.5));
#12567=CARTESIAN_POINT('',(4.03015173133819,-2.86030972610071,0.48));
#12568=CARTESIAN_POINT('',(4.00570565391994,-3.19291970345802,0.5));
#12569=CARTESIAN_POINT('',(4.00570565391994,-3.19291970345802,0.48));
#12570=CARTESIAN_POINT('',(4.01113811556844,-3.40430936886475,0.5));
#12571=CARTESIAN_POINT('',(4.01113811556844,-3.40430936886475,0.48));
#12572=CARTESIAN_POINT('',(4.01113811556844,-3.51129799150539,0.5));
#12573=CARTESIAN_POINT('',(4.01113811556844,-3.51129799150539,0.48));
#12574=CARTESIAN_POINT('',(3.97868061943243,-4.53834590495206,0.48));
#12575=CARTESIAN_POINT('',(3.72597582808776,-4.53834590495206,0.48));
#12576=CARTESIAN_POINT('',(3.47327103674309,-4.53834590495206,0.48));
#12577=CARTESIAN_POINT('',(3.22056624539842,-4.53834590495206,0.48));
#12578=CARTESIAN_POINT('',(3.03973162406921,-4.53834590495206,0.48));
#12579=CARTESIAN_POINT('',(2.91222003210631,-4.46879412751775,0.48));
#12580=CARTESIAN_POINT('',(2.83339468434742,-4.32737218006798,0.48));
#12581=CARTESIAN_POINT('',(2.7828540113021,-4.23669626666314,0.48));
#12582=CARTESIAN_POINT('',(2.75688772916968,-4.13262720325191,0.48));
#12583=CARTESIAN_POINT('',(2.75688772916968,-4.01207078903243,0.48));
#12584=CARTESIAN_POINT('',(2.75688772916968,-3.66199350927973,0.48));
#12585=CARTESIAN_POINT('',(2.75688772916968,-3.31191622952703,0.48));
#12586=CARTESIAN_POINT('',(2.75688772916968,-2.96183894977432,0.48));
#12587=CARTESIAN_POINT('',(2.75688772916968,-2.78332272102625,0.48));
#12588=CARTESIAN_POINT('',(2.81948432886056,-2.63494559583305,0.48));
#12589=CARTESIAN_POINT('',(2.94235913566118,-2.51438918161358,0.48));
#12590=CARTESIAN_POINT('',(3.06405266824441,-2.3949917534187,0.48));
#12591=CARTESIAN_POINT('',(3.21361106765499,-2.33587295286551,0.48));
#12592=CARTESIAN_POINT('',(3.56600673998884,-2.33587295286551,0.48));
#12593=CARTESIAN_POINT('',(3.7120654726009,-2.39151437481296,0.48));
#12594=CARTESIAN_POINT('',(3.83030349423923,-2.50743400387015,0.48));
#12595=CARTESIAN_POINT('',(3.94972366430013,-2.62451260196907,0.48));
#12596=CARTESIAN_POINT('',(4.01113811556844,-2.76709397295825,0.48));
#12597=CARTESIAN_POINT('',(4.01113811556844,-2.94097341654403,0.48));
#12598=CARTESIAN_POINT('',(4.01113811556844,-3.13108160819781,0.48));
#12599=CARTESIAN_POINT('',(4.01113811556844,-3.3211897998516,0.48));
#12600=CARTESIAN_POINT('',(4.01113811556844,-3.51129799150539,0.48));
#12601=CARTESIAN_POINT('',(3.97868061943243,-4.53834590495206,0.48));
#12602=CARTESIAN_POINT('',(4.01113811556844,-3.51129799150539,0.48));
#12603=CARTESIAN_POINT('',(4.01113811556844,-3.51129799150539,0.5));
#12604=CARTESIAN_POINT('',(4.01113811556844,-3.51129799150539,0.5));
#12605=CARTESIAN_POINT('',(3.97868061943243,-4.53834590495206,0.5));
#12606=CARTESIAN_POINT('',(3.72597582808776,-4.53834590495206,0.5));
#12607=CARTESIAN_POINT('',(3.47327103674309,-4.53834590495206,0.5));
#12608=CARTESIAN_POINT('',(3.22056624539842,-4.53834590495206,0.5));
#12609=CARTESIAN_POINT('',(3.03973162406921,-4.53834590495206,0.5));
#12610=CARTESIAN_POINT('',(2.91222003210631,-4.46879412751775,0.5));
#12611=CARTESIAN_POINT('',(2.83339468434742,-4.32737218006798,0.5));
#12612=CARTESIAN_POINT('',(2.7828540113021,-4.23669626666314,0.5));
#12613=CARTESIAN_POINT('',(2.75688772916968,-4.13262720325191,0.5));
#12614=CARTESIAN_POINT('',(2.75688772916968,-4.01207078903243,0.5));
#12615=CARTESIAN_POINT('',(2.75688772916968,-3.66199350927973,0.5));
#12616=CARTESIAN_POINT('',(2.75688772916968,-3.31191622952703,0.5));
#12617=CARTESIAN_POINT('',(2.75688772916968,-2.96183894977432,0.5));
#12618=CARTESIAN_POINT('',(2.75688772916968,-2.78332272102625,0.5));
#12619=CARTESIAN_POINT('',(2.81948432886056,-2.63494559583305,0.5));
#12620=CARTESIAN_POINT('',(2.94235913566118,-2.51438918161358,0.5));
#12621=CARTESIAN_POINT('',(3.06405266824441,-2.3949917534187,0.5));
#12622=CARTESIAN_POINT('',(3.21361106765499,-2.33587295286551,0.5));
#12623=CARTESIAN_POINT('',(3.56600673998884,-2.33587295286551,0.5));
#12624=CARTESIAN_POINT('',(3.7120654726009,-2.39151437481296,0.5));
#12625=CARTESIAN_POINT('',(3.83030349423923,-2.50743400387015,0.5));
#12626=CARTESIAN_POINT('',(3.94972366430013,-2.62451260196907,0.5));
#12627=CARTESIAN_POINT('',(4.01113811556844,-2.76709397295825,0.5));
#12628=CARTESIAN_POINT('',(4.01113811556844,-2.94097341654403,0.5));
#12629=CARTESIAN_POINT('',(4.01113811556844,-3.13108160819781,0.5));
#12630=CARTESIAN_POINT('',(4.01113811556844,-3.3211897998516,0.5));
#12631=CARTESIAN_POINT('',(4.01113811556844,-3.51129799150539,0.5));
#12632=CARTESIAN_POINT('',(3.97868061943243,-4.53834590495206,0.5));
#12633=CARTESIAN_POINT('',(3.97868061943243,-4.53834590495206,0.5));
#12634=CARTESIAN_POINT('',(4.01113811556844,-3.51129799150539,0.5));
#12635=CARTESIAN_POINT('',(4.01113811556844,-3.51129799150539,0.48));
#12636=CARTESIAN_POINT('',(3.66724321603212,-3.51129799150539,0.48));
#12637=CARTESIAN_POINT('',(3.3233483164958,-3.51129799150539,0.48));
#12638=CARTESIAN_POINT('',(2.97945341695947,-3.51129799150539,0.48));
#12639=CARTESIAN_POINT('',(2.97945341695947,-3.51129799150539,0.48));
#12640=CARTESIAN_POINT('',(2.97945341695947,-3.51129799150539,0.5));
#12641=CARTESIAN_POINT('',(2.97945341695947,-3.51129799150539,0.5));
#12642=CARTESIAN_POINT('',(4.01113811556844,-3.51129799150539,0.5));
#12643=CARTESIAN_POINT('',(3.66724321603212,-3.51129799150539,0.5));
#12644=CARTESIAN_POINT('',(3.3233483164958,-3.51129799150539,0.5));
#12645=CARTESIAN_POINT('',(2.97945341695947,-3.51129799150539,0.5));
#12646=CARTESIAN_POINT('',(2.97945341695947,-3.51129799150539,0.5));
#12647=CARTESIAN_POINT('',(2.97945341695947,-3.51129799150539,0.48));
#12648=CARTESIAN_POINT('',(2.97945341695947,-3.65230523504057,0.5));
#12649=CARTESIAN_POINT('',(2.97945341695947,-3.65230523504057,0.48));
#12650=CARTESIAN_POINT('',(2.9758913788726,-3.84857632746604,0.5));
#12651=CARTESIAN_POINT('',(2.9758913788726,-3.84857632746604,0.48));
#12652=CARTESIAN_POINT('',(2.98539014710427,-4.17123020887586,0.5));
#12653=CARTESIAN_POINT('',(2.98539014710427,-4.17123020887586,0.48));
#12654=CARTESIAN_POINT('',(3.10677488533687,-4.31220011522227,0.5));
#12655=CARTESIAN_POINT('',(3.10677488533687,-4.31220011522227,0.48));
#12656=CARTESIAN_POINT('',(3.35095388480951,-4.33429332460356,0.5));
#12657=CARTESIAN_POINT('',(3.35095388480951,-4.33429332460356,0.48));
#12658=CARTESIAN_POINT('',(3.62207899382324,-4.32692892147647,0.5));
#12659=CARTESIAN_POINT('',(3.62207899382324,-4.32692892147647,0.48));
#12660=CARTESIAN_POINT('',(3.83767337589725,-4.32969057264913,0.5));
#12661=CARTESIAN_POINT('',(3.83767337589725,-4.32969057264913,0.48));
#12662=CARTESIAN_POINT('',(3.97868061943243,-4.32969057264913,0.5));
#12663=CARTESIAN_POINT('',(3.97868061943243,-4.32969057264913,0.48));
#12664=CARTESIAN_POINT('',(2.97945341695947,-3.51129799150539,0.48));
#12665=CARTESIAN_POINT('',(2.97945341695947,-3.67358547218545,0.48));
#12666=CARTESIAN_POINT('',(2.97945341695947,-3.83587295286551,0.48));
#12667=CARTESIAN_POINT('',(2.97945341695947,-3.99816043354557,0.48));
#12668=CARTESIAN_POINT('',(2.97945341695947,-4.21840772875423,0.48));
#12669=CARTESIAN_POINT('',(3.09073626085437,-4.32969057264913,0.48));
#12670=CARTESIAN_POINT('',(3.31330194864417,-4.32969057264913,0.48));
#12671=CARTESIAN_POINT('',(3.53509483890693,-4.32969057264913,0.48));
#12672=CARTESIAN_POINT('',(3.75688772916968,-4.32969057264913,0.48));
#12673=CARTESIAN_POINT('',(3.97868061943243,-4.32969057264913,0.48));
#12674=CARTESIAN_POINT('',(3.97868061943243,-4.32969057264913,0.48));
#12675=CARTESIAN_POINT('',(3.97868061943243,-4.32969057264913,0.5));
#12676=CARTESIAN_POINT('',(3.97868061943243,-4.32969057264913,0.5));
#12677=CARTESIAN_POINT('',(2.97945341695947,-3.51129799150539,0.5));
#12678=CARTESIAN_POINT('',(2.97945341695947,-3.67358547218545,0.5));
#12679=CARTESIAN_POINT('',(2.97945341695947,-3.83587295286551,0.5));
#12680=CARTESIAN_POINT('',(2.97945341695947,-3.99816043354557,0.5));
#12681=CARTESIAN_POINT('',(2.97945341695947,-4.21840772875423,0.5));
#12682=CARTESIAN_POINT('',(3.09073626085437,-4.32969057264913,0.5));
#12683=CARTESIAN_POINT('',(3.31330194864417,-4.32969057264913,0.5));
#12684=CARTESIAN_POINT('',(3.53509483890693,-4.32969057264913,0.5));
#12685=CARTESIAN_POINT('',(3.75688772916968,-4.32969057264913,0.5));
#12686=CARTESIAN_POINT('',(3.97868061943243,-4.32969057264913,0.5));
#12687=CARTESIAN_POINT('',(2.97945341695947,-3.30264265920245,0.5));
#12688=CARTESIAN_POINT('',(2.97945341695947,-3.30264265920245,0.48));
#12689=CARTESIAN_POINT('',(3.25225094400739,-3.30264265920245,0.48));
#12690=CARTESIAN_POINT('',(3.5250484710553,-3.30264265920245,0.48));
#12691=CARTESIAN_POINT('',(3.79784599810322,-3.30264265920245,0.48));
#12692=CARTESIAN_POINT('',(2.97945341695947,-3.30264265920245,0.48));
#12693=CARTESIAN_POINT('',(3.79784599810322,-3.30264265920245,0.48));
#12694=CARTESIAN_POINT('',(3.79784599810322,-3.30264265920245,0.5));
#12695=CARTESIAN_POINT('',(3.79784599810322,-3.30264265920245,0.5));
#12696=CARTESIAN_POINT('',(2.97945341695947,-3.30264265920245,0.5));
#12697=CARTESIAN_POINT('',(3.25225094400739,-3.30264265920245,0.5));
#12698=CARTESIAN_POINT('',(3.5250484710553,-3.30264265920245,0.5));
#12699=CARTESIAN_POINT('',(3.79784599810322,-3.30264265920245,0.5));
#12700=CARTESIAN_POINT('',(2.97945341695947,-3.30264265920245,0.5));
#12701=CARTESIAN_POINT('',(2.97945341695947,-3.30264265920245,0.5));
#12702=CARTESIAN_POINT('',(3.79784599810322,-3.30264265920245,0.5));
#12703=CARTESIAN_POINT('',(3.79784599810322,-3.30264265920245,0.48));
#12704=CARTESIAN_POINT('',(3.79784599810322,-3.19676939799688,0.48));
#12705=CARTESIAN_POINT('',(3.79784599810322,-3.09089613679132,0.48));
#12706=CARTESIAN_POINT('',(3.79784599810322,-2.98502287558576,0.48));
#12707=CARTESIAN_POINT('',(3.79784599810322,-2.98502287558576,0.48));
#12708=CARTESIAN_POINT('',(3.79784599810322,-2.98502287558576,0.5));
#12709=CARTESIAN_POINT('',(3.79784599810322,-2.98502287558576,0.5));
#12710=CARTESIAN_POINT('',(3.79784599810322,-3.30264265920245,0.5));
#12711=CARTESIAN_POINT('',(3.79784599810322,-3.19676939799688,0.5));
#12712=CARTESIAN_POINT('',(3.79784599810322,-3.09089613679132,0.5));
#12713=CARTESIAN_POINT('',(3.79784599810322,-2.98502287558576,0.5));
#12714=CARTESIAN_POINT('',(3.79784599810322,-2.98502287558576,0.5));
#12715=CARTESIAN_POINT('',(3.79784599810322,-2.98502287558576,0.48));
#12716=CARTESIAN_POINT('',(3.79784599810322,-2.82988076805298,0.5));
#12717=CARTESIAN_POINT('',(3.79784599810322,-2.82988076805298,0.48));
#12718=CARTESIAN_POINT('',(3.69047513386695,-2.56807539628078,0.5));
#12719=CARTESIAN_POINT('',(3.69047513386695,-2.56807539628078,0.48));
#12720=CARTESIAN_POINT('',(3.20025452053468,-2.51950075167285,0.5));
#12721=CARTESIAN_POINT('',(3.20025452053468,-2.51950075167285,0.48));
#12722=CARTESIAN_POINT('',(2.96910787429861,-2.79768854399933,0.5));
#12723=CARTESIAN_POINT('',(2.96910787429861,-2.79768854399933,0.48));
#12724=CARTESIAN_POINT('',(2.98152252549165,-3.09994464744464,0.5));
#12725=CARTESIAN_POINT('',(2.98152252549165,-3.09994464744464,0.48));
#12726=CARTESIAN_POINT('',(2.97945341695947,-3.23362246947553,0.5));
#12727=CARTESIAN_POINT('',(2.97945341695947,-3.23362246947553,0.48));
#12728=CARTESIAN_POINT('',(2.97945341695947,-3.30264265920245,0.5));
#12729=CARTESIAN_POINT('',(2.97945341695947,-3.30264265920245,0.48));
#12730=CARTESIAN_POINT('',(3.79784599810322,-2.98502287558576,0.48));
#12731=CARTESIAN_POINT('',(3.79784599810322,-2.85982967620399,0.48));
#12732=CARTESIAN_POINT('',(3.76307010938606,-2.75782040263367,0.48));
#12733=CARTESIAN_POINT('',(3.6911999393706,-2.67667666229364,0.48));
#12734=CARTESIAN_POINT('',(3.62034897121722,-2.59668363373336,0.48));
#12735=CARTESIAN_POINT('',(3.52427567352825,-2.55380185549302,0.48));
#12736=CARTESIAN_POINT('',(3.29707320057617,-2.55380185549302,0.48));
#12737=CARTESIAN_POINT('',(3.20665588991156,-2.58394095904789,0.48));
#12738=CARTESIAN_POINT('',(3.13246732731496,-2.64190077357648,0.48));
#12739=CARTESIAN_POINT('',(3.03200458609107,-2.72038729015766,0.48));
#12740=CARTESIAN_POINT('',(2.97945341695947,-2.83200896523027,0.48));
#12741=CARTESIAN_POINT('',(2.97945341695947,-2.98270448300461,0.48));
#12742=CARTESIAN_POINT('',(2.97945341695947,-3.08935054173722,0.48));
#12743=CARTESIAN_POINT('',(2.97945341695947,-3.19599660046984,0.48));
#12744=CARTESIAN_POINT('',(2.97945341695947,-3.30264265920245,0.48));
#12745=CARTESIAN_POINT('',(3.79784599810322,-2.98502287558576,0.5));
#12746=CARTESIAN_POINT('',(3.79784599810322,-2.85982967620399,0.5));
#12747=CARTESIAN_POINT('',(3.76307010938606,-2.75782040263367,0.5));
#12748=CARTESIAN_POINT('',(3.6911999393706,-2.67667666229364,0.5));
#12749=CARTESIAN_POINT('',(3.62034897121722,-2.59668363373336,0.5));
#12750=CARTESIAN_POINT('',(3.52427567352825,-2.55380185549302,0.5));
#12751=CARTESIAN_POINT('',(3.29707320057617,-2.55380185549302,0.5));
#12752=CARTESIAN_POINT('',(3.20665588991156,-2.58394095904789,0.5));
#12753=CARTESIAN_POINT('',(3.13246732731496,-2.64190077357648,0.5));
#12754=CARTESIAN_POINT('',(3.03200458609107,-2.72038729015766,0.5));
#12755=CARTESIAN_POINT('',(2.97945341695947,-2.83200896523027,0.5));
#12756=CARTESIAN_POINT('',(2.97945341695947,-2.98270448300461,0.5));
#12757=CARTESIAN_POINT('',(2.97945341695947,-3.08935054173722,0.5));
#12758=CARTESIAN_POINT('',(2.97945341695947,-3.19599660046984,0.5));
#12759=CARTESIAN_POINT('',(2.97945341695947,-3.30264265920245,0.5));
#12760=CARTESIAN_POINT('',(3.97868061943243,-4.32969057264913,0.5));
#12761=CARTESIAN_POINT('',(3.97868061943243,-4.32969057264913,0.48));
#12762=CARTESIAN_POINT('',(3.97868061943243,-4.39924235008344,0.48));
#12763=CARTESIAN_POINT('',(3.97868061943243,-4.46879412751775,0.48));
#12764=CARTESIAN_POINT('',(3.97868061943243,-4.53834590495206,0.48));
#12765=CARTESIAN_POINT('',(3.97868061943243,-4.32969057264913,0.5));
#12766=CARTESIAN_POINT('',(3.97868061943243,-4.39924235008344,0.5));
#12767=CARTESIAN_POINT('',(3.97868061943243,-4.46879412751775,0.5));
#12768=CARTESIAN_POINT('',(3.97868061943243,-4.53834590495206,0.5));
#12769=CARTESIAN_POINT('',(2.75688772916968,-2.99650763392853,0.5));
#12770=CARTESIAN_POINT('',(2.75688772916968,-2.99650763392853,0.48));
#12771=CARTESIAN_POINT('',(5.48099901201357,-2.74159165456567,0.5));
#12772=CARTESIAN_POINT('',(5.48099901201357,-2.74159165456567,0.48));
#12773=CARTESIAN_POINT('',(5.48099901201357,-2.80418825425655,0.48));
#12774=CARTESIAN_POINT('',(5.48099901201357,-2.86678485394743,0.48));
#12775=CARTESIAN_POINT('',(5.48099901201357,-2.92938145363831,0.48));
#12776=CARTESIAN_POINT('',(5.48099901201357,-2.74159165456567,0.48));
#12777=CARTESIAN_POINT('',(5.48099901201357,-2.92938145363831,0.48));
#12778=CARTESIAN_POINT('',(5.48099901201357,-2.92938145363831,0.5));
#12779=CARTESIAN_POINT('',(5.48099901201357,-2.92938145363831,0.5));
#12780=CARTESIAN_POINT('',(5.48099901201357,-2.74159165456567,0.5));
#12781=CARTESIAN_POINT('',(5.48099901201357,-2.80418825425655,0.5));
#12782=CARTESIAN_POINT('',(5.48099901201357,-2.86678485394743,0.5));
#12783=CARTESIAN_POINT('',(5.48099901201357,-2.92938145363831,0.5));
#12784=CARTESIAN_POINT('',(5.48099901201357,-2.74159165456567,0.5));
#12785=CARTESIAN_POINT('',(5.48099901201357,-2.74159165456567,0.5));
#12786=CARTESIAN_POINT('',(5.48099901201357,-2.92938145363831,0.5));
#12787=CARTESIAN_POINT('',(5.48099901201357,-2.92938145363831,0.48));
#12788=CARTESIAN_POINT('',(5.41299282963335,-2.92938145363831,0.48));
#12789=CARTESIAN_POINT('',(5.34498664725314,-2.92938145363831,0.48));
#12790=CARTESIAN_POINT('',(5.27698046487292,-2.92938145363831,0.48));
#12791=CARTESIAN_POINT('',(5.27698046487292,-2.92938145363831,0.48));
#12792=CARTESIAN_POINT('',(5.27698046487292,-2.92938145363831,0.5));
#12793=CARTESIAN_POINT('',(5.27698046487292,-2.92938145363831,0.5));
#12794=CARTESIAN_POINT('',(5.48099901201357,-2.92938145363831,0.5));
#12795=CARTESIAN_POINT('',(5.41299282963335,-2.92938145363831,0.5));
#12796=CARTESIAN_POINT('',(5.34498664725314,-2.92938145363831,0.5));
#12797=CARTESIAN_POINT('',(5.27698046487292,-2.92938145363831,0.5));
#12798=CARTESIAN_POINT('',(5.27698046487292,-2.92938145363831,0.5));
#12799=CARTESIAN_POINT('',(5.27698046487292,-2.92938145363831,0.48));
#12800=CARTESIAN_POINT('',(5.27698046487292,-2.77007595378225,0.5));
#12801=CARTESIAN_POINT('',(5.27698046487292,-2.77007595378225,0.48));
#12802=CARTESIAN_POINT('',(5.20132652322987,-2.60655056368183,0.5));
#12803=CARTESIAN_POINT('',(5.20132652322987,-2.60655056368183,0.48));
#12804=CARTESIAN_POINT('',(4.88000900530157,-2.54961182237947,0.5));
#12805=CARTESIAN_POINT('',(4.88000900530157,-2.54961182237947,0.48));
#12806=CARTESIAN_POINT('',(4.74081498909138,-2.55843864065531,0.5));
#12807=CARTESIAN_POINT('',(4.74081498909138,-2.55843864065531,0.48));
#12808=CARTESIAN_POINT('',(4.67188000119441,-2.55843864065531,0.5));
#12809=CARTESIAN_POINT('',(4.67188000119441,-2.55843864065531,0.48));
#12810=CARTESIAN_POINT('',(5.27698046487292,-2.92938145363831,0.48));
#12811=CARTESIAN_POINT('',(5.27698046487292,-2.68131344745593,0.48));
#12812=CARTESIAN_POINT('',(5.13555851742315,-2.55843864065531,0.48));
#12813=CARTESIAN_POINT('',(4.85503301510476,-2.55843864065531,0.48));
#12814=CARTESIAN_POINT('',(4.79398201046798,-2.55843864065531,0.48));
#12815=CARTESIAN_POINT('',(4.73293100583119,-2.55843864065531,0.48));
#12816=CARTESIAN_POINT('',(4.67188000119441,-2.55843864065531,0.48));
#12817=CARTESIAN_POINT('',(4.67188000119441,-2.55843864065531,0.48));
#12818=CARTESIAN_POINT('',(4.67188000119441,-2.55843864065531,0.5));
#12819=CARTESIAN_POINT('',(4.67188000119441,-2.55843864065531,0.5));
#12820=CARTESIAN_POINT('',(5.27698046487292,-2.92938145363831,0.5));
#12821=CARTESIAN_POINT('',(5.27698046487292,-2.68131344745593,0.5));
#12822=CARTESIAN_POINT('',(5.13555851742315,-2.55843864065531,0.5));
#12823=CARTESIAN_POINT('',(4.85503301510476,-2.55843864065531,0.5));
#12824=CARTESIAN_POINT('',(4.79398201046798,-2.55843864065531,0.5));
#12825=CARTESIAN_POINT('',(4.73293100583119,-2.55843864065531,0.5));
#12826=CARTESIAN_POINT('',(4.67188000119441,-2.55843864065531,0.5));
#12827=CARTESIAN_POINT('',(4.67188000119441,-2.55843864065531,0.5));
#12828=CARTESIAN_POINT('',(4.67188000119441,-2.55843864065531,0.48));
#12829=CARTESIAN_POINT('',(4.67188000119441,-3.21840772875423,0.48));
#12830=CARTESIAN_POINT('',(4.67188000119441,-3.87837681685315,0.48));
#12831=CARTESIAN_POINT('',(4.67188000119441,-4.53834590495206,0.48));
#12832=CARTESIAN_POINT('',(4.67188000119441,-4.53834590495206,0.48));
#12833=CARTESIAN_POINT('',(4.67188000119441,-4.53834590495206,0.5));
#12834=CARTESIAN_POINT('',(4.67188000119441,-4.53834590495206,0.5));
#12835=CARTESIAN_POINT('',(4.67188000119441,-2.55843864065531,0.5));
#12836=CARTESIAN_POINT('',(4.67188000119441,-3.21840772875423,0.5));
#12837=CARTESIAN_POINT('',(4.67188000119441,-3.87837681685315,0.5));
#12838=CARTESIAN_POINT('',(4.67188000119441,-4.53834590495206,0.5));
#12839=CARTESIAN_POINT('',(4.67188000119441,-4.53834590495206,0.5));
#12840=CARTESIAN_POINT('',(4.67188000119441,-4.53834590495206,0.48));
#12841=CARTESIAN_POINT('',(4.5992370336519,-4.53834590495206,0.48));
#12842=CARTESIAN_POINT('',(4.5265940661094,-4.53834590495206,0.48));
#12843=CARTESIAN_POINT('',(4.4539510985669,-4.53834590495206,0.48));
#12844=CARTESIAN_POINT('',(4.4539510985669,-4.53834590495206,0.48));
#12845=CARTESIAN_POINT('',(4.4539510985669,-4.53834590495206,0.5));
#12846=CARTESIAN_POINT('',(4.4539510985669,-4.53834590495206,0.5));
#12847=CARTESIAN_POINT('',(4.67188000119441,-4.53834590495206,0.5));
#12848=CARTESIAN_POINT('',(4.5992370336519,-4.53834590495206,0.5));
#12849=CARTESIAN_POINT('',(4.5265940661094,-4.53834590495206,0.5));
#12850=CARTESIAN_POINT('',(4.4539510985669,-4.53834590495206,0.5));
#12851=CARTESIAN_POINT('',(4.4539510985669,-4.53834590495206,0.5));
#12852=CARTESIAN_POINT('',(4.4539510985669,-4.53834590495206,0.48));
#12853=CARTESIAN_POINT('',(4.4539510985669,-3.81037063447293,0.48));
#12854=CARTESIAN_POINT('',(4.4539510985669,-3.0823953639938,0.48));
#12855=CARTESIAN_POINT('',(4.4539510985669,-2.35442009351466,0.48));
#12856=CARTESIAN_POINT('',(4.4539510985669,-2.35442009351466,0.48));
#12857=CARTESIAN_POINT('',(4.4539510985669,-2.35442009351466,0.5));
#12858=CARTESIAN_POINT('',(4.4539510985669,-2.35442009351466,0.5));
#12859=CARTESIAN_POINT('',(4.4539510985669,-4.53834590495206,0.5));
#12860=CARTESIAN_POINT('',(4.4539510985669,-3.81037063447293,0.5));
#12861=CARTESIAN_POINT('',(4.4539510985669,-3.0823953639938,0.5));
#12862=CARTESIAN_POINT('',(4.4539510985669,-2.35442009351466,0.5));
#12863=CARTESIAN_POINT('',(4.4539510985669,-2.35442009351466,0.5));
#12864=CARTESIAN_POINT('',(4.4539510985669,-2.35442009351466,0.48));
#12865=CARTESIAN_POINT('',(4.55437678345565,-2.35442009351466,0.5));
#12866=CARTESIAN_POINT('',(4.55437678345565,-2.35442009351466,0.48));
#12867=CARTESIAN_POINT('',(4.7347568645844,-2.34821503423617,0.5));
#12868=CARTESIAN_POINT('',(4.7347568645844,-2.34821503423617,0.48));
#12869=CARTESIAN_POINT('',(5.1281547181701,-2.37613780098937,0.5));
#12870=CARTESIAN_POINT('',(5.1281547181701,-2.37613780098937,0.48));
#12871=CARTESIAN_POINT('',(5.33692878442138,-2.45693747932342,0.5));
#12872=CARTESIAN_POINT('',(5.33692878442138,-2.45693747932342,0.48));
#12873=CARTESIAN_POINT('',(5.45644204958848,-2.62773664695842,0.5));
#12874=CARTESIAN_POINT('',(5.45644204958848,-2.62773664695842,0.48));
#12875=CARTESIAN_POINT('',(5.48099901201357,-2.74159165456567,0.5));
#12876=CARTESIAN_POINT('',(5.48099901201357,-2.74159165456567,0.48));
#12877=CARTESIAN_POINT('',(4.4539510985669,-2.35442009351466,0.48));
#12878=CARTESIAN_POINT('',(4.56059715729951,-2.35442009351466,0.48));
#12879=CARTESIAN_POINT('',(4.66724321603212,-2.35442009351466,0.48));
#12880=CARTESIAN_POINT('',(4.77388927476473,-2.35442009351466,0.48));
#12881=CARTESIAN_POINT('',(5.0265940661094,-2.35442009351466,0.48));
#12882=CARTESIAN_POINT('',(5.20974708001975,-2.39615115997525,0.48));
#12883=CARTESIAN_POINT('',(5.3233483164958,-2.47961329289642,0.48));
#12884=CARTESIAN_POINT('',(5.40219623989248,-2.53754237947357,0.48));
#12885=CARTESIAN_POINT('',(5.45549669362099,-2.62335363292733,0.48));
#12886=CARTESIAN_POINT('',(5.48099901201357,-2.74159165456567,0.48));
#12887=CARTESIAN_POINT('',(4.4539510985669,-2.35442009351466,0.5));
#12888=CARTESIAN_POINT('',(4.56059715729951,-2.35442009351466,0.5));
#12889=CARTESIAN_POINT('',(4.66724321603212,-2.35442009351466,0.5));
#12890=CARTESIAN_POINT('',(4.77388927476473,-2.35442009351466,0.5));
#12891=CARTESIAN_POINT('',(5.0265940661094,-2.35442009351466,0.5));
#12892=CARTESIAN_POINT('',(5.20974708001975,-2.39615115997525,0.5));
#12893=CARTESIAN_POINT('',(5.3233483164958,-2.47961329289642,0.5));
#12894=CARTESIAN_POINT('',(5.40219623989248,-2.53754237947357,0.5));
#12895=CARTESIAN_POINT('',(5.45549669362099,-2.62335363292733,0.5));
#12896=CARTESIAN_POINT('',(5.48099901201357,-2.74159165456567,0.5));
#12897=CARTESIAN_POINT('',(5.10262667743633,-2.60574047103665,0.5));
#12898=CARTESIAN_POINT('',(5.10262667743633,-2.60574047103665,0.48));
#12899=MECHANICAL_DESIGN_GEOMETRIC_PRESENTATION_REPRESENTATION('',(#5035,
#5036,#5037,#5038,#5039,#5040,#5041,#5042,#5043,#5044,#5045,#5046,#5047,
#5048,#5049,#5050,#5051,#5052,#5053,#5054,#5055,#5056,#5057,#5058,#5059,
#5060,#5061,#5062,#5063,#5064,#5065,#5066,#5067,#5068,#5069,#5070,#5071,
#5072,#5073,#5074,#5075,#5076,#5077,#5078,#5079,#5080,#5081,#5082,#5083,
#5084,#5085,#5086,#5087,#5088,#5089,#5090,#5091,#5092,#5093,#5094,#5095,
#5096,#5097,#5098,#5099,#5100,#5101,#5102,#5103,#5104,#5105,#5106,#5107,
#5108,#5109,#5110,#5111,#5112,#5113,#5114,#5115,#5116,#5117,#5118,#5119,
#5120,#5121,#5122,#5123,#5124,#5125,#5126,#5127,#5128,#5129,#5130,#5131,
#5132,#5133,#5134,#5135,#5136,#5137,#5138,#5139,#5140,#5141,#5142,#5143,
#5144,#5145,#5146,#5147,#5148,#5149,#5150,#5151,#5152,#5153,#5154,#5155,
#5156,#5157,#5158,#5159,#5160,#5161,#5162,#5163,#5164,#5165,#5166,#5167,
#5168,#5169,#5170,#5171,#5172,#5173,#5174,#5175,#5176,#5177,#5178,#5179,
#5180,#5181,#5182,#5183,#5184,#5185,#5186,#5187,#5188,#5189,#5190,#5191,
#5192,#5193,#5194,#5195,#5196,#5197,#5198,#5199,#5200,#5201,#5202,#5203,
#5204,#5205,#5206,#5207,#5208,#5209,#5210,#5211,#5212,#5213,#5214,#5215,
#5216,#5217,#5218,#5219,#5220,#5221,#5222,#5223,#5224,#5225,#5226,#5227,
#5228,#5229,#5230,#5231,#5232,#5233,#5234,#5235,#5236,#5237,#5238,#5239,
#5240,#5241,#5242,#5243,#5244,#5245,#5246,#5247,#5248,#5249,#5250,#5251,
#5252,#5253,#5254,#5255,#5256,#5257,#5258,#5259,#5260,#5261,#5262,#5263,
#5264,#5265,#5266,#5267,#5268,#5269,#5270,#5271,#5272,#5273,#5274,#5275,
#5276,#5277,#5278,#5279,#5280,#5281,#5282,#5283,#5284,#5285,#5286,#5287,
#5288,#5289,#5290,#5291,#5292,#5293,#5294,#5295,#5296,#5297,#5298,#5299,
#5300,#5301,#5302,#5303,#5304,#5305,#5306,#5307,#5308,#5309,#5310,#5311,
#5312,#5313,#5314,#5315,#5316,#5317,#5318,#5319,#5320,#5321,#5322,#5323,
#5324,#5325,#5326,#5327,#5328,#5329,#5330,#5331,#5332,#5333,#5334,#5335,
#5336,#5337,#5338,#5339,#5340,#5341),#12900);
#12900=(
GEOMETRIC_REPRESENTATION_CONTEXT(3)
GLOBAL_UNCERTAINTY_ASSIGNED_CONTEXT((#12901))
GLOBAL_UNIT_ASSIGNED_CONTEXT((#12904,#12903,#12902))
REPRESENTATION_CONTEXT('Lcd - 1.69in - St7789 - Flat Flush',
'TOP_LEVEL_ASSEMBLY_PART')
);
#12901=UNCERTAINTY_MEASURE_WITH_UNIT(LENGTH_MEASURE(0.005),#12904,
'DISTANCE_ACCURACY_VALUE','Maximum Tolerance applied to model');
#12902=(
NAMED_UNIT(*)
SI_UNIT($,.STERADIAN.)
SOLID_ANGLE_UNIT()
);
#12903=(
NAMED_UNIT(*)
PLANE_ANGLE_UNIT()
SI_UNIT($,.RADIAN.)
);
#12904=(
LENGTH_UNIT()
NAMED_UNIT(*)
SI_UNIT(.MILLI.,.METRE.)
);
#12905=PRODUCT_DEFINITION_SHAPE('','',#12906);
#12906=PRODUCT_DEFINITION('','',#12908,#12907);
#12907=PRODUCT_DEFINITION_CONTEXT('',#12914,'design');
#12908=PRODUCT_DEFINITION_FORMATION_WITH_SPECIFIED_SOURCE('','',#12910,
 .NOT_KNOWN.);
#12909=PRODUCT_RELATED_PRODUCT_CATEGORY('','',(#12910));
#12910=PRODUCT('Lcd - 1.69in - St7789 - Flat Flush',
'Lcd - 1.69in - St7789 - Flat Flush',
'Lcd - 1.69in - St7789 - Flat Flush',(#12912));
#12911=PRODUCT_CATEGORY('','');
#12912=PRODUCT_CONTEXT('',#12914,'mechanical');
#12913=APPLICATION_PROTOCOL_DEFINITION('international standard',
'automotive_design',2010,#12914);
#12914=APPLICATION_CONTEXT(
'core data for automotive mechanical design processes');
ENDSEC;
END-ISO-10303-21;
